1996-12-19T06:33:27.948     74.68   -143.06   -442.02    470.56  -2.65   3.52  -0.05
1996-12-19T06:33:28.281     73.45   -143.04   -439.09    467.61  -2.65   3.52  -0.05
1996-12-19T06:33:28.615     73.02   -142.16   -442.27    470.26  -2.65   3.52  -0.05
1996-12-19T06:33:28.948     74.90   -143.88   -440.07    469.02  -2.65   3.52  -0.05
1996-12-19T06:33:29.281     67.10   -142.56   -440.68    468.00  -2.65   3.52  -0.05
1996-12-19T06:33:29.615     68.36   -141.37   -440.08    467.26  -2.64   3.52  -0.05
1996-12-19T06:33:29.948     67.79   -141.91   -441.68    468.84  -2.64   3.52  -0.05
1996-12-19T06:33:30.281     70.02   -140.53   -441.44    468.54  -2.64   3.52  -0.05
1996-12-19T06:33:30.615     70.65   -142.94   -440.26    468.24  -2.64   3.52  -0.05
1996-12-19T06:33:30.948     69.85   -141.63   -442.50    469.84  -2.64   3.52  -0.05
1996-12-19T06:33:31.281     69.99   -140.58   -438.78    466.04  -2.64   3.52  -0.05
1996-12-19T06:33:31.615     68.17   -142.49   -440.55    468.01  -2.64   3.51  -0.05
1996-12-19T06:33:31.948     70.17   -143.05   -438.74    466.77  -2.64   3.51  -0.05
1996-12-19T06:33:32.281     70.04   -144.87   -437.18    465.85  -2.64   3.51  -0.05
1996-12-19T06:33:32.615     68.35   -144.56   -437.92    466.20  -2.64   3.51  -0.05
1996-12-19T06:33:32.948     67.22   -146.75   -436.96    465.82  -2.63   3.51  -0.05
1996-12-19T06:33:33.281     66.27   -144.98   -437.69    465.81  -2.63   3.51  -0.05
1996-12-19T06:33:33.615     67.41   -144.39   -439.55    467.54  -2.63   3.51  -0.05
1996-12-19T06:33:33.948     70.52   -145.69   -438.82    467.72  -2.63   3.51  -0.05
1996-12-19T06:33:34.281     67.74   -142.84   -439.57    467.13  -2.63   3.51  -0.05
1996-12-19T06:33:34.615     65.68   -145.89   -439.87    468.06  -2.63   3.51  -0.05
1996-12-19T06:33:34.948     67.93   -145.12   -437.64    466.05  -2.63   3.51  -0.05
1996-12-19T06:33:35.281     67.69   -144.03   -440.09    467.98  -2.63   3.51  -0.05
1996-12-19T06:33:35.615     64.96   -144.68   -439.44    467.19  -2.63   3.51  -0.05
1996-12-19T06:33:35.948     66.72   -145.14   -437.34    465.60  -2.63   3.51  -0.05
1996-12-19T06:33:36.281     67.86   -144.45   -437.02    465.25  -2.62   3.51  -0.05
1996-12-19T06:33:36.615     64.83   -146.02   -441.15    469.19  -2.62   3.50  -0.05
1996-12-19T06:33:36.948     69.76   -142.51   -439.44    467.21  -2.62   3.50  -0.05
1996-12-19T06:33:37.281     66.14   -146.33   -439.35    467.77  -2.62   3.50  -0.05
1996-12-19T06:33:37.615     67.12   -141.77   -438.82    466.01  -2.62   3.50  -0.05
1996-12-19T06:33:37.948     67.48   -142.56   -435.74    463.41  -2.62   3.50  -0.05
1996-12-19T06:33:38.281     68.87   -145.77   -437.07    465.85  -2.62   3.50  -0.05
1996-12-19T06:33:38.615     67.00   -146.04   -438.91    467.39  -2.62   3.50  -0.05
1996-12-19T06:33:38.948     65.23   -145.50   -441.00    468.94  -2.62   3.50  -0.05
1996-12-19T06:33:39.281     64.66   -146.76   -436.40    464.94  -2.62   3.50  -0.05
1996-12-19T06:33:39.615     69.13   -146.64   -437.49    466.56  -2.61   3.50  -0.05
1996-12-19T06:33:39.948     66.72   -146.58   -439.32    467.91  -2.61   3.50  -0.05
1996-12-19T06:33:40.281     69.31   -143.15   -437.58    465.59  -2.61   3.50  -0.05
1996-12-19T06:33:40.615     69.16   -143.77   -438.85    466.95  -2.61   3.50  -0.05
1996-12-19T06:33:40.948     67.56   -145.81   -439.32    467.79  -2.61   3.50  -0.05
1996-12-19T06:33:41.281     69.96   -145.33   -439.05    467.74  -2.61   3.50  -0.05
1996-12-19T06:33:41.615     66.73   -146.19   -439.98    468.41  -2.61   3.49  -0.05
1996-12-19T06:33:41.948     71.38   -143.50   -439.32    467.64  -2.61   3.49  -0.05
1996-12-19T06:33:42.281     69.23   -146.57   -439.36    468.31  -2.61   3.49  -0.05
1996-12-19T06:33:42.615     68.11   -143.61   -441.21    468.96  -2.61   3.49  -0.05
1996-12-19T06:33:42.948     70.20   -144.44   -439.38    467.81  -2.60   3.49  -0.05
1996-12-19T06:33:43.281     71.81   -144.88   -441.00    469.71  -2.60   3.49  -0.05
1996-12-19T06:33:43.615     72.08   -142.52   -439.57    467.68  -2.60   3.49  -0.05
1996-12-19T06:33:43.948     66.85   -145.12   -439.69    467.82  -2.60   3.49  -0.05
1996-12-19T06:33:44.281     69.77   -144.04   -439.29    467.54  -2.60   3.49  -0.05
1996-12-19T06:33:44.615     67.39   -144.22   -439.71    467.63  -2.60   3.49  -0.05
1996-12-19T06:33:44.948     68.03   -141.53   -437.93    465.23  -2.60   3.49  -0.05
1996-12-19T06:33:45.281     70.89   -143.73   -439.21    467.54  -2.60   3.49  -0.05
1996-12-19T06:33:45.615     69.99   -143.06   -437.60    465.68  -2.60   3.49  -0.05
1996-12-19T06:33:45.948     68.51   -144.41   -441.81    469.84  -2.60   3.49  -0.05
1996-12-19T06:33:46.281     71.52   -143.02   -441.35    469.43  -2.59   3.49  -0.05
1996-12-19T06:33:46.615     71.31   -143.49   -443.34    471.41  -2.59   3.49  -0.05
1996-12-19T06:33:46.948     68.46   -144.66   -441.31    469.43  -2.59   3.48  -0.05
1996-12-19T06:33:47.281     70.55   -143.53   -437.87    466.16  -2.59   3.48  -0.05
1996-12-19T06:33:47.615     73.07   -142.37   -439.08    467.34  -2.59   3.48  -0.05
1996-12-19T06:33:47.948     70.49   -144.36   -441.60    469.91  -2.59   3.48  -0.05
1996-12-19T06:33:48.281     69.52   -143.74   -440.55    468.59  -2.59   3.48  -0.05
1996-12-19T06:34:57.281     68.30   -141.95   -429.26    457.25  -2.38   3.35  -0.05
1996-12-19T06:34:57.615     66.30   -143.33   -427.90    456.11  -2.38   3.35  -0.05
1996-12-19T06:34:57.948     66.64   -140.19   -430.11    457.26  -2.38   3.35  -0.05
1996-12-19T06:34:58.281     67.58   -142.69   -426.55    454.83  -2.38   3.35  -0.05
1996-12-19T06:34:58.615     68.35   -141.55   -428.28    456.21  -2.38   3.34  -0.05
1996-12-19T06:34:58.948     69.54   -141.05   -428.78    456.71  -2.38   3.34  -0.05
1996-12-19T06:34:59.281     72.06   -140.96   -429.64    457.88  -2.38   3.34  -0.05
1996-12-19T06:34:59.615     71.79   -141.10   -429.64    457.88  -2.38   3.34  -0.05
1996-12-19T06:34:59.948     69.59   -145.71   -430.26    459.56  -2.38   3.34  -0.05
1996-12-19T06:35:00.281     70.15   -143.56   -429.60    458.36  -2.37   3.34  -0.05
1996-12-19T06:35:00.615     71.46   -144.20   -428.84    458.04  -2.37   3.34  -0.05
1996-12-19T06:35:00.948     69.63   -144.43   -428.33    457.36  -2.37   3.34  -0.05
1996-12-19T06:35:01.281     71.30   -144.16   -432.03    461.00  -2.37   3.34  -0.05
1996-12-19T06:35:01.615     74.15   -144.07   -430.93    460.38  -2.37   3.34  -0.05
1996-12-19T06:35:01.948     70.54   -145.32   -429.16    458.56  -2.37   3.34  -0.05
1996-12-19T06:35:02.281     72.08   -144.80   -428.51    458.03  -2.37   3.34  -0.05
1996-12-19T06:35:02.615     71.88   -145.85   -430.76    460.43  -2.37   3.34  -0.05
1996-12-19T06:35:02.948     70.27   -145.76   -431.61    460.95  -2.37   3.34  -0.05
1996-12-19T06:35:03.281     71.33   -144.68   -430.08    459.34  -2.37   3.34  -0.05
1996-12-19T06:35:03.615     72.93   -142.30   -429.91    458.68  -2.36   3.33  -0.05
1996-12-19T06:35:03.948     69.26   -144.61   -430.78    459.65  -2.36   3.33  -0.05
1996-12-19T06:35:04.281     69.77   -146.53   -428.31    458.02  -2.36   3.33  -0.05
1996-12-19T06:35:04.615     68.80   -144.50   -430.55    459.33  -2.36   3.33  -0.05
1996-12-19T06:35:04.948     67.66   -143.20   -431.22    459.39  -2.36   3.33  -0.05
1996-12-19T06:35:05.281     68.58   -143.48   -430.11    458.57  -2.36   3.33  -0.05
1996-12-19T06:35:05.615     69.60   -142.68   -431.19    459.49  -2.36   3.33  -0.05
1996-12-19T06:35:05.948     70.62   -142.46   -426.74    455.40  -2.36   3.33  -0.05
1996-12-19T06:35:06.281     69.26   -142.69   -429.07    457.45  -2.36   3.33  -0.05
1996-12-19T06:35:06.615     69.02   -140.50   -428.85    456.53  -2.36   3.33  -0.05
1996-12-19T06:35:06.948     66.73   -142.00   -430.02    457.75  -2.36   3.33  -0.05
1996-12-19T06:35:07.281     69.03   -142.39   -430.81    458.95  -2.35   3.33  -0.05
1996-12-19T06:35:07.615     68.52   -144.35   -428.10    456.95  -2.35   3.33  -0.05
1996-12-19T06:35:07.948     66.95   -143.53   -428.78    457.09  -2.35   3.33  -0.05
1996-12-19T06:35:08.281     64.06   -141.61   -431.46    458.60  -2.35   3.33  -0.05
1996-12-19T06:35:08.615     65.51   -141.99   -427.24    454.96  -2.35   3.33  -0.05
1996-12-19T06:35:08.948     69.19   -142.12   -430.73    458.82  -2.35   3.32  -0.05
1996-12-19T06:35:09.281     66.46   -139.51   -431.14    458.00  -2.35   3.32  -0.05
1996-12-19T06:35:09.615     65.81   -141.30   -431.72    459.00  -2.35   3.32  -0.05
1996-12-19T06:35:09.948     66.95   -139.09   -431.17    457.97  -2.35   3.32  -0.05
1996-12-19T06:35:10.281     66.62   -137.80   -431.49    457.84  -2.35   3.32  -0.05
1996-12-19T06:35:10.615     64.16   -139.80   -432.43    458.97  -2.34   3.32  -0.05
1996-12-19T06:35:10.948     67.30   -138.61   -431.24    457.94  -2.34   3.32  -0.05
1996-12-19T06:35:11.281     66.46   -137.89   -430.71    457.10  -2.34   3.32  -0.05
1996-12-19T06:35:11.615     65.44   -139.16   -430.94    457.56  -2.34   3.32  -0.05
1996-12-19T06:35:11.948     64.00   -140.48   -431.29    458.08  -2.34   3.32  -0.05
1996-12-19T06:35:12.281     62.59   -141.41   -429.09    456.11  -2.34   3.32  -0.05
1996-12-19T06:35:12.615     62.57   -140.22   -429.62    456.23  -2.34   3.32  -0.05
1996-12-19T06:35:12.948     61.27   -139.70   -428.61    454.94  -2.34   3.32  -0.05
1996-12-19T06:35:13.281     62.71   -142.95   -428.70    456.24  -2.34   3.32  -0.05
1996-12-19T06:35:13.615     66.79   -141.67   -429.89    457.53  -2.34   3.32  -0.05
1996-12-19T06:35:13.948     64.68   -141.30   -428.75    456.04  -2.33   3.31  -0.05
1996-12-19T06:35:14.281     63.47   -142.27   -430.03    457.38  -2.33   3.31  -0.05
1996-12-19T06:35:14.615     62.61   -143.16   -428.51    456.11  -2.33   3.31  -0.05
1996-12-19T06:35:14.948     62.30   -142.82   -428.91    456.34  -2.33   3.31  -0.05
1996-12-19T06:35:15.281     61.55   -141.03   -429.07    455.83  -2.33   3.31  -0.05
1996-12-19T06:35:15.615     63.09   -144.51   -427.38    455.54  -2.33   3.31  -0.05
1996-12-19T06:35:15.948     63.06   -144.22   -431.02    458.86  -2.33   3.31  -0.05
1996-12-19T06:35:16.281     63.27   -139.68   -429.69    456.23  -2.33   3.31  -0.05
1996-12-19T06:35:16.615     64.10   -142.58   -428.73    456.34  -2.33   3.31  -0.05
1996-12-19T06:35:16.948     64.91   -141.82   -430.71    458.08  -2.33   3.31  -0.05
1996-12-19T06:35:17.281     66.33   -142.06   -429.66    457.37  -2.32   3.31  -0.05
1996-12-19T06:35:17.615     67.85   -142.03   -431.44    459.26  -2.32   3.31  -0.05
1996-12-19T06:35:17.948     58.20   -143.37   -429.87    456.87  -2.32   3.31  -0.05
1996-12-19T06:35:18.281     62.76   -142.79   -429.11    456.57  -2.32   3.31  -0.05
1996-12-19T06:35:18.615     64.48   -140.76   -432.44    459.32  -2.32   3.31  -0.05
1996-12-19T06:35:18.948     64.59   -141.63   -430.34    457.63  -2.32   3.30  -0.05
1996-12-19T06:35:19.281     62.91   -141.08   -429.67    456.59  -2.32   3.30  -0.05
1996-12-19T06:35:19.615     65.17   -141.60   -431.55    458.84  -2.32   3.30  -0.05
1996-12-19T06:35:19.948     65.10   -140.52   -430.56    457.57  -2.32   3.30  -0.05
1996-12-19T06:35:20.281     62.94   -141.40   -433.18    460.00  -2.32   3.30  -0.05
1996-12-19T06:35:20.615     65.68   -140.88   -430.30    457.52  -2.31   3.30  -0.05
1996-12-19T06:35:20.948     64.14   -144.41   -431.78    459.79  -2.31   3.30  -0.05
1996-12-19T06:35:21.281     63.30   -140.46   -431.17    457.87  -2.31   3.30  -0.05
1996-12-19T06:35:21.615     65.50   -140.63   -432.40    459.38  -2.31   3.30  -0.05
1996-12-19T06:35:21.948     67.82   -139.91   -431.11    458.30  -2.31   3.30  -0.05
1996-12-19T06:35:22.281     63.92   -139.69   -431.03    457.59  -2.31   3.30  -0.05
1996-12-19T06:35:22.615     62.95   -141.89   -429.35    456.55  -2.31   3.30  -0.05
1996-12-19T06:35:22.948     63.64   -140.59   -431.29    458.07  -2.31   3.30  -0.05
1996-12-19T06:35:23.281     63.11   -142.17   -429.98    457.25  -2.31   3.30  -0.05
1996-12-19T06:35:23.615     66.26   -142.42   -431.11    458.83  -2.31   3.30  -0.05
1996-12-19T06:35:23.948     68.31   -141.99   -429.45    457.45  -2.30   3.30  -0.05
1996-12-19T06:35:24.281     67.42   -140.78   -429.88    457.34  -2.30   3.29  -0.05
1996-12-19T06:35:24.615     64.15   -139.23   -430.80    457.26  -2.30   3.29  -0.05
1996-12-19T06:35:24.948     65.76   -138.55   -428.89    455.48  -2.30   3.29  -0.05
1996-12-19T06:35:25.281     65.22   -140.61   -429.66    456.77  -2.30   3.29  -0.05
1996-12-19T06:35:25.615     67.70   -139.35   -428.87    456.00  -2.30   3.29  -0.05
1996-12-19T06:35:25.948     66.38   -138.22   -429.03    455.61  -2.30   3.29  -0.05
1996-12-19T06:35:26.281     67.19   -141.67   -429.29    457.03  -2.30   3.29  -0.05
1996-12-19T06:35:26.615     66.86   -139.94   -431.58    458.61  -2.30   3.29  -0.05
1996-12-19T06:35:26.948     66.10   -138.43   -430.69    457.19  -2.30   3.29  -0.05
1996-12-19T06:35:27.281     67.83   -137.81   -429.75    456.37  -2.29   3.29  -0.05
1996-12-19T06:35:27.615     69.79   -139.39   -430.59    457.94  -2.29   3.29  -0.05
1996-12-19T06:35:27.948     68.17   -139.94   -429.25    456.60  -2.29   3.29  -0.05
1996-12-19T06:35:28.281     66.65   -141.17   -431.31    458.69  -2.29   3.29  -0.05
1996-12-19T06:35:28.615     63.92   -139.82   -430.75    457.36  -2.29   3.29  -0.05
1996-12-19T06:35:28.948     67.70   -134.81   -430.03    455.72  -2.29   3.29  -0.05
1996-12-19T06:35:29.281     66.22   -135.66   -431.32    456.97  -2.29   3.28  -0.05
1996-12-19T06:35:29.615     68.26   -133.78   -429.67    455.16  -2.29   3.28  -0.05
1996-12-19T06:35:29.948     68.91   -136.20   -430.36    456.62  -2.29   3.28  -0.05
1996-12-19T06:35:30.281     66.41   -137.83   -431.40    457.73  -2.29   3.28  -0.05
1996-12-19T06:35:30.615     64.15   -141.62   -428.60    455.93  -2.28   3.28  -0.05
1996-12-19T06:35:30.948     65.27   -139.28   -427.73    454.55  -2.28   3.28  -0.05
1996-12-19T06:35:31.281     66.36   -139.77   -427.63    454.76  -2.28   3.28  -0.05
1996-12-19T06:35:31.615     64.65   -141.10   -428.25    455.50  -2.28   3.28  -0.05
1996-12-19T06:35:31.948     65.27   -139.41   -428.05    454.89  -2.28   3.28  -0.05
1996-12-19T06:35:32.281     68.70   -141.83   -425.23    453.49  -2.28   3.28  -0.05
1996-12-19T06:35:32.615     67.01   -142.71   -426.98    455.15  -2.28   3.28  -0.05
1996-12-19T06:35:32.948     65.12   -143.57   -424.97    453.27  -2.28   3.28  -0.05
1996-12-19T06:35:33.281     64.17   -142.67   -425.93    453.76  -2.28   3.28  -0.05
1996-12-19T06:35:33.615     62.41   -141.40   -426.75    453.88  -2.28   3.28  -0.05
1996-12-19T06:35:33.948     62.41   -142.86   -426.76    454.34  -2.27   3.28  -0.05
1996-12-19T06:35:34.281     62.07   -143.40   -426.67    454.38  -2.27   3.27  -0.05
1996-12-19T06:35:34.615     61.81   -142.63   -426.44    453.89  -2.27   3.27  -0.05
1996-12-19T06:35:34.948     63.14   -143.38   -426.14    454.03  -2.27   3.27  -0.05
1996-12-19T06:35:35.281     64.01   -142.99   -427.06    454.89  -2.27   3.27  -0.05
1996-12-19T06:35:35.615     64.28   -140.25   -426.65    453.69  -2.27   3.27  -0.05
1996-12-19T06:35:35.948     65.82   -143.22   -428.41    456.49  -2.27   3.27  -0.05
1996-12-19T06:35:36.281     66.19   -140.62   -426.87    454.28  -2.27   3.27  -0.05
1996-12-19T06:35:36.615     64.82   -141.57   -428.52    455.93  -2.27   3.27  -0.05
1996-12-19T06:35:36.948     59.68   -139.99   -427.26    453.55  -2.27   3.27  -0.05
1996-12-19T06:35:37.281     59.92   -136.61   -427.93    453.19  -2.26   3.27  -0.05
1996-12-19T06:35:37.615     58.75   -138.14   -432.00    457.34  -2.26   3.27  -0.05
1996-12-19T06:35:37.948     59.18   -136.50   -434.33    459.11  -2.26   3.27  -0.05
1996-12-19T06:35:38.281     62.52   -139.07   -428.24    454.57  -2.26   3.27  -0.05
1996-12-19T06:35:38.615     58.98   -139.20   -430.62    456.38  -2.26   3.27  -0.05
1996-12-19T06:35:38.948     59.31   -137.69   -430.72    456.07  -2.26   3.27  -0.05
1996-12-19T06:35:39.281     60.91   -139.16   -431.49    457.45  -2.26   3.27  -0.05
1996-12-19T06:35:39.615     58.68   -137.55   -433.17    458.26  -2.26   3.26  -0.05
1996-12-19T06:35:39.948     60.25   -141.01   -432.63    459.00  -2.26   3.26  -0.05
1996-12-19T06:35:40.281     63.24   -142.01   -432.47    459.56  -2.26   3.26  -0.05
1996-12-19T06:35:40.615     65.56   -142.80   -431.56    459.28  -2.25   3.26  -0.05
1996-12-19T06:35:40.948     66.12   -143.50   -428.41    456.62  -2.25   3.26  -0.05
1996-12-19T06:35:41.281     64.65   -146.77   -430.52    459.42  -2.25   3.26  -0.05
1996-12-19T06:35:41.615     63.53   -143.74   -431.26    459.00  -2.25   3.26  -0.05
1996-12-19T06:35:41.948     64.13   -146.92   -429.91    458.83  -2.25   3.26  -0.05
1996-12-19T06:35:42.281     66.93   -144.26   -433.29    461.55  -2.25   3.26  -0.05
1996-12-19T06:35:42.615     66.03   -143.15   -431.84    459.72  -2.25   3.26  -0.05
1996-12-19T06:35:42.948     66.57   -146.91   -432.63    461.72  -2.25   3.26  -0.05
1996-12-19T06:35:43.281     65.35   -144.43   -432.43    460.57  -2.25   3.26  -0.05
1996-12-19T06:35:43.615     66.46   -146.35   -434.03    462.83  -2.25   3.26  -0.05
1996-12-19T06:35:43.948     72.29   -151.69   -430.57    462.20  -2.25   3.26  -0.05
1996-12-19T06:35:44.281     71.84   -153.19   -427.80    460.04  -2.24   3.26  -0.05
1996-12-19T06:35:44.615     71.65   -153.38   -430.26    462.37  -2.24   3.25  -0.05
1996-12-19T06:35:44.948     71.48   -153.21   -431.00    462.97  -2.24   3.25  -0.05
1996-12-19T06:35:45.281     71.19   -153.49   -433.00    464.88  -2.24   3.25  -0.05
1996-12-19T06:35:45.615     67.93   -151.78   -431.27    462.22  -2.24   3.25  -0.05
1996-12-19T06:35:45.948     68.24   -152.59   -434.06    465.13  -2.24   3.25  -0.05
1996-12-19T06:35:46.281     69.67   -151.47   -431.40    462.50  -2.24   3.25  -0.05
1996-12-19T06:35:46.615     72.00   -152.94   -431.59    463.51  -2.24   3.25  -0.05
1996-12-19T06:35:46.948     71.52   -157.95   -430.22    463.85  -2.24   3.25  -0.05
1996-12-19T06:35:47.281     68.40   -151.93   -434.34    465.21  -2.24   3.25  -0.05
1996-12-19T06:35:47.615     70.01   -149.73   -432.09    462.62  -2.23   3.25  -0.05
1996-12-19T06:35:47.948     69.98   -149.84   -433.14    463.64  -2.23   3.25  -0.05
1996-12-19T06:35:48.281     66.98   -147.37   -435.77    464.87  -2.23   3.25  -0.05
1996-12-19T06:35:48.615     68.38   -148.49   -435.69    465.35  -2.23   3.25  -0.05
1996-12-19T06:35:48.948     70.21   -149.11   -435.21    465.38  -2.23   3.25  -0.05
1996-12-19T06:35:49.281     67.60   -150.56   -434.72    464.99  -2.23   3.25  -0.05
1996-12-19T06:35:49.615     70.01   -151.26   -434.05    464.96  -2.23   3.25  -0.05
1996-12-19T06:35:49.948     70.76   -154.03   -433.67    465.62  -2.23   3.24  -0.05
1996-12-19T06:35:50.281     72.08   -152.66   -434.10    465.77  -2.23   3.24  -0.05
1996-12-19T06:35:50.615     71.64   -152.33   -433.06    464.62  -2.23   3.24  -0.05
1996-12-19T06:35:50.948     71.28   -150.99   -433.15    464.22  -2.22   3.24  -0.05
1996-12-19T06:35:51.281     70.26   -154.53   -432.90    465.00  -2.22   3.24  -0.05
1996-12-19T06:35:51.615     68.30   -153.64   -435.61    466.93  -2.22   3.24  -0.05
1996-12-19T06:35:51.948     66.54   -152.24   -435.70    466.30  -2.22   3.24  -0.05
1996-12-19T06:35:52.281     70.66   -150.57   -433.95    464.73  -2.22   3.24  -0.05
1996-12-19T06:35:52.615     68.39   -149.52   -436.30    466.25  -2.22   3.24  -0.05
1996-12-19T06:35:52.948     67.03   -152.03   -436.75    467.29  -2.22   3.24  -0.05
1996-12-19T06:35:53.281     70.48   -150.69   -436.89    467.49  -2.22   3.24  -0.05
1996-12-19T06:35:53.615     64.79   -150.75   -436.05    465.90  -2.22   3.24  -0.05
1996-12-19T06:35:53.948     70.39   -150.01   -438.45    468.72  -2.22   3.24  -0.05
1996-12-19T06:35:54.281     67.05   -150.72   -436.32    466.46  -2.21   3.24  -0.05
1996-12-19T06:35:54.615     67.30   -150.00   -435.33    465.34  -2.21   3.24  -0.05
1996-12-19T06:35:54.948     66.37   -149.84   -434.33    464.22  -2.21   3.23  -0.05
1996-12-19T06:35:55.281     67.78   -149.32   -431.74    461.83  -2.21   3.23  -0.05
1996-12-19T06:35:55.615     70.13   -150.67   -434.15    464.87  -2.21   3.23  -0.05
1996-12-19T06:35:55.948     71.36   -150.09   -435.11    465.77  -2.21   3.23  -0.05
1996-12-19T06:35:56.281     66.82   -150.12   -434.74    464.76  -2.21   3.23  -0.05
1996-12-19T06:35:56.615     65.39   -149.81   -437.07    466.63  -2.21   3.23  -0.05
1996-12-19T06:35:56.948     68.62   -150.56   -436.62    466.92  -2.21   3.23  -0.05
1996-12-19T06:35:57.281     68.40   -153.56   -435.50    466.82  -2.21   3.23  -0.05
1996-12-19T06:35:57.615     67.73   -152.19   -436.14    466.87  -2.20   3.23  -0.05
1996-12-19T06:35:57.948     71.15   -152.15   -431.07    462.63  -2.20   3.23  -0.05
1996-12-19T06:35:58.281     68.26   -152.03   -431.00    462.10  -2.20   3.23  -0.05
1996-12-19T06:35:58.615     67.65   -148.56   -434.70    464.33  -2.20   3.23  -0.05
1996-12-19T06:35:58.948     68.72   -147.72   -436.70    466.10  -2.20   3.23  -0.05
1996-12-19T06:35:59.281     69.75   -149.05   -435.16    465.23  -2.20   3.23  -0.05
1996-12-19T06:35:59.615     67.61   -148.40   -436.16    465.65  -2.20   3.23  -0.05
1996-12-19T06:35:59.948     65.84   -147.75   -436.01    465.05  -2.20   3.22  -0.05
1996-12-19T06:36:00.281     67.34   -146.31   -434.93    463.80  -2.20   3.22  -0.05
1996-12-19T06:36:00.615     64.66   -147.91   -431.93    461.11  -2.20   3.22  -0.05
1996-12-19T06:36:00.948     66.84   -148.25   -436.06    465.40  -2.19   3.22  -0.05
1996-12-19T06:36:01.281     67.21   -149.34   -434.75    464.58  -2.19   3.22  -0.05
1996-12-19T06:36:01.615     67.78   -146.12   -431.82    460.88  -2.19   3.22  -0.05
1996-12-19T06:36:01.948     65.39   -145.73   -434.58    463.00  -2.19   3.22  -0.05
1996-12-19T06:36:02.281     66.92   -145.91   -436.30    464.90  -2.19   3.22  -0.05
1996-12-19T06:36:02.615     68.08   -146.66   -434.55    463.66  -2.19   3.22  -0.05
1996-12-19T06:36:02.948     69.47   -147.51   -433.08    462.75  -2.19   3.22  -0.05
1996-12-19T06:36:03.281     66.19   -148.93   -434.46    464.02  -2.19   3.22  -0.05
1996-12-19T06:36:03.615     65.63   -148.09   -433.95    463.20  -2.19   3.22  -0.05
1996-12-19T06:36:03.948     67.83   -146.74   -434.46    463.56  -2.19   3.22  -0.05
1996-12-19T06:36:04.281     68.75   -145.02   -436.60    465.16  -2.18   3.22  -0.05
1996-12-19T06:36:04.615     68.48   -145.37   -434.84    463.58  -2.18   3.22  -0.05
1996-12-19T06:36:04.948     66.09   -145.32   -436.95    465.20  -2.18   3.22  -0.05
1996-12-19T06:36:05.281     64.70   -148.27   -434.85    463.97  -2.18   3.21  -0.05
1996-12-19T06:36:05.615     62.71   -148.73   -434.25    463.28  -2.18   3.21  -0.05
1996-12-19T06:36:05.948     65.59   -147.70   -437.12    466.03  -2.18   3.21  -0.05
1996-12-19T06:36:06.281     67.49   -146.60   -434.39    463.40  -2.18   3.21  -0.05
1996-12-19T06:36:06.615     66.50   -146.46   -435.02    463.80  -2.18   3.21  -0.05
1996-12-19T06:36:06.948     66.84   -146.03   -434.66    463.38  -2.18   3.21  -0.05
1996-12-19T06:36:07.281     67.28   -146.86   -434.62    463.67  -2.18   3.21  -0.05
1996-12-19T06:36:07.615     65.03   -146.64   -436.67    465.20  -2.17   3.21  -0.05
1996-12-19T06:36:07.948     63.69   -146.44   -435.47    463.83  -2.17   3.21  -0.05
1996-12-19T06:36:08.281     67.24   -148.40   -435.34    464.83  -2.17   3.21  -0.05
1996-12-19T06:36:08.615     64.90   -147.77   -435.74    464.67  -2.17   3.21  -0.05
1996-12-19T06:36:08.948     67.92   -148.57   -434.94    464.60  -2.17   3.21  -0.05
1996-12-19T06:36:09.281     63.69   -147.47   -435.91    464.56  -2.17   3.21  -0.05
1996-12-19T06:36:09.615     65.03   -145.16   -434.39    462.59  -2.17   3.21  -0.05
1996-12-19T06:36:09.948     62.89   -145.78   -433.75    461.89  -2.17   3.21  -0.05
1996-12-19T06:36:10.281     64.26   -148.36   -434.26    463.38  -2.17   3.20  -0.05
1996-12-19T06:36:10.615     67.30   -146.65   -433.88    462.91  -2.17   3.20  -0.05
1996-12-19T06:36:10.948     65.80   -150.42   -432.99    463.07  -2.16   3.20  -0.05
1996-12-19T06:36:11.281     64.21   -148.43   -433.12    462.33  -2.16   3.20  -0.05
1996-12-19T06:36:11.615     63.00   -146.96   -432.38    461.00  -2.16   3.20  -0.05
1996-12-19T06:36:11.948     62.61   -146.21   -434.26    462.47  -2.16   3.20  -0.05
1996-12-19T06:36:12.281     62.21   -146.63   -435.02    463.27  -2.16   3.20  -0.05
1996-12-19T06:36:12.615     61.81   -147.86   -434.41    463.03  -2.16   3.20  -0.05
1996-12-19T06:36:12.948     68.80   -148.83   -435.23    465.08  -2.16   3.20  -0.05
1996-12-19T06:36:13.281     64.42   -147.28   -435.42    464.15  -2.16   3.20  -0.05
1996-12-19T06:36:13.615     65.63   -149.03   -433.70    463.27  -2.16   3.20  -0.05
1996-12-19T06:36:13.948     66.08   -148.26   -433.72    463.10  -2.16   3.20  -0.05
1996-12-19T06:36:14.281     67.37   -147.74   -434.15    463.52  -2.15   3.20  -0.05
1996-12-19T06:36:14.615     68.44   -149.88   -434.50    464.69  -2.15   3.20  -0.05
1996-12-19T06:36:14.948     66.25   -147.73   -435.43    464.56  -2.15   3.20  -0.05
1996-12-19T06:36:15.281     65.59   -148.92   -434.48    463.96  -2.15   3.19  -0.05
1996-12-19T06:36:15.615     67.95   -148.95   -433.92    463.78  -2.15   3.19  -0.05
1996-12-19T06:36:15.948     66.00   -150.20   -436.67    466.47  -2.15   3.19  -0.05
1996-12-19T06:36:16.281     66.44   -151.73   -435.48    465.92  -2.15   3.19  -0.05
1996-12-19T06:36:16.615     66.73   -147.82   -435.18    464.42  -2.15   3.19  -0.05
1996-12-19T06:36:16.948     65.77   -151.32   -431.89    462.34  -2.15   3.19  -0.05
1996-12-19T06:36:17.281     65.69   -149.87   -430.41    460.47  -2.15   3.19  -0.05
1996-12-19T06:36:17.615     67.40   -149.49   -431.10    461.23  -2.14   3.19  -0.05
1996-12-19T06:36:17.948     68.49   -148.81   -435.40    465.20  -2.14   3.19  -0.05
1996-12-19T06:36:18.281     67.08   -146.40   -437.13    465.85  -2.14   3.19  -0.05
1996-12-19T06:36:18.615     68.17   -150.57   -433.89    464.30  -2.14   3.19  -0.05
1996-12-19T06:36:18.948     70.63   -150.49   -432.33    463.19  -2.14   3.19  -0.05
1996-12-19T06:36:19.281     65.36   -150.92   -434.07    464.19  -2.14   3.19  -0.05
1996-12-19T06:36:19.615     63.70   -150.29   -432.37    462.16  -2.14   3.19  -0.05
1996-12-19T06:36:19.948     67.00   -149.09   -434.92    464.62  -2.14   3.19  -0.05
1996-12-19T06:36:20.281     65.73   -151.94   -434.14    464.64  -2.14   3.19  -0.05
1996-12-19T06:36:20.615     69.64   -149.06   -434.93    465.01  -2.14   3.18  -0.05
1996-12-19T06:36:20.948     69.54   -148.01   -435.18    464.89  -2.14   3.18  -0.05
1996-12-19T06:36:21.281     69.53   -149.11   -433.29    463.48  -2.13   3.18  -0.05
1996-12-19T06:36:21.615     68.31   -147.38   -435.67    464.97  -2.13   3.18  -0.05
1996-12-19T06:36:21.948     65.52   -146.06   -432.49    461.17  -2.13   3.18  -0.05
1996-12-19T06:36:22.281     66.75   -149.14   -434.45    464.16  -2.13   3.18  -0.05
1996-12-19T06:36:22.615     69.47   -144.17   -433.85    462.43  -2.13   3.18  -0.05
1996-12-19T06:36:22.948     68.74   -149.33   -433.14    463.29  -2.13   3.18  -0.05
1996-12-19T06:36:23.281     66.27   -147.01   -432.80    461.87  -2.13   3.18  -0.05
1996-12-19T06:36:23.615     67.86   -148.96   -431.54    461.54  -2.13   3.18  -0.05
1996-12-19T06:36:23.948     64.07   -152.84   -433.68    464.27  -2.13   3.18  -0.05
1996-12-19T06:36:24.281     66.62   -151.95   -431.84    462.62  -2.13   3.18  -0.05
1996-12-19T06:36:24.615     64.67   -152.65   -431.12    461.90  -2.12   3.18  -0.05
1996-12-19T06:36:24.948     65.94   -150.74   -434.95    465.03  -2.12   3.18  -0.05
1996-12-19T06:36:25.281     67.87   -148.51   -436.39    465.93  -2.12   3.18  -0.05
1996-12-19T06:36:25.615     65.47   -151.27   -431.54    461.95  -2.12   3.17  -0.05
1996-12-19T06:36:25.948     66.63   -151.16   -437.89    468.02  -2.12   3.17  -0.05
1996-12-19T06:36:26.281     67.43   -148.61   -433.97    463.64  -2.12   3.17  -0.05
1996-12-19T06:36:26.615     65.75   -152.76   -434.52    465.26  -2.12   3.17  -0.05
1996-12-19T06:36:26.948     63.23   -154.80   -435.17    466.19  -2.12   3.17  -0.05
1996-12-19T06:36:27.281     65.25   -152.96   -434.83    465.55  -2.12   3.17  -0.05
1996-12-19T06:36:27.615     64.57   -149.48   -434.52    464.03  -2.12   3.17  -0.05
1996-12-19T06:36:27.948     66.62   -150.63   -433.06    463.33  -2.11   3.17  -0.05
1996-12-19T06:36:28.281     66.82   -152.21   -433.21    464.01  -2.11   3.17  -0.05
1996-12-19T06:36:28.615     65.29   -151.18   -434.50    464.66  -2.11   3.17  -0.05
1996-12-19T06:36:28.948     61.94   -150.27   -432.99    462.49  -2.11   3.17  -0.05
1996-12-19T06:36:29.281     61.60   -151.47   -433.85    463.64  -2.11   3.17  -0.05
1996-12-19T06:36:29.615     64.96   -152.21   -435.63    466.01  -2.11   3.17  -0.05
1996-12-19T06:36:29.948     65.84   -150.74   -431.57    461.85  -2.11   3.17  -0.05
1996-12-19T06:36:30.281     64.61   -150.79   -430.85    461.03  -2.11   3.17  -0.05
1996-12-19T06:36:30.615     63.53   -150.50   -432.42    462.25  -2.11   3.16  -0.05
1996-12-19T06:36:30.948     63.29   -153.62   -433.66    464.40  -2.11   3.16  -0.05
1996-12-19T06:36:31.281     63.13   -151.76   -433.07    463.21  -2.10   3.16  -0.05
1996-12-19T06:36:31.615     63.03   -154.40   -432.25    463.31  -2.10   3.16  -0.05
1996-12-19T06:36:31.948     63.69   -154.12   -433.20    464.19  -2.10   3.16  -0.05
1996-12-19T06:36:32.281     63.42   -152.62   -434.12    464.52  -2.10   3.16  -0.05
1996-12-19T06:36:32.615     64.60   -153.66   -431.03    462.14  -2.10   3.16  -0.05
1996-12-19T06:36:32.948     66.17   -153.08   -430.70    461.86  -2.10   3.16  -0.05
1996-12-19T06:36:33.281     66.81   -148.91   -429.33    459.30  -2.10   3.16  -0.05
1996-12-19T06:36:33.615     63.87   -151.33   -428.38    458.79  -2.10   3.16  -0.05
1996-12-19T06:36:33.948     63.51   -148.42   -430.76    460.02  -2.10   3.16  -0.05
1996-12-19T06:36:34.281     62.26   -149.61   -431.24    460.68  -2.10   3.16  -0.05
1996-12-19T06:36:34.615     64.33   -148.14   -429.29    458.66  -2.09   3.16  -0.05
1996-12-19T06:36:34.948     65.48   -149.23   -430.70    460.50  -2.09   3.16  -0.05
1996-12-19T06:36:35.281     67.37   -148.43   -432.96    462.63  -2.09   3.16  -0.05
1996-12-19T06:36:35.615     66.81   -147.59   -432.62    461.96  -2.09   3.16  -0.05
1996-12-19T06:36:35.948     69.63   -147.68   -433.08    462.84  -2.09   3.15  -0.05
1996-12-19T06:36:36.281     66.99   -146.41   -431.53    460.59  -2.09   3.15  -0.05
1996-12-19T06:36:36.615     66.77   -144.46   -430.94    459.39  -2.09   3.15  -0.05
1996-12-19T06:36:36.948     68.64   -149.01   -431.19    461.34  -2.09   3.15  -0.05
1996-12-19T06:36:37.281     65.96   -147.91   -433.13    462.42  -2.09   3.15  -0.05
1996-12-19T06:36:37.615     66.70   -144.27   -433.91    462.11  -2.09   3.15  -0.05
1996-12-19T06:36:37.948     69.83   -147.04   -431.31    461.00  -2.08   3.15  -0.05
1996-12-19T06:36:38.281     65.13   -145.77   -431.64    460.22  -2.08   3.15  -0.05
1996-12-19T06:36:38.615     61.23   -148.53   -431.76    460.68  -2.08   3.15  -0.05
1996-12-19T06:36:38.948     66.83   -148.61   -432.27    461.97  -2.08   3.15  -0.05
1996-12-19T06:36:39.281     67.18   -145.13   -431.88    460.54  -2.08   3.15  -0.05
1996-12-19T06:36:39.615     66.81   -144.72   -428.10    456.81  -2.08   3.15  -0.05
1996-12-19T06:36:39.948     64.32   -148.51   -430.67    460.08  -2.08   3.15  -0.05
1996-12-19T06:36:40.281     66.02   -147.80   -430.15    459.60  -2.08   3.15  -0.05
1996-12-19T06:36:40.615     66.36   -149.16   -430.30    460.23  -2.08   3.15  -0.05
1996-12-19T06:36:40.948     65.90   -148.71   -429.22    459.01  -2.08   3.14  -0.05
1996-12-19T06:36:41.281     65.69   -148.37   -428.54    458.23  -2.07   3.14  -0.05
1996-12-19T06:36:41.615     68.69   -146.84   -429.68    459.25  -2.07   3.14  -0.05
1996-12-19T06:36:41.948     69.48   -146.70   -428.98    458.66  -2.07   3.14  -0.05
1996-12-19T06:36:42.281     66.25   -148.05   -429.82    459.40  -2.07   3.14  -0.05
1996-12-19T06:36:42.615     68.10   -148.03   -430.43    460.24  -2.07   3.14  -0.05
1996-12-19T06:36:42.948     67.32   -146.30   -430.82    459.94  -2.07   3.14  -0.05
1996-12-19T06:36:43.281     65.47   -148.99   -430.44    460.18  -2.07   3.14  -0.05
1996-12-19T06:36:43.615     63.92   -148.84   -430.17    459.66  -2.07   3.14  -0.05
1996-12-19T06:36:43.948     63.64   -151.02   -431.36    461.44  -2.07   3.14  -0.05
1996-12-19T06:36:44.281     67.57   -148.98   -431.38    461.35  -2.07   3.14  -0.05
1996-12-19T06:36:44.615     64.09   -146.12   -431.10    459.68  -2.06   3.14  -0.05
1996-12-19T06:36:44.948     68.35   -147.52   -432.52    462.07  -2.06   3.14  -0.05
1996-12-19T06:36:45.281     67.65   -147.05   -433.99    463.19  -2.06   3.14  -0.05
1996-12-19T06:36:45.615     68.37   -147.40   -431.63    461.20  -2.06   3.14  -0.05
1996-12-19T06:36:45.948     70.09   -146.86   -432.52    462.12  -2.06   3.13  -0.05
1996-12-19T06:36:46.281     67.75   -149.75   -434.52    464.57  -2.06   3.13  -0.05
1996-12-19T06:36:46.615     66.07   -146.46   -433.05    461.90  -2.06   3.13  -0.05
1996-12-19T06:36:46.948     67.73   -148.34   -432.46    462.18  -2.06   3.13  -0.05
1996-12-19T06:36:47.281     66.13   -147.66   -431.69    461.01  -2.06   3.13  -0.05
1996-12-19T06:36:47.615     64.70   -147.26   -432.79    461.72  -2.06   3.13  -0.05
1996-12-19T06:36:47.948     67.94   -146.22   -432.80    461.86  -2.05   3.13  -0.05
1996-12-19T06:36:48.281     68.89   -145.40   -430.74    459.81  -2.05   3.13  -0.05
1996-12-19T06:36:48.615     66.91   -147.77   -432.32    461.75  -2.05   3.13  -0.05
1996-12-19T06:36:48.948     65.35   -147.28   -430.02    459.22  -2.05   3.13  -0.05
1996-12-19T06:36:49.281     64.26   -144.97   -429.35    457.69  -2.05   3.13  -0.05
1996-12-19T06:36:49.615     65.06   -146.10   -426.79    455.77  -2.05   3.13  -0.05
1996-12-19T06:36:49.948     63.96   -147.60   -430.39    459.47  -2.05   3.13  -0.05
1996-12-19T06:36:50.281     67.57   -146.99   -429.94    459.37  -2.05   3.13  -0.05
1996-12-19T06:36:50.615     65.16   -146.08   -432.88    461.49  -2.05   3.13  -0.05
1996-12-19T06:36:50.948     68.89   -145.41   -431.64    460.65  -2.05   3.13  -0.05
1996-12-19T06:36:51.281     64.32   -145.22   -430.11    458.50  -2.04   3.12  -0.05
1996-12-19T06:36:51.615     65.66   -147.17   -426.96    456.36  -2.04   3.12  -0.05
1996-12-19T06:36:51.948     66.45   -146.21   -430.58    459.56  -2.04   3.12  -0.05
1996-12-19T06:36:52.281     65.43   -147.11   -431.09    460.18  -2.04   3.12  -0.05
1996-12-19T06:36:52.615     67.89   -148.33   -430.25    460.13  -2.04   3.12  -0.05
1996-12-19T06:36:52.948     69.37   -146.40   -430.50    459.98  -2.04   3.12  -0.05
1996-12-19T06:36:53.281     62.31   -146.69   -429.55    458.16  -2.04   3.12  -0.05
1996-12-19T06:36:53.615     65.59   -146.64   -431.22    460.17  -2.04   3.12  -0.05
1996-12-19T06:36:53.948     68.79   -147.52   -430.91    460.62  -2.04   3.12  -0.05
1996-12-19T06:36:54.281     67.01   -146.29   -429.75    458.89  -2.04   3.12  -0.05
1996-12-19T06:36:54.615     67.30   -147.09   -431.40    460.72  -2.03   3.12  -0.05
1996-12-19T06:36:54.948     67.26   -150.34   -431.92    462.26  -2.03   3.12  -0.05
1996-12-19T06:36:55.281     68.83   -147.09   -431.15    460.72  -2.03   3.12  -0.05
1996-12-19T06:36:55.615     67.34   -148.48   -433.68    463.31  -2.03   3.12  -0.05
1996-12-19T06:36:55.948     70.95   -149.60   -433.82    464.34  -2.03   3.12  -0.05
1996-12-19T06:36:56.281     66.39   -151.36   -436.46    466.71  -2.03   3.11  -0.05
1996-12-19T06:36:56.615     68.57   -151.55   -435.63    466.30  -2.03   3.11  -0.05
1996-12-19T06:36:56.948     60.69   -155.86   -433.10    464.28  -2.03   3.11  -0.05
1996-12-19T06:36:57.281     64.56   -155.69   -433.66    465.26  -2.03   3.11  -0.05
1996-12-19T06:36:57.615     66.26   -153.56   -435.52    466.52  -2.03   3.11  -0.05
1996-12-19T06:36:57.948     66.64   -153.37   -436.88    467.79  -2.02   3.11  -0.05
1996-12-19T06:36:58.281     65.55   -150.66   -435.25    465.23  -2.02   3.11  -0.05
1996-12-19T06:36:58.615     65.05   -155.74   -435.04    466.63  -2.02   3.11  -0.05
1996-12-19T06:36:58.948     67.01   -155.11   -434.06    465.79  -2.02   3.11  -0.05
1996-12-19T06:36:59.281     66.90   -155.80   -433.03    465.04  -2.02   3.11  -0.05
1996-12-19T06:36:59.615     69.07   -156.70   -431.63    464.36  -2.02   3.11  -0.05
1996-12-19T06:36:59.948     67.35   -155.15   -431.00    463.00  -2.02   3.11  -0.05
1996-12-19T06:37:00.281     67.51   -157.15   -428.91    461.75  -2.02   3.11  -0.05
1996-12-19T06:37:00.615     67.25   -156.58   -433.39    465.68  -2.02   3.11  -0.05
1996-12-19T06:37:00.948     67.53   -156.58   -433.32    465.66  -2.02   3.11  -0.05
1996-12-19T06:37:01.281     69.16   -154.54   -432.82    464.76  -2.02   3.10  -0.05
1996-12-19T06:37:01.615     68.45   -154.76   -433.50    465.36  -2.01   3.10  -0.05
1996-12-19T06:37:01.948     66.87   -151.30   -434.83    465.23  -2.01   3.10  -0.05
1996-12-19T06:37:02.281     66.46   -151.49   -431.92    462.52  -2.01   3.10  -0.05
1996-12-19T06:37:02.615     70.11   -147.80   -434.34    464.13  -2.01   3.10  -0.05
1996-12-19T06:37:02.948     70.07   -149.13   -433.55    463.80  -2.01   3.10  -0.05
1996-12-19T06:37:03.281     67.27   -150.26   -432.77    463.03  -2.01   3.10  -0.05
1996-12-19T06:37:03.615     65.84   -154.06   -433.73    464.96  -2.01   3.10  -0.05
1996-12-19T06:37:03.948     64.20   -151.05   -432.02    462.14  -2.01   3.10  -0.05
1996-12-19T06:37:04.281     68.03   -150.57   -432.37    462.86  -2.01   3.10  -0.05
1996-12-19T06:37:04.615     71.31   -150.03   -433.97    464.68  -2.01   3.10  -0.05
1996-12-19T06:37:04.948     65.21   -148.39   -432.97    462.32  -2.00   3.10  -0.05
1996-12-19T06:37:05.281     67.82   -154.15   -435.00    466.47  -2.00   3.10  -0.05
1996-12-19T06:37:05.615     66.43   -149.22   -434.26    463.96  -2.00   3.10  -0.05
1996-12-19T06:37:05.948     66.23   -152.28   -435.14    465.75  -2.00   3.10  -0.05
1996-12-19T06:37:06.281     66.23   -152.31   -431.50    462.36  -2.00   3.10  -0.05
1996-12-19T06:37:06.615     64.99   -149.55   -434.13    463.75  -2.00   3.09  -0.05
1996-12-19T06:37:06.948     63.85   -153.58   -431.03    462.00  -2.00   3.09  -0.05
1996-12-19T06:37:07.281     67.99   -150.57   -433.41    463.83  -2.00   3.09  -0.05
1996-12-19T06:37:07.615     68.18   -153.84   -434.39    465.84  -2.00   3.09  -0.05
1996-12-19T06:37:07.948     66.17   -153.60   -432.49    463.70  -2.00   3.09  -0.05
1996-12-19T06:37:08.281     64.75   -152.24   -431.58    462.21  -1.99   3.09  -0.05
1996-12-19T06:37:08.615     64.72   -155.18   -432.33    463.88  -1.99   3.09  -0.05
1996-12-19T06:37:08.948     63.67   -156.15   -433.38    465.03  -1.99   3.09  -0.05
1996-12-19T06:37:09.281     66.21   -151.72   -432.21    462.83  -1.99   3.09  -0.05
1996-12-19T06:37:09.615     65.57   -149.56   -437.14    466.65  -1.99   3.09  -0.05
1996-12-19T06:37:09.948     64.72   -151.64   -435.18    465.37  -1.99   3.09  -0.05
1996-12-19T06:37:10.281     64.85   -151.79   -434.01    464.34  -1.99   3.09  -0.05
1996-12-19T06:37:10.615     66.22   -151.78   -434.22    464.73  -1.99   3.09  -0.05
1996-12-19T06:37:10.948     66.23   -148.30   -433.07    462.53  -1.99   3.09  -0.05
1996-12-19T06:37:11.281     68.39   -152.54   -435.59    466.57  -1.99   3.09  -0.05
1996-12-19T06:37:11.615     68.63   -152.60   -433.99    465.13  -1.98   3.08  -0.05
1996-12-19T06:37:11.948     65.47   -155.14   -433.67    465.21  -1.98   3.08  -0.05
1996-12-19T06:37:12.281     65.53   -156.70   -430.99    463.25  -1.98   3.08  -0.05
1996-12-19T06:37:12.615     67.80   -154.10   -432.43    464.05  -1.98   3.08  -0.05
1996-12-19T06:37:12.948     68.88   -152.71   -435.56    466.67  -1.98   3.08  -0.05
1996-12-19T06:37:13.281     66.37   -152.88   -437.41    468.09  -1.98   3.08  -0.05
1996-12-19T06:37:13.615     67.93   -149.92   -437.96    467.86  -1.98   3.08  -0.05
1996-12-19T06:37:13.948     70.53   -148.61   -432.26    462.51  -1.98   3.08  -0.05
1996-12-19T06:37:14.281     66.66   -150.82   -431.63    462.05  -1.98   3.08  -0.05
1996-12-19T06:37:14.615     68.92   -152.63   -434.34    465.51  -1.98   3.08  -0.05
1996-12-19T06:37:14.948     70.53   -153.87   -437.15    468.77  -1.97   3.08  -0.05
1996-12-19T06:37:15.281     66.37   -150.92   -436.45    466.55  -1.97   3.08  -0.05
1996-12-19T06:37:15.615     68.67   -151.60   -435.31    466.04  -1.97   3.08  -0.05
1996-12-19T06:37:15.948     70.51   -150.95   -435.61    466.38  -1.97   3.08  -0.05
1996-12-19T06:37:16.281     69.62   -150.75   -432.63    463.40  -1.97   3.08  -0.05
1996-12-19T06:37:16.615     65.69   -150.77   -436.82    466.75  -1.97   3.07  -0.05
1996-12-19T06:37:16.948     65.92   -152.45   -435.77    466.35  -1.97   3.07  -0.05
1996-12-19T06:37:17.281     67.43   -152.30   -432.69    463.64  -1.97   3.07  -0.05
1996-12-19T06:37:17.615     69.81   -151.45   -434.79    465.67  -1.97   3.07  -0.05
1996-12-19T06:37:17.948     71.37   -150.93   -435.01    465.95  -1.97   3.07  -0.05
1996-12-19T06:37:18.281     68.64   -151.45   -433.74    464.52  -1.96   3.07  -0.05
1996-12-19T06:37:18.615     70.88   -152.02   -434.49    465.74  -1.96   3.07  -0.05
1996-12-19T06:37:18.948     68.15   -151.16   -431.65    462.40  -1.96   3.07  -0.05
1996-12-19T06:37:19.281     68.94   -152.19   -434.20    465.24  -1.96   3.07  -0.05
1996-12-19T06:37:19.615     69.16   -150.66   -433.15    463.79  -1.96   3.07  -0.05
1996-12-19T06:37:19.948     70.49   -152.73   -435.05    466.44  -1.96   3.07  -0.05
1996-12-19T06:37:20.281     66.81   -149.69   -434.45    464.35  -1.96   3.07  -0.05
1996-12-19T06:37:20.615     66.55   -152.13   -435.62    466.20  -1.96   3.07  -0.05
1996-12-19T06:37:20.948     65.76   -150.81   -435.35    465.40  -1.96   3.07  -0.05
1996-12-19T06:37:21.281     66.06   -151.15   -435.41    465.61  -1.96   3.07  -0.05
1996-12-19T06:37:21.615     66.92   -152.75   -436.97    467.71  -1.95   3.06  -0.05
1996-12-19T06:37:21.948     65.52   -151.83   -436.50    466.77  -1.95   3.06  -0.05
1996-12-19T06:37:22.281     67.91   -153.46   -436.38    467.53  -1.95   3.06  -0.05
1996-12-19T06:37:22.615     72.43   -153.23   -436.68    468.42  -1.95   3.06  -0.05
1996-12-19T06:37:22.948     71.24   -153.34   -435.70    467.35  -1.95   3.06  -0.05
1996-12-19T06:37:23.281     67.80   -152.18   -435.79    466.55  -1.95   3.06  -0.05
1996-12-19T06:37:23.615     67.09   -152.30   -437.63    468.20  -1.95   3.06  -0.05
1996-12-19T06:37:23.948     69.19   -151.17   -437.69    468.20  -1.95   3.06  -0.05
1996-12-19T06:37:24.281     67.90   -151.20   -436.76    467.15  -1.95   3.06  -0.05
1996-12-19T06:37:24.615     67.87   -152.69   -435.87    466.80  -1.95   3.06  -0.05
1996-12-19T06:37:24.948     70.04   -154.71   -436.78    468.63  -1.94   3.06  -0.05
1996-12-19T06:37:25.281     67.71   -152.71   -436.83    467.68  -1.94   3.06  -0.05
1996-12-19T06:37:25.615     63.78   -152.76   -438.40    468.61  -1.94   3.06  -0.05
1996-12-19T06:37:25.948     68.37   -154.24   -437.90    469.28  -1.94   3.06  -0.05
1996-12-19T06:37:26.281     69.85   -153.92   -439.24    470.64  -1.94   3.06  -0.05
1996-12-19T06:37:26.615     67.37   -152.49   -438.19    468.83  -1.94   3.06  -0.05
1996-12-19T06:37:26.948     66.01   -153.74   -438.63    469.46  -1.94   3.05  -0.05
1996-12-19T06:37:27.281     64.87   -154.45   -438.01    468.95  -1.94   3.05  -0.05
1996-12-19T06:37:27.615     63.56   -152.49   -439.15    469.20  -1.94   3.05  -0.05
1996-12-19T06:37:27.948     65.35   -155.20   -439.01    470.20  -1.94   3.05  -0.05
1996-12-19T06:37:28.281     66.92   -154.70   -439.82    471.01  -1.93   3.05  -0.05
1996-12-19T06:37:28.615     71.66   -155.56   -439.02    471.25  -1.93   3.05  -0.05
1996-12-19T06:37:28.948     65.78   -155.25   -437.86    469.20  -1.93   3.05  -0.05
1996-12-19T06:37:29.281     70.30   -154.10   -436.84    468.53  -1.93   3.05  -0.05
1996-12-19T06:37:29.615     66.40   -153.28   -437.30    468.12  -1.93   3.05  -0.05
1996-12-19T06:37:29.948     67.09   -151.12   -438.72    468.84  -1.93   3.05  -0.05
1996-12-19T06:37:30.281     68.21   -149.97   -440.99    470.76  -1.93   3.05  -0.05
1996-12-19T06:37:30.615     69.27   -153.58   -437.99    469.28  -1.93   3.05  -0.05
1996-12-19T06:37:30.948     71.40   -156.61   -437.38    470.02  -1.93   3.05  -0.05
1996-12-19T06:37:31.281     65.29   -156.54   -438.78    470.42  -1.93   3.05  -0.05
1996-12-19T06:37:31.615     68.04   -158.47   -441.44    473.93  -1.92   3.05  -0.05
1996-12-19T06:37:31.948     67.97   -155.15   -435.20    467.00  -1.92   3.04  -0.05
1996-12-19T06:37:32.281     72.74   -155.36   -436.99    469.45  -1.92   3.04  -0.05
1996-12-19T06:37:32.615     69.81   -157.18   -435.78    468.49  -1.92   3.04  -0.05
1996-12-19T06:37:32.948     72.95   -158.34   -434.86    468.50  -1.92   3.04  -0.05
1996-12-19T06:37:33.281     73.67   -155.83   -436.07    468.90  -1.92   3.04  -0.05
1996-12-19T06:37:33.615     68.73   -153.48   -434.22    465.64  -1.92   3.04  -0.05
1996-12-19T06:37:33.948     71.74   -154.16   -439.24    471.01  -1.92   3.04  -0.05
1996-12-19T06:37:34.281     69.95   -156.73   -437.18    469.66  -1.92   3.04  -0.05
1996-12-19T06:37:34.615     70.30   -157.91   -436.87    469.82  -1.92   3.04  -0.05
1996-12-19T06:37:34.948     72.16   -155.12   -436.62    468.94  -1.91   3.04  -0.05
1996-12-19T06:37:35.281     68.47   -155.78   -436.56    468.55  -1.91   3.04  -0.05
1996-12-19T06:37:35.615     67.73   -158.96   -435.69    468.70  -1.91   3.04  -0.05
1996-12-19T06:37:35.948     69.74   -159.49   -435.10    468.63  -1.91   3.04  -0.05
1996-12-19T06:37:36.281     71.14   -159.01   -431.95    465.75  -1.91   3.04  -0.05
1996-12-19T06:37:36.615     70.80   -157.76   -434.76    467.89  -1.91   3.04  -0.05
1996-12-19T06:37:36.948     71.20   -154.67   -434.83    466.98  -1.91   3.03  -0.05
1996-12-19T06:37:37.281     68.87   -156.44   -436.26    468.55  -1.91   3.03  -0.05
1996-12-19T06:37:37.615     73.13   -155.21   -434.64    467.28  -1.91   3.03  -0.05
1996-12-19T06:37:37.948     69.57   -156.62   -436.01    468.48  -1.91   3.03  -0.05
1996-12-19T06:37:38.281     72.20   -155.36   -435.29    467.79  -1.90   3.03  -0.05
1996-12-19T06:37:38.615     70.41   -156.68   -434.55    467.26  -1.90   3.03  -0.05
1996-12-19T06:37:38.948     69.07   -158.01   -437.47    470.23  -1.90   3.03  -0.05
1996-12-19T06:37:39.281     69.76   -153.85   -436.75    468.29  -1.90   3.03  -0.05
1996-12-19T06:37:39.615     69.35   -156.72   -435.09    467.62  -1.90   3.03  -0.05
1996-12-19T06:37:39.948     68.29   -155.89   -437.76    469.68  -1.90   3.03  -0.05
1996-12-19T06:37:40.281     65.92   -155.99   -437.36    469.00  -1.90   3.03  -0.05
1996-12-19T06:37:40.615     67.18   -158.05   -436.38    468.95  -1.90   3.03  -0.05
1996-12-19T06:37:40.948     67.86   -156.74   -438.32    470.43  -1.90   3.03  -0.05
1996-12-19T06:37:41.281     67.68   -151.61   -438.38    468.77  -1.90   3.03  -0.05
1996-12-19T06:37:41.615     66.11   -155.46   -437.30    468.80  -1.90   3.03  -0.05
1996-12-19T06:37:41.948     67.20   -157.31   -436.84    469.14  -1.89   3.03  -0.05
1996-12-19T06:37:42.281     68.80   -155.70   -437.65    469.58  -1.89   3.02  -0.05
1996-12-19T06:37:42.615     65.95   -155.94   -435.80    467.54  -1.89   3.02  -0.05
1996-12-19T06:37:42.948     66.81   -156.76   -436.48    468.57  -1.89   3.02  -0.05
1996-12-19T06:37:43.281     68.44   -155.88   -435.82    467.89  -1.89   3.02  -0.05
1996-12-19T06:37:43.615     66.05   -158.74   -434.60    467.37  -1.89   3.02  -0.05
1996-12-19T06:37:43.948     65.91   -154.67   -434.94    466.31  -1.89   3.02  -0.05
1996-12-19T06:37:44.281     67.57   -159.43   -434.12    467.38  -1.89   3.02  -0.05
1996-12-19T06:37:44.615     62.57   -155.07   -434.73    465.78  -1.89   3.02  -0.05
1996-12-19T06:37:44.948     64.59   -159.80   -432.43    465.51  -1.89   3.02  -0.05
1996-12-19T06:37:45.281     66.04   -159.19   -435.09    467.98  -1.88   3.02  -0.05
1996-12-19T06:37:45.615     67.96   -156.27   -433.95    466.21  -1.88   3.02  -0.05
1996-12-19T06:37:45.948     67.32   -158.54   -433.54    466.50  -1.88   3.02  -0.05
1996-12-19T06:37:46.281     66.42   -160.94   -435.43    468.95  -1.88   3.02  -0.05
1996-12-19T06:37:46.615     64.59   -158.04   -433.96    466.33  -1.88   3.02  -0.05
1996-12-19T06:37:46.948     64.99   -161.14   -433.00    466.57  -1.88   3.02  -0.05
1996-12-19T06:37:47.281     63.85   -159.21   -432.84    465.59  -1.88   3.01  -0.05
1996-12-19T06:37:47.615     66.74   -157.84   -432.05    464.80  -1.88   3.01  -0.05
1996-12-19T06:37:47.948     64.57   -154.16   -438.86    469.61  -1.88   3.01  -0.05
1996-12-19T06:37:48.281     66.96   -161.90   -430.25    464.55  -1.88   3.01  -0.05
1996-12-19T06:37:48.615     67.31   -159.48   -433.33    466.63  -1.87   3.01  -0.05
1996-12-19T06:37:48.948     68.02   -157.30   -435.03    467.57  -1.87   3.01  -0.05
1996-12-19T06:37:49.281     69.65   -155.31   -434.26    466.42  -1.87   3.01  -0.05
1996-12-19T06:37:49.615     67.57   -159.11   -433.70    466.88  -1.87   3.01  -0.05
1996-12-19T06:37:49.948     66.88   -163.09   -431.90    466.49  -1.87   3.01  -0.05
1996-12-19T06:37:50.281     67.17   -163.72   -432.14    466.97  -1.87   3.01  -0.05
1996-12-19T06:37:50.615     68.19   -160.23   -435.08    468.63  -1.87   3.01  -0.05
1996-12-19T06:37:50.948     71.11   -159.37   -433.86    467.65  -1.87   3.01  -0.05
1996-12-19T06:37:51.281     67.02   -158.95   -432.67    465.79  -1.87   3.01  -0.05
1996-12-19T06:37:51.615     69.83   -159.05   -433.67    467.16  -1.87   3.01  -0.05
1996-12-19T06:37:51.948     68.58   -161.18   -431.06    465.29  -1.86   3.01  -0.05
1996-12-19T06:37:52.281     68.12   -160.40   -434.92    468.54  -1.86   3.00  -0.05
1996-12-19T06:37:52.615     68.93   -158.25   -433.27    466.39  -1.86   3.00  -0.05
1996-12-19T06:37:52.948     68.14   -158.29   -433.72    466.70  -1.86   3.00  -0.05
1996-12-19T06:37:53.281     67.82   -158.45   -433.21    466.24  -1.86   3.00  -0.05
1996-12-19T06:37:53.615     70.17   -157.16   -435.45    468.23  -1.86   3.00  -0.05
1996-12-19T06:37:53.948     67.05   -155.07   -439.22    470.59  -1.86   3.00  -0.05
1996-12-19T06:37:54.281     65.13   -157.13   -435.06    467.12  -1.86   3.00  -0.05
1996-12-19T06:37:54.615     67.13   -156.47   -435.43    467.54  -1.86   3.00  -0.05
1996-12-19T06:37:54.948     68.31   -160.01   -435.26    468.74  -1.86   3.00  -0.05
1996-12-19T06:37:55.281     69.34   -157.41   -435.04    467.81  -1.85   3.00  -0.05
1996-12-19T06:37:55.615     68.23   -157.75   -435.34    468.04  -1.85   3.00  -0.05
1996-12-19T06:37:55.948     71.89   -155.36   -435.48    467.92  -1.85   3.00  -0.05
1996-12-19T06:37:56.281     71.07   -158.14   -432.56    466.01  -1.85   3.00  -0.05
1996-12-19T06:37:56.615     73.04   -160.48   -431.92    466.53  -1.85   3.00  -0.05
1996-12-19T06:37:56.948     70.66   -162.49   -434.28    469.04  -1.85   3.00  -0.05
1996-12-19T06:37:57.281     70.28   -159.68   -431.98    465.88  -1.85   3.00  -0.05
1996-12-19T06:37:57.615     72.06   -157.78   -433.03    466.47  -1.85   2.99  -0.05
1996-12-19T06:37:57.948     71.64   -160.53   -430.54    465.05  -1.85   2.99  -0.05
1996-12-19T06:37:58.281     71.00   -156.91   -431.87    464.95  -1.85   2.99  -0.05
1996-12-19T06:37:58.615     68.72   -156.38   -434.66    467.02  -1.84   2.99  -0.05
1996-12-19T06:37:58.948     69.38   -158.14   -433.41    466.55  -1.84   2.99  -0.05
1996-12-19T06:37:59.281     71.17   -159.06   -432.02    465.84  -1.84   2.99  -0.05
1996-12-19T06:37:59.615     71.54   -158.10   -433.14    466.61  -1.84   2.99  -0.05
1996-12-19T06:37:59.948     70.88   -158.86   -432.66    466.32  -1.84   2.99  -0.05
1996-12-19T06:38:00.281     68.48   -158.81   -434.11    467.29  -1.84   2.99  -0.05
1996-12-19T06:38:00.615     68.54   -156.97   -431.81    464.54  -1.84   2.99  -0.05
1996-12-19T06:38:00.948     71.81   -159.61   -431.35    465.51  -1.84   2.99  -0.05
1996-12-19T06:38:01.281     68.58   -159.04   -434.64    467.87  -1.84   2.99  -0.05
1996-12-19T06:38:01.615     70.37   -155.48   -435.65    467.88  -1.84   2.99  -0.05
1996-12-19T06:38:01.948     71.69   -160.26   -433.35    467.56  -1.83   2.99  -0.05
1996-12-19T06:38:02.281     68.92   -160.66   -431.83    465.87  -1.83   2.99  -0.05
1996-12-19T06:38:02.615     71.60   -159.60   -428.96    463.26  -1.83   2.98  -0.05
1996-12-19T06:38:02.948     67.70   -157.55   -431.73    464.54  -1.83   2.98  -0.05
1996-12-19T06:38:03.281     68.62   -156.77   -432.04    464.70  -1.83   2.98  -0.05
1996-12-19T06:38:03.615     71.95   -161.14   -429.08    463.95  -1.83   2.98  -0.05
1996-12-19T06:38:03.948     72.81   -160.70   -429.07    463.92  -1.83   2.98  -0.05
1996-12-19T06:38:04.281     70.54   -158.52   -430.21    463.88  -1.83   2.98  -0.05
1996-12-19T06:38:04.615     68.24   -158.41   -433.18    466.25  -1.83   2.98  -0.05
1996-12-19T06:38:04.948     66.57   -156.82   -431.59    464.00  -1.83   2.98  -0.05
1996-12-19T06:38:05.281     65.37   -156.95   -432.27    464.50  -1.82   2.98  -0.05
1996-12-19T06:38:05.615     64.26   -156.06   -433.70    465.38  -1.82   2.98  -0.05
1996-12-19T06:38:05.948     64.02   -158.31   -432.70    465.17  -1.82   2.98  -0.05
1996-12-19T06:38:06.281     63.70   -158.86   -435.17    467.62  -1.82   2.98  -0.05
1996-12-19T06:38:06.615     70.58   -159.34   -431.62    465.48  -1.82   2.98  -0.05
1996-12-19T06:38:06.948     66.05   -160.68   -431.02    464.71  -1.82   2.98  -0.05
1996-12-19T06:38:07.281     66.63   -157.60   -431.05    463.77  -1.82   2.98  -0.05
1996-12-19T06:38:07.615     67.16   -158.18   -430.82    463.83  -1.82   2.97  -0.05
1996-12-19T06:38:07.948     68.40   -158.16   -430.18    463.41  -1.82   2.97  -0.05
1996-12-19T06:38:08.281     69.40   -155.75   -430.37    462.91  -1.82   2.97  -0.05
1996-12-19T06:38:08.615     70.50   -158.01   -432.36    465.70  -1.81   2.97  -0.05
1996-12-19T06:38:08.948     66.74   -159.64   -430.15    463.65  -1.81   2.97  -0.05
1996-12-19T06:38:09.281     68.96   -156.90   -427.70    460.76  -1.81   2.97  -0.05
1996-12-19T06:38:09.615     66.60   -156.96   -431.18    463.67  -1.81   2.97  -0.05
1996-12-19T06:38:09.948     68.12   -150.66   -435.07    465.43  -1.81   2.97  -0.05
1996-12-19T06:38:10.281     67.42   -151.46   -432.17    462.88  -1.81   2.97  -0.05
1996-12-19T06:38:10.615     69.35   -154.54   -432.67    464.65  -1.81   2.97  -0.05
1996-12-19T06:38:10.948     72.14   -156.15   -428.00    461.27  -1.81   2.97  -0.05
1996-12-19T06:38:11.281     70.12   -157.37   -427.48    460.89  -1.81   2.97  -0.05
1996-12-19T06:38:11.615     69.97   -157.92   -431.95    465.20  -1.81   2.97  -0.05
1996-12-19T06:38:11.948     71.24   -155.83   -430.73    463.56  -1.80   2.97  -0.05
1996-12-19T06:38:12.281     68.68   -161.74   -431.18    465.61  -1.80   2.97  -0.05
1996-12-19T06:38:12.615     71.61   -162.95   -432.64    467.82  -1.80   2.96  -0.05
1996-12-19T06:38:12.948     68.41   -161.17   -429.68    463.99  -1.80   2.96  -0.05
1996-12-19T06:38:13.281     66.12   -161.52   -429.68    463.77  -1.80   2.96  -0.05
1996-12-19T06:38:13.615     69.12   -158.66   -431.16    464.60  -1.80   2.96  -0.05
1996-12-19T06:38:13.948     66.82   -162.83   -431.75    466.25  -1.80   2.96  -0.05
1996-12-19T06:38:14.281     70.36   -158.09   -430.24    463.73  -1.80   2.96  -0.05
1996-12-19T06:38:14.615     71.73   -155.32   -433.10    465.66  -1.80   2.96  -0.05
1996-12-19T06:38:14.948     71.57   -157.20   -430.93    464.26  -1.80   2.96  -0.05
1996-12-19T06:38:15.281     70.58   -156.42   -430.37    463.32  -1.79   2.96  -0.05
1996-12-19T06:38:15.615     69.56   -156.02   -432.80    465.29  -1.79   2.96  -0.05
1996-12-19T06:38:15.948     70.96   -155.47   -429.68    462.42  -1.79   2.96  -0.05
1996-12-19T06:38:16.281     71.78   -155.36   -429.32    462.17  -1.79   2.96  -0.05
1996-12-19T06:38:16.615     72.56   -156.46   -429.31    462.66  -1.79   2.96  -0.05
1996-12-19T06:38:16.948     70.81   -155.99   -431.63    464.38  -1.79   2.96  -0.05
1996-12-19T06:38:17.281     71.06   -155.94   -428.29    461.31  -1.79   2.96  -0.05
1996-12-19T06:38:17.615     67.11   -156.62   -433.96    466.22  -1.79   2.96  -0.05
1996-12-19T06:38:17.948     71.13   -154.14   -433.04    465.12  -1.79   2.95  -0.05
1996-12-19T06:38:18.281     68.64   -154.53   -429.89    461.95  -1.79   2.95  -0.05
1996-12-19T06:38:18.615     70.90   -156.26   -429.04    462.08  -1.78   2.95  -0.05
1996-12-19T06:38:18.948     70.34   -156.47   -431.55    464.40  -1.78   2.95  -0.05
1996-12-19T06:38:19.281     68.45   -157.38   -429.65    462.66  -1.78   2.95  -0.05
1996-12-19T06:38:19.615     71.24   -152.69   -428.50    460.43  -1.78   2.95  -0.05
1996-12-19T06:38:19.948     70.42   -154.64   -429.13    461.55  -1.78   2.95  -0.05
1996-12-19T06:38:20.281     67.70   -155.00   -428.84    460.99  -1.78   2.95  -0.05
1996-12-19T06:38:20.615     71.64   -152.69   -427.06    459.16  -1.78   2.95  -0.05
1996-12-19T06:38:20.948     70.30   -155.51   -428.23    460.98  -1.78   2.95  -0.05
1996-12-19T06:38:21.281     67.77   -156.96   -429.79    462.54  -1.78   2.95  -0.05
1996-12-19T06:38:21.615     71.55   -152.51   -428.33    460.26  -1.78   2.95  -0.05
1996-12-19T06:38:21.948     70.87   -155.53   -427.78    460.66  -1.77   2.95  -0.05
1996-12-19T06:38:22.281     71.80   -154.34   -428.35    460.93  -1.77   2.95  -0.05
1996-12-19T06:38:22.615     72.79   -152.62   -426.99    459.25  -1.77   2.95  -0.05
1996-12-19T06:38:22.948     71.29   -153.87   -428.82    461.13  -1.77   2.94  -0.05
1996-12-19T06:38:23.281     68.00   -151.89   -430.43    461.48  -1.77   2.94  -0.05
1996-12-19T06:38:23.615     68.06   -153.43   -428.21    459.93  -1.77   2.94  -0.05
1996-12-19T06:38:23.948     67.91   -155.36   -428.23    460.57  -1.77   2.94  -0.05
1996-12-19T06:38:24.281     73.12   -153.64   -427.61    460.22  -1.77   2.94  -0.05
1996-12-19T06:38:24.615     68.62   -153.37   -427.33    459.18  -1.77   2.94  -0.05
1996-12-19T06:38:24.948     71.81   -154.97   -428.08    460.90  -1.77   2.94  -0.05
1996-12-19T06:38:25.281     69.06   -149.50   -428.47    459.02  -1.77   2.94  -0.05
1996-12-19T06:38:25.615     71.87   -154.62   -430.53    463.07  -1.76   2.94  -0.05
1996-12-19T06:38:25.948     68.24   -152.35   -429.33    460.64  -1.76   2.94  -0.05
1996-12-19T06:38:26.281     71.42   -152.13   -427.95    459.77  -1.76   2.94  -0.05
1996-12-19T06:38:26.615     71.14   -151.77   -429.83    461.36  -1.76   2.94  -0.05
1996-12-19T06:38:26.948     69.97   -152.42   -428.13    459.81  -1.76   2.94  -0.05
1996-12-19T06:38:27.281     68.94   -152.70   -427.80    459.43  -1.76   2.94  -0.05
1996-12-19T06:38:27.615     70.63   -152.77   -428.81    460.66  -1.76   2.94  -0.05
1996-12-19T06:38:27.948     72.76   -153.42   -428.00    460.45  -1.76   2.93  -0.05
1996-12-19T06:38:28.281     72.14   -152.30   -427.79    459.78  -1.76   2.93  -0.05
1996-12-19T06:38:28.615     65.11   -153.96   -427.18    458.72  -1.76   2.93  -0.05
1996-12-19T06:38:28.948     70.34   -152.42   -428.11    459.84  -1.75   2.93  -0.05
1996-12-19T06:38:29.281     70.42   -154.79   -428.64    461.14  -1.75   2.93  -0.05
1996-12-19T06:38:29.615     70.04   -152.33   -427.23    458.95  -1.75   2.93  -0.05
1996-12-19T06:38:29.948     71.93   -153.00   -429.35    461.43  -1.75   2.93  -0.05
1996-12-19T06:38:30.281     71.01   -152.46   -429.09    460.87  -1.75   2.93  -0.05
1996-12-19T06:38:30.615     69.53   -153.87   -429.51    461.50  -1.75   2.93  -0.05
1996-12-19T06:38:30.948     70.95   -150.30   -430.66    461.62  -1.75   2.93  -0.05
1996-12-19T06:38:31.281     66.48   -152.61   -430.16    461.24  -1.75   2.93  -0.05
1996-12-19T06:38:31.615     68.94   -151.85   -431.53    462.63  -1.75   2.93  -0.05
1996-12-19T06:38:31.948     71.37   -151.95   -428.49    460.20  -1.75   2.93  -0.05
1996-12-19T06:38:32.281     69.62   -150.15   -429.47    460.26  -1.74   2.93  -0.05
1996-12-19T06:38:32.615     67.45   -151.92   -428.32    459.44  -1.74   2.93  -0.05
1996-12-19T06:38:32.948     67.85   -151.95   -430.45    461.50  -1.74   2.93  -0.05
1996-12-19T06:38:33.281     68.23   -151.67   -427.03    458.28  -1.74   2.92  -0.05
1996-12-19T06:38:33.615     69.17   -149.40   -429.35    459.83  -1.74   2.92  -0.05
1996-12-19T06:38:33.948     67.21   -149.94   -427.90    458.36  -1.74   2.92  -0.05
1996-12-19T06:38:34.281     69.34   -151.15   -428.72    459.85  -1.74   2.92  -0.05
1996-12-19T06:38:34.615     67.44   -150.27   -426.63    457.32  -1.74   2.92  -0.05
1996-12-19T06:38:34.948     67.98   -149.66   -426.16    456.76  -1.74   2.92  -0.05
1996-12-19T06:38:35.281     65.98   -149.77   -428.80    458.97  -1.74   2.92  -0.05
1996-12-19T06:38:35.615     68.84   -149.31   -425.66    456.31  -1.73   2.92  -0.05
1996-12-19T06:38:35.948     68.01   -153.32   -428.15    459.83  -1.73   2.92  -0.05
1996-12-19T06:38:36.281     69.77   -151.77   -428.38    459.80  -1.73   2.92  -0.05
1996-12-19T06:38:36.615     69.33   -150.94   -428.50    459.57  -1.73   2.92  -0.05
1996-12-19T06:38:36.948     68.19   -153.27   -428.98    460.62  -1.73   2.92  -0.05
1996-12-19T06:38:37.281     65.17   -151.99   -429.78    460.50  -1.73   2.92  -0.05
1996-12-19T06:38:37.615     65.66   -152.52   -428.43    459.48  -1.73   2.92  -0.05
1996-12-19T06:38:37.948     69.51   -152.24   -428.77    460.27  -1.73   2.92  -0.05
1996-12-19T06:38:38.281     66.96   -151.39   -428.28    459.16  -1.73   2.91  -0.05
1996-12-19T06:38:38.615     65.16   -153.21   -427.24    458.53  -1.73   2.91  -0.05
1996-12-19T06:38:38.948     65.79   -154.41   -428.25    459.96  -1.72   2.91  -0.05
1996-12-19T06:38:39.281     67.79   -155.38   -428.18    460.52  -1.72   2.91  -0.05
1996-12-19T06:38:39.615     65.07   -152.44   -426.66    457.73  -1.72   2.91  -0.05
1996-12-19T06:38:39.948     64.84   -151.96   -428.43    459.18  -1.72   2.91  -0.05
1996-12-19T06:38:40.281     68.01   -154.11   -429.98    461.80  -1.72   2.91  -0.05
1996-12-19T06:38:40.615     64.54   -152.05   -430.46    461.06  -1.72   2.91  -0.05
1996-12-19T06:38:40.948     66.25   -154.10   -429.43    461.03  -1.72   2.91  -0.05
1996-12-19T06:38:41.281     67.62   -152.58   -430.04    461.29  -1.72   2.91  -0.05
1996-12-19T06:38:41.615     63.29   -152.87   -428.99    459.79  -1.72   2.91  -0.05
1996-12-19T06:38:41.948     63.84   -154.05   -428.74    460.03  -1.72   2.91  -0.05
1996-12-19T06:38:42.281     69.86   -152.81   -428.78    460.53  -1.71   2.91  -0.05
1996-12-19T06:38:42.615     67.38   -150.98   -427.67    458.51  -1.71   2.91  -0.05
1996-12-19T06:38:42.948     66.76   -153.68   -429.47    461.00  -1.71   2.91  -0.05
1996-12-19T06:38:43.281     64.98   -152.89   -427.35    458.50  -1.71   2.90  -0.05
1996-12-19T06:38:43.615     64.13   -153.71   -428.60    459.82  -1.71   2.90  -0.05
1996-12-19T06:38:43.948     67.69   -154.67   -429.76    461.74  -1.71   2.90  -0.05
1996-12-19T06:38:44.281     66.62   -153.39   -429.86    461.25  -1.71   2.90  -0.05
1996-12-19T06:38:44.615     70.28   -153.93   -429.43    461.57  -1.71   2.90  -0.05
1996-12-19T06:38:44.948     67.94   -153.61   -429.86    461.50  -1.71   2.90  -0.05
1996-12-19T06:38:45.281     65.96   -153.31   -428.96    460.29  -1.71   2.90  -0.05
1996-12-19T06:38:45.615     67.35   -154.01   -431.93    463.49  -1.70   2.90  -0.05
1996-12-19T06:38:45.948     67.39   -152.53   -427.56    458.93  -1.70   2.90  -0.05
1996-12-19T06:38:46.281     69.65   -154.65   -429.84    462.09  -1.70   2.90  -0.05
1996-12-19T06:38:46.615     70.16   -151.73   -431.45    462.70  -1.70   2.90  -0.05
1996-12-19T06:38:46.948     69.95   -153.22   -428.37    460.30  -1.70   2.90  -0.05
1996-12-19T06:38:47.281     66.98   -156.05   -430.15    462.45  -1.70   2.90  -0.05
1996-12-19T06:38:47.615     69.20   -153.30   -431.83    463.43  -1.70   2.90  -0.05
1996-12-19T06:38:47.948     68.28   -153.91   -430.72    462.46  -1.70   2.90  -0.05
1996-12-19T06:38:48.281     69.49   -154.55   -431.52    463.60  -1.70   2.89  -0.05
1996-12-19T06:38:48.615     68.26   -152.76   -427.60    459.17  -1.70   2.89  -0.05
1996-12-19T06:38:48.948     69.50   -152.97   -430.25    461.89  -1.69   2.89  -0.05
1996-12-19T06:38:49.281     67.91   -151.76   -429.35    460.42  -1.69   2.89  -0.05
1996-12-19T06:38:49.615     68.41   -150.61   -429.24    460.01  -1.69   2.89  -0.05
1996-12-19T06:38:49.948     69.86   -151.44   -429.65    460.88  -1.69   2.89  -0.05
1996-12-19T06:38:50.281     67.56   -150.04   -429.36    459.81  -1.69   2.89  -0.05
1996-12-19T06:38:50.615     68.04   -149.72   -429.64    460.04  -1.69   2.89  -0.05
1996-12-19T06:38:50.948     71.14   -152.40   -427.55    459.44  -1.69   2.89  -0.05
1996-12-19T06:38:51.281     72.80   -149.50   -429.28    460.36  -1.69   2.89  -0.05
1996-12-19T06:38:51.615     69.19   -149.36   -429.12    459.60  -1.69   2.89  -0.05
1996-12-19T06:38:51.948     66.92   -149.15   -429.28    459.35  -1.69   2.89  -0.05
1996-12-19T06:38:52.281     68.26   -148.41   -425.70    455.96  -1.68   2.89  -0.05
1996-12-19T06:38:52.615     67.83   -152.02   -424.07    455.57  -1.68   2.89  -0.05
1996-12-19T06:38:52.948     68.42   -151.69   -425.75    457.11  -1.68   2.89  -0.05
1996-12-19T06:38:53.281     67.91   -148.38   -424.35    454.65  -1.68   2.89  -0.05
1996-12-19T06:38:53.615     66.13   -151.48   -426.13    457.07  -1.68   2.88  -0.05
1996-12-19T06:38:53.948     65.97   -150.34   -424.04    454.72  -1.68   2.88  -0.05
1996-12-19T06:38:54.281     66.72   -148.95   -425.42    455.66  -1.68   2.88  -0.05
1996-12-19T06:38:54.615     67.08   -147.22   -426.44    456.10  -1.68   2.88  -0.05
1996-12-19T06:38:54.948     69.01   -148.60   -423.06    453.68  -1.68   2.88  -0.05
1996-12-19T06:38:55.281     67.94   -148.21   -422.80    453.15  -1.68   2.88  -0.05
1996-12-19T06:38:55.615     67.96   -148.21   -426.53    456.63  -1.67   2.88  -0.05
1996-12-19T06:38:55.948     65.84   -148.37   -424.73    454.69  -1.67   2.88  -0.05
1996-12-19T06:38:56.281     63.59   -148.33   -425.23    454.83  -1.67   2.88  -0.05
1996-12-19T06:38:56.615     63.44   -147.79   -423.13    452.66  -1.67   2.88  -0.05
1996-12-19T06:38:56.948     68.69   -148.93   -425.15    455.69  -1.67   2.88  -0.05
1996-12-19T06:38:57.281     67.25   -147.96   -426.45    456.37  -1.67   2.88  -0.05
1996-12-19T06:38:57.615     64.98   -150.22   -424.46    454.92  -1.67   2.88  -0.05
1996-12-19T06:38:57.948     66.55   -147.06   -425.58    455.17  -1.67   2.88  -0.05
1996-12-19T06:38:58.281     67.17   -149.25   -424.12    454.61  -1.67   2.88  -0.05
1996-12-19T06:38:58.615     65.38   -152.64   -423.02    454.45  -1.67   2.87  -0.05
1996-12-19T06:38:58.948     67.17   -148.17   -426.35    456.33  -1.66   2.87  -0.05
1996-12-19T06:38:59.281     67.79   -150.74   -426.00    456.94  -1.66   2.87  -0.05
1996-12-19T06:38:59.615     65.27   -152.12   -425.44    456.50  -1.66   2.87  -0.05
1996-12-19T06:38:59.948     65.90   -149.85   -423.28    453.84  -1.66   2.87  -0.05
1996-12-19T06:39:00.281     66.54   -150.22   -424.65    455.33  -1.66   2.87  -0.05
1996-12-19T06:39:00.615     65.37   -147.59   -425.68    455.25  -1.66   2.87  -0.05
1996-12-19T06:39:00.948     62.32   -148.58   -425.86    455.32  -1.66   2.87  -0.05
1996-12-19T06:39:01.281     67.40   -151.73   -425.48    456.72  -1.66   2.87  -0.05
1996-12-19T06:39:01.615     67.40   -149.93   -426.03    456.64  -1.66   2.87  -0.05
1996-12-19T06:39:01.948     66.35   -149.46   -424.72    455.12  -1.66   2.87  -0.05
1996-12-19T06:39:02.281     65.05   -149.24   -425.73    455.80  -1.65   2.87  -0.05
1996-12-19T06:39:02.615     63.16   -146.32   -424.61    453.53  -1.65   2.87  -0.05
1996-12-19T06:39:02.948     67.89   -144.96   -424.90    454.05  -1.65   2.87  -0.05
1996-12-19T06:39:03.281     63.90   -148.54   -427.89    457.43  -1.65   2.87  -0.05
1996-12-19T06:39:03.615     65.68   -147.19   -426.76    456.18  -1.65   2.86  -0.05
1996-12-19T06:39:03.948     69.28   -146.04   -426.92    456.50  -1.65   2.86  -0.05
1996-12-19T06:39:04.281     66.47   -144.85   -427.68    456.41  -1.65   2.86  -0.05
1996-12-19T06:39:04.615     66.26   -146.90   -424.90    454.43  -1.65   2.86  -0.05
1996-12-19T06:39:04.948     66.07   -145.67   -425.77    454.83  -1.65   2.86  -0.05
1996-12-19T06:39:05.281     67.62   -146.30   -424.75    454.29  -1.65   2.86  -0.05
1996-12-19T06:39:05.615     69.49   -145.02   -425.44    454.81  -1.64   2.86  -0.05
1996-12-19T06:39:05.948     67.48   -146.26   -426.05    455.49  -1.64   2.86  -0.05
1996-12-19T06:39:06.281     66.04   -150.84   -423.98    454.84  -1.64   2.86  -0.05
1996-12-19T06:39:06.615     65.08   -152.14   -423.17    454.37  -1.64   2.86  -0.05
1996-12-19T06:39:06.948     63.71   -153.46   -423.33    454.77  -1.64   2.86  -0.05
1996-12-19T06:39:07.281     65.50   -149.58   -419.74    450.39  -1.64   2.86  -0.05
1996-12-19T06:39:07.615     67.84   -150.71   -424.25    455.31  -1.64   2.86  -0.05
1996-12-19T06:39:07.948     64.19   -151.89   -422.50    453.54  -1.64   2.86  -0.05
1996-12-19T06:39:08.281     65.06   -148.33   -423.44    453.36  -1.64   2.86  -0.05
1996-12-19T06:39:08.615     67.83   -148.25   -425.30    455.47  -1.64   2.86  -0.05
1996-12-19T06:39:08.948     69.40   -149.62   -424.58    455.49  -1.63   2.85  -0.05
1996-12-19T06:39:09.281     67.12   -148.19   -427.21    457.14  -1.63   2.85  -0.05
1996-12-19T06:39:09.615     66.67   -146.37   -425.28    454.68  -1.63   2.85  -0.05
1996-12-19T06:39:09.948     69.17   -144.46   -424.90    454.08  -1.63   2.85  -0.05
1996-12-19T06:39:10.281     63.45   -145.66   -424.02    452.81  -1.63   2.85  -0.05
1996-12-19T06:39:10.615     63.91   -145.43   -422.78    451.64  -1.63   2.85  -0.05
1996-12-19T06:39:10.948     64.39   -147.99   -424.05    453.73  -1.63   2.85  -0.05
1996-12-19T06:39:11.281     67.23   -146.37   -424.13    453.69  -1.63   2.85  -0.05
1996-12-19T06:39:11.615     65.95   -145.79   -424.94    454.07  -1.63   2.85  -0.05
1996-12-19T06:39:11.948     63.46   -145.96   -424.38    453.24  -1.63   2.85  -0.05
1996-12-19T06:39:12.281     67.00   -144.87   -421.59    450.79  -1.63   2.85  -0.05
1996-12-19T06:39:12.615     64.96   -146.45   -424.68    453.89  -1.62   2.85  -0.05
1996-12-19T06:39:12.948     66.32   -149.67   -423.68    454.20  -1.62   2.85  -0.05
1996-12-19T06:39:13.281     65.36   -147.49   -424.99    454.57  -1.62   2.85  -0.05
1996-12-19T06:39:13.615     64.87   -147.95   -422.10    451.96  -1.62   2.85  -0.05
1996-12-19T06:39:13.948     64.47   -148.53   -424.73    454.54  -1.62   2.84  -0.05
1996-12-19T06:39:14.281     65.01   -148.85   -423.40    453.48  -1.62   2.84  -0.05
1996-12-19T06:39:14.615     66.62   -147.57   -423.85    453.72  -1.62   2.84  -0.05
1996-12-19T06:39:14.948     66.24   -147.66   -425.69    455.41  -1.62   2.84  -0.05
1996-12-19T06:39:15.281     65.45   -147.86   -424.76    454.49  -1.62   2.84  -0.05
1996-12-19T06:39:15.615     62.03   -148.43   -425.02    454.45  -1.62   2.84  -0.05
1996-12-19T06:39:15.948     62.75   -147.78   -423.87    453.26  -1.61   2.84  -0.05
1996-12-19T06:39:16.281     65.35   -146.82   -423.72    453.17  -1.61   2.84  -0.05
1996-12-19T06:39:16.615     64.27   -145.51   -424.97    453.77  -1.61   2.84  -0.05
1996-12-19T06:39:16.948     61.18   -145.81   -424.51    453.00  -1.61   2.84  -0.05
1996-12-19T06:39:17.281     64.24   -146.82   -424.47    453.72  -1.61   2.84  -0.05
1996-12-19T06:39:17.615     64.64   -147.09   -425.87    455.17  -1.61   2.84  -0.05
1996-12-19T06:39:17.948     61.64   -145.70   -423.39    451.98  -1.61   2.84  -0.05
1996-12-19T06:39:18.281     67.22   -147.06   -422.35    452.25  -1.61   2.84  -0.05
1996-12-19T06:39:18.615     64.17   -148.02   -421.55    451.37  -1.61   2.84  -0.05
1996-12-19T06:39:18.948     68.72   -148.08   -424.55    454.86  -1.61   2.83  -0.05
1996-12-19T06:39:19.281     65.16   -147.85   -421.79    451.68  -1.60   2.83  -0.05
1996-12-19T06:39:19.615     64.90   -148.16   -423.99    453.79  -1.60   2.83  -0.05
1996-12-19T06:39:19.948     61.94   -149.54   -421.22    451.25  -1.60   2.83  -0.05
1996-12-19T06:39:20.281     64.07   -149.60   -421.11    451.46  -1.60   2.83  -0.05
1996-12-19T06:39:20.615     64.51   -146.96   -421.72    451.23  -1.60   2.83  -0.05
1996-12-19T06:39:20.948     66.09   -150.89   -423.87    454.75  -1.60   2.83  -0.05
1996-12-19T06:39:21.281     64.57   -148.64   -422.24    452.27  -1.60   2.83  -0.05
1996-12-19T06:39:21.615     64.45   -150.99   -423.79    454.47  -1.60   2.83  -0.05
1996-12-19T06:39:21.948     63.54   -148.80   -421.45    451.44  -1.60   2.83  -0.05
1996-12-19T06:39:22.281     64.74   -149.33   -422.95    453.18  -1.60   2.83  -0.05
1996-12-19T06:39:22.615     64.76   -149.76   -422.75    453.15  -1.59   2.83  -0.05
1996-12-19T06:39:22.948     64.38   -149.21   -423.25    453.38  -1.59   2.83  -0.05
1996-12-19T06:39:23.281     64.78   -148.82   -424.96    454.90  -1.59   2.83  -0.05
1996-12-19T06:39:23.615     65.69   -148.90   -423.79    453.96  -1.59   2.83  -0.05
1996-12-19T06:39:23.948     66.91   -146.72   -423.43    453.10  -1.59   2.82  -0.05
1996-12-19T06:39:24.281     68.06   -148.11   -423.71    453.98  -1.59   2.82  -0.05
1996-12-19T06:39:24.615     69.54   -147.14   -423.09    453.31  -1.59   2.82  -0.05
1996-12-19T06:39:24.948     70.31   -148.91   -422.35    453.32  -1.59   2.82  -0.05
1996-12-19T06:39:25.281     65.68   -148.52   -421.77    451.96  -1.59   2.82  -0.05
1996-12-19T06:39:25.615     65.96   -148.87   -422.80    453.07  -1.59   2.82  -0.05
1996-12-19T06:39:25.948     69.40   -150.73   -421.42    452.91  -1.58   2.82  -0.05
1996-12-19T06:39:26.281     69.43   -150.99   -422.63    454.13  -1.58   2.82  -0.05
1996-12-19T06:39:26.615     67.25   -147.81   -422.36    452.51  -1.58   2.82  -0.05
1996-12-19T06:39:26.948     70.34   -149.27   -422.45    453.54  -1.58   2.82  -0.05
1996-12-19T06:39:27.281     72.07   -151.20   -420.84    452.95  -1.58   2.82  -0.05
1996-12-19T06:39:27.615     68.41   -152.40   -422.91    454.70  -1.58   2.82  -0.05
1996-12-19T06:39:27.948     69.50   -149.88   -422.28    453.45  -1.58   2.82  -0.05
1996-12-19T06:39:28.281     70.54   -149.47   -423.53    454.64  -1.58   2.82  -0.05
1996-12-19T06:39:28.615     68.68   -148.30   -423.43    453.88  -1.58   2.82  -0.05
1996-12-19T06:39:28.948     70.03   -148.15   -422.24    452.93  -1.58   2.82  -0.05
1996-12-19T06:39:29.281     71.39   -146.42   -422.79    453.09  -1.57   2.81  -0.05
1996-12-19T06:39:29.615     67.88   -146.42   -425.00    454.61  -1.57   2.81  -0.05
1996-12-19T06:39:29.948     68.46   -149.62   -424.18    454.98  -1.57   2.81  -0.05
1996-12-19T06:39:30.281     66.95   -152.09   -421.97    453.51  -1.57   2.81  -0.05
1996-12-19T06:39:30.615     69.13   -146.33   -423.65    453.51  -1.57   2.81  -0.05
1996-12-19T06:39:30.948     66.55   -148.39   -423.21    453.38  -1.57   2.81  -0.05
1996-12-19T06:39:31.281     70.86   -147.91   -422.84    453.53  -1.57   2.81  -0.05
1996-12-19T06:39:31.615     70.22   -147.06   -423.88    454.13  -1.57   2.81  -0.05
1996-12-19T06:39:31.948     70.16   -148.46   -423.02    453.77  -1.57   2.81  -0.05
1996-12-19T06:39:32.281     68.83   -148.16   -420.83    451.43  -1.57   2.81  -0.05
1996-12-19T06:39:32.615     68.00   -148.27   -422.00    452.43  -1.56   2.81  -0.05
1996-12-19T06:39:32.948     68.95   -148.54   -422.71    453.32  -1.56   2.81  -0.05
1996-12-19T06:39:33.281     69.36   -148.01   -422.08    452.62  -1.56   2.81  -0.05
1996-12-19T06:39:33.615     68.59   -148.03   -421.91    452.36  -1.56   2.81  -0.05
1996-12-19T06:39:33.948     65.54   -147.95   -422.20    452.15  -1.56   2.81  -0.05
1996-12-19T06:39:34.281     68.73   -147.73   -420.50    450.96  -1.56   2.80  -0.05
1996-12-19T06:39:34.615     70.91   -148.04   -421.34    452.19  -1.56   2.80  -0.05
1996-12-19T06:39:34.948     68.70   -147.43   -422.58    452.80  -1.56   2.80  -0.05
1996-12-19T06:39:35.281     67.20   -149.34   -423.45    454.02  -1.56   2.80  -0.05
1996-12-19T06:39:35.615     68.37   -150.85   -420.98    452.39  -1.56   2.80  -0.05
1996-12-19T06:39:35.948     67.48   -148.40   -421.46    451.89  -1.55   2.80  -0.05
1996-12-19T06:39:36.281     67.47   -149.43   -421.41    452.18  -1.55   2.80  -0.05
1996-12-19T06:39:36.615     66.44   -150.08   -424.47    455.09  -1.55   2.80  -0.05
1996-12-19T06:39:36.948     69.51   -144.55   -423.32    452.69  -1.55   2.80  -0.05
1996-12-19T06:39:37.281     66.80   -144.79   -422.00    451.12  -1.55   2.80  -0.05
1996-12-19T06:39:37.615     63.81   -146.27   -421.07    450.30  -1.55   2.80  -0.05
1996-12-19T06:39:37.948     67.98   -147.13   -422.54    452.56  -1.55   2.80  -0.05
1996-12-19T06:39:38.281     63.82   -146.08   -421.54    450.67  -1.55   2.80  -0.05
1996-12-19T06:39:38.615     64.90   -145.03   -420.70    449.70  -1.55   2.80  -0.05
1996-12-19T06:39:38.948     62.87   -145.74   -420.04    449.03  -1.55   2.80  -0.05
1996-12-19T06:39:39.281     66.46   -145.65   -423.05    452.33  -1.54   2.79  -0.05
1996-12-19T06:39:39.615     66.49   -143.78   -422.88    451.58  -1.54   2.79  -0.05
1996-12-19T06:39:39.948     66.05   -147.41   -422.34    452.17  -1.54   2.79  -0.05
1996-12-19T06:39:40.281     64.05   -145.51   -421.84    450.80  -1.54   2.79  -0.05
1996-12-19T06:39:40.615     63.10   -145.67   -422.39    451.24  -1.54   2.79  -0.05
1996-12-19T06:39:40.948     62.68   -146.93   -421.21    450.48  -1.54   2.79  -0.05
1996-12-19T06:39:41.281     68.33   -142.97   -420.59    449.45  -1.54   2.79  -0.05
1996-12-19T06:39:41.615     65.90   -144.71   -423.38    452.25  -1.54   2.79  -0.05
1996-12-19T06:39:41.948     69.96   -145.08   -419.67    449.52  -1.54   2.79  -0.05
1996-12-19T06:39:42.281     65.79   -147.51   -420.31    450.28  -1.54   2.79  -0.05
1996-12-19T06:39:42.615     65.67   -146.91   -416.55    446.56  -1.53   2.79  -0.05
1996-12-19T06:39:42.948     65.81   -142.42   -418.77    447.19  -1.53   2.79  -0.05
1996-12-19T06:39:43.281     68.06   -144.67   -420.52    449.88  -1.53   2.79  -0.05
1996-12-19T06:39:43.615     65.95   -144.25   -422.58    451.37  -1.53   2.79  -0.05
1996-12-19T06:39:43.948     65.60   -145.56   -421.11    450.36  -1.53   2.79  -0.05
1996-12-19T06:39:44.281     64.30   -146.09   -418.15    447.58  -1.53   2.78  -0.05
1996-12-19T06:39:44.615     65.65   -144.68   -420.73    449.73  -1.53   2.78  -0.05
1996-12-19T06:39:44.948     64.02   -142.79   -421.13    449.26  -1.53   2.78  -0.05
1996-12-19T06:39:45.281     65.07   -142.93   -420.86    449.21  -1.53   2.78  -0.05
1996-12-19T06:39:45.615     66.75   -145.30   -421.86    451.15  -1.53   2.78  -0.05
1996-12-19T06:39:45.948     69.55   -143.31   -422.45    451.49  -1.52   2.78  -0.05
1996-12-19T06:39:46.281     69.80   -141.52   -423.84    452.26  -1.52   2.78  -0.05
1996-12-19T06:39:46.615     67.45   -139.61   -422.95    450.48  -1.52   2.78  -0.05
1996-12-19T06:39:46.948     68.88   -140.62   -423.62    451.63  -1.52   2.78  -0.05
1996-12-19T06:39:47.281     71.95   -142.17   -423.46    452.44  -1.52   2.78  -0.05
1996-12-19T06:39:47.615     72.43   -139.97   -422.63    451.06  -1.52   2.78  -0.05
1996-12-19T06:39:47.948     68.85   -144.88   -423.68    453.03  -1.52   2.78  -0.05
1996-12-19T06:39:48.281     71.10   -142.70   -422.83    451.89  -1.52   2.78  -0.05
1996-12-19T06:39:48.615     72.32   -138.82   -424.38    452.33  -1.52   2.78  -0.05
1996-12-19T06:39:48.948     72.75   -141.35   -424.27    453.07  -1.52   2.78  -0.05
1996-12-19T06:39:49.281     66.94   -142.99   -422.18    450.74  -1.51   2.78  -0.05
1996-12-19T06:39:49.615     69.39   -140.47   -424.10    452.12  -1.51   2.77  -0.05
1996-12-19T06:39:49.948     68.92   -140.72   -422.20    450.33  -1.51   2.77  -0.05
1996-12-19T06:39:50.281     68.36   -141.75   -420.76    449.23  -1.51   2.77  -0.05
1996-12-19T06:39:50.615     69.80   -143.70   -420.25    449.59  -1.51   2.77  -0.05
1996-12-19T06:39:50.948     66.65   -142.79   -418.99    447.64  -1.51   2.77  -0.05
1996-12-19T06:39:51.281     67.45   -143.89   -421.12    450.11  -1.51   2.77  -0.05
1996-12-19T06:39:51.615     67.90   -146.34   -418.96    448.95  -1.51   2.77  -0.05
1996-12-19T06:39:51.948     69.77   -145.90   -420.62    450.64  -1.51   2.77  -0.05
1996-12-19T06:39:52.281     67.50   -144.07   -421.90    450.90  -1.51   2.77  -0.05
1996-12-19T06:39:52.615     66.30   -145.21   -419.52    448.86  -1.50   2.77  -0.05
1996-12-19T06:39:52.948     63.16   -147.29   -420.25    449.77  -1.50   2.77  -0.05
1996-12-19T06:39:53.281     66.04   -144.64   -419.72    448.82  -1.50   2.77  -0.05
1996-12-19T06:39:53.615     70.37   -146.01   -419.13    449.38  -1.50   2.77  -0.05
1996-12-19T06:39:53.948     68.37   -147.29   -418.95    449.32  -1.50   2.77  -0.05
1996-12-19T06:39:54.281     66.10   -144.09   -419.61    448.55  -1.50   2.77  -0.05
1996-12-19T06:39:54.615     68.12   -146.46   -420.93    450.86  -1.50   2.76  -0.05
1996-12-19T06:39:54.948     69.18   -144.26   -418.23    447.79  -1.50   2.76  -0.05
1996-12-19T06:39:55.281     66.64   -144.61   -419.92    449.10  -1.50   2.76  -0.05
1996-12-19T06:39:55.615     67.89   -143.55   -421.07    450.02  -1.50   2.76  -0.05
1996-12-19T06:39:55.948     69.32   -143.85   -422.10    451.29  -1.49   2.76  -0.05
1996-12-19T06:39:56.281     66.73   -144.89   -421.23    450.43  -1.49   2.76  -0.05
1996-12-19T06:39:56.615     64.97   -144.27   -419.07    447.94  -1.49   2.76  -0.05
1996-12-19T06:39:56.948     68.25   -142.45   -418.89    447.68  -1.49   2.76  -0.05
1996-12-19T06:39:57.281     67.70   -149.18   -419.88    450.71  -1.49   2.76  -0.05
1996-12-19T06:39:57.615     64.70   -147.57   -418.27    448.23  -1.49   2.76  -0.05
1996-12-19T06:39:57.948     66.20   -147.86   -418.98    449.21  -1.49   2.76  -0.05
1996-12-19T06:39:58.281     67.81   -147.65   -419.23    449.62  -1.49   2.76  -0.05
1996-12-19T06:39:58.615     66.74   -144.90   -418.98    448.32  -1.49   2.76  -0.05
1996-12-19T06:39:58.948     65.35   -145.56   -419.65    448.96  -1.49   2.76  -0.05
1996-12-19T06:39:59.281     64.22   -146.22   -420.35    449.66  -1.48   2.76  -0.05
1996-12-19T06:39:59.615     67.00   -143.93   -420.27    449.26  -1.48   2.75  -0.05
1996-12-19T06:39:59.948     66.12   -145.67   -420.25    449.67  -1.48   2.75  -0.05
1996-12-19T06:40:00.281     63.71   -145.91   -421.54    450.61  -1.48   2.75  -0.05
1996-12-19T06:40:00.615     64.36   -149.50   -419.24    449.73  -1.48   2.75  -0.05
1996-12-19T06:40:00.948     64.87   -148.38   -420.74    450.83  -1.48   2.75  -0.05
1996-12-19T06:40:01.281     64.62   -144.40   -422.52    451.17  -1.48   2.75  -0.05
1996-12-19T06:40:01.615     65.08   -144.92   -422.18    451.08  -1.48   2.75  -0.05
1996-12-19T06:40:02.615     68.77   -142.46   -421.54    450.24  -1.47   2.75  -0.05
1996-12-19T06:40:02.948     64.77   -146.40   -421.98    451.33  -1.47   2.75  -0.05
1996-12-19T06:40:03.281     61.82   -144.38   -420.94    449.29  -1.47   2.75  -0.05
1996-12-19T06:40:03.615     64.08   -142.48   -424.16    452.02  -1.47   2.75  -0.05
1996-12-19T06:40:03.948     63.85   -143.99   -421.22    449.71  -1.47   2.75  -0.05
1996-12-19T06:40:04.281     66.09   -142.66   -422.87    451.15  -1.47   2.75  -0.05
1996-12-19T06:40:04.615     66.45   -143.73   -423.68    452.31  -1.47   2.74  -0.05
1996-12-19T06:40:04.948     67.93   -142.75   -422.71    451.30  -1.47   2.74  -0.05
1996-12-19T06:40:05.281     66.94   -142.23   -423.82    452.03  -1.47   2.74  -0.05
1996-12-19T06:40:05.615     65.70   -140.55   -423.01    450.56  -1.47   2.74  -0.05
1996-12-19T06:40:05.948     65.43   -145.25   -419.58    448.81  -1.47   2.74  -0.05
1996-12-19T06:40:06.281     64.62   -145.73   -424.02    452.99  -1.46   2.74  -0.05
1996-12-19T06:40:06.615     63.04   -143.62   -423.04    451.18  -1.46   2.74  -0.05
1996-12-19T06:40:06.948     59.58   -146.97   -424.11    452.79  -1.46   2.74  -0.05
1996-12-19T06:40:07.281     62.48   -140.91   -424.31    451.44  -1.46   2.74  -0.05
1996-12-19T06:40:07.615     65.72   -141.09   -425.52    453.09  -1.46   2.74  -0.05
1996-12-19T06:40:07.948     67.81   -142.09   -424.37    452.63  -1.46   2.74  -0.05
1996-12-19T06:40:08.281     66.51   -140.79   -423.08    450.83  -1.46   2.74  -0.05
1996-12-19T06:40:08.615     67.15   -140.15   -421.38    449.12  -1.46   2.74  -0.05
1996-12-19T06:40:08.948     68.30   -142.33   -422.53    451.06  -1.46   2.74  -0.05
1996-12-19T06:40:09.281     66.28   -141.32   -421.70    449.66  -1.46   2.74  -0.05
1996-12-19T06:40:09.615     68.06   -139.77   -422.29    449.99  -1.45   2.74  -0.05
1996-12-19T06:40:09.948     70.25   -141.21   -423.95    452.34  -1.45   2.73  -0.05
1996-12-19T06:40:10.281     69.99   -141.23   -421.05    449.59  -1.45   2.73  -0.05
1996-12-19T06:40:10.615     67.93   -142.74   -422.22    450.84  -1.45   2.73  -0.05
1996-12-19T06:40:10.948     68.42   -143.67   -422.12    451.12  -1.45   2.73  -0.05
1996-12-19T06:40:11.281     65.27   -142.85   -422.89    451.11  -1.45   2.73  -0.05
1996-12-19T06:40:11.615     67.64   -143.55   -421.33    450.23  -1.45   2.73  -0.05
1996-12-19T06:40:11.948     66.54   -145.10   -423.53    452.61  -1.45   2.73  -0.05
1996-12-19T06:40:12.281     67.88   -142.47   -422.99    451.47  -1.45   2.73  -0.05
1996-12-19T06:40:12.615     69.84   -141.71   -422.31    450.89  -1.45   2.73  -0.05
1996-12-19T06:40:12.948     68.40   -143.32   -421.60    450.52  -1.44   2.73  -0.05
1996-12-19T06:40:13.281     71.40   -140.88   -423.36    451.86  -1.44   2.73  -0.05
1996-12-19T06:40:13.615     71.40   -140.78   -422.05    450.61  -1.44   2.73  -0.05
1996-12-19T06:40:13.948     69.14   -142.62   -423.22    451.92  -1.44   2.73  -0.05
1996-12-19T06:40:14.281     67.73   -144.00   -424.45    453.30  -1.44   2.73  -0.05
1996-12-19T06:40:14.615     71.05   -144.14   -422.14    451.69  -1.44   2.73  -0.05
1996-12-19T06:40:14.948     69.14   -142.24   -424.19    452.72  -1.44   2.72  -0.05
1996-12-19T06:40:15.281     68.03   -143.17   -422.19    450.97  -1.44   2.72  -0.05
1996-12-19T06:40:15.615     67.90   -143.35   -421.91    450.74  -1.44   2.72  -0.05
1996-12-19T06:40:15.948     68.05   -144.71   -423.93    453.09  -1.44   2.72  -0.05
1996-12-19T06:40:16.281     65.90   -143.25   -423.40    451.81  -1.43   2.72  -0.05
1996-12-19T06:40:16.615     64.51   -142.66   -421.59    449.73  -1.43   2.72  -0.05
1996-12-19T06:40:16.948     67.62   -144.01   -423.14    452.06  -1.43   2.72  -0.05
1996-12-19T06:40:17.281     68.55   -142.89   -424.00    452.65  -1.43   2.72  -0.05
1996-12-19T06:40:17.615     67.11   -145.04   -424.60    453.68  -1.43   2.72  -0.05
1996-12-19T06:40:17.948     65.06   -144.34   -422.57    451.25  -1.43   2.72  -0.05
1996-12-19T06:40:18.281     64.08   -145.63   -421.08    450.14  -1.43   2.72  -0.05
1996-12-19T06:40:18.615     69.69   -145.50   -422.99    452.71  -1.43   2.72  -0.05
1996-12-19T06:40:18.948     65.02   -145.64   -421.90    451.04  -1.43   2.72  -0.05
1996-12-19T06:40:19.281     67.43   -143.56   -420.72    449.62  -1.43   2.72  -0.05
1996-12-19T06:40:19.615     65.57   -145.86   -424.21    453.35  -1.42   2.72  -0.05
1996-12-19T06:40:19.948     68.18   -144.78   -424.28    453.46  -1.42   2.71  -0.05
1996-12-19T06:40:20.281     66.87   -145.59   -423.24    452.55  -1.42   2.71  -0.05
1996-12-19T06:40:20.615     69.25   -145.20   -421.73    451.37  -1.42   2.71  -0.05
1996-12-19T06:40:20.948     66.68   -144.91   -422.90    451.99  -1.42   2.71  -0.05
1996-12-19T06:40:21.281     68.62   -147.55   -422.67    452.91  -1.42   2.71  -0.05
1996-12-19T06:40:21.615     69.67   -146.92   -422.38    452.59  -1.42   2.71  -0.05
1996-12-19T06:40:21.948     70.76   -142.99   -421.46    450.65  -1.42   2.71  -0.05
1996-12-19T06:40:22.281     67.33   -143.76   -422.58    451.41  -1.42   2.71  -0.05
1996-12-19T06:40:22.615     66.82   -142.97   -424.35    452.75  -1.42   2.71  -0.05
1996-12-19T06:40:22.948     68.12   -144.80   -425.20    454.32  -1.41   2.71  -0.05
1996-12-19T06:40:23.281     67.92   -146.03   -424.52    454.04  -1.41   2.71  -0.05
1996-12-19T06:40:23.615     67.68   -146.54   -422.11    451.92  -1.41   2.71  -0.05
1996-12-19T06:40:23.948     69.26   -143.96   -423.53    452.66  -1.41   2.71  -0.05
1996-12-19T06:40:24.281     70.16   -140.50   -424.15    452.29  -1.41   2.71  -0.05
1996-12-19T06:40:24.615     66.59   -137.80   -423.68    450.47  -1.41   2.71  -0.05
1996-12-19T06:40:24.948     68.30   -137.70   -424.52    451.49  -1.41   2.70  -0.05
1996-12-19T06:40:25.281     68.78   -141.50   -419.40    447.94  -1.41   2.70  -0.05
1996-12-19T06:40:25.615     66.14   -139.05   -423.56    450.68  -1.41   2.70  -0.05
1996-12-19T06:40:25.948     68.21   -141.73   -423.80    452.05  -1.41   2.70  -0.05
1996-12-19T06:40:26.281     70.00   -137.47   -424.68    451.83  -1.40   2.70  -0.05
1996-12-19T06:40:26.615     68.97   -137.44   -423.71    450.75  -1.40   2.70  -0.05
1996-12-19T06:40:26.948     71.14   -138.48   -424.57    452.21  -1.40   2.70  -0.05
1996-12-19T06:40:27.281     66.92   -142.31   -423.48    451.74  -1.40   2.70  -0.05
1996-12-19T06:40:27.615     64.63   -142.17   -422.98    450.88  -1.40   2.70  -0.05
1996-12-19T06:40:27.948     67.48   -143.40   -421.37    450.19  -1.40   2.70  -0.05
1996-12-19T06:40:28.281     68.93   -142.04   -419.83    448.53  -1.40   2.70  -0.05
1996-12-19T06:40:28.615     69.85   -141.58   -419.81    448.52  -1.40   2.70  -0.05
1996-12-19T06:40:28.948     67.94   -143.28   -421.32    450.17  -1.40   2.70  -0.05
1996-12-19T06:40:29.281     69.09   -142.38   -419.40    448.27  -1.40   2.70  -0.05
1996-12-19T06:40:29.615     66.51   -141.16   -421.25    449.22  -1.39   2.70  -0.05
1996-12-19T06:40:29.948     69.75   -142.79   -421.38    450.35  -1.39   2.69  -0.05
1996-12-19T06:40:30.281     69.04   -144.99   -419.24    448.94  -1.39   2.69  -0.05
1996-12-19T06:40:30.615     68.58   -149.44   -419.42    450.50  -1.39   2.69  -0.05
1996-12-19T06:40:30.948     65.90   -148.61   -419.97    450.34  -1.39   2.69  -0.05
1996-12-19T06:40:31.281     64.73   -150.23   -417.20    448.12  -1.39   2.69  -0.05
1996-12-19T06:40:31.615     66.35   -146.32   -420.01    449.69  -1.39   2.69  -0.05
1996-12-19T06:40:31.948     65.93   -148.02   -419.09    449.32  -1.39   2.69  -0.05
1996-12-19T06:40:32.281     65.88   -145.68   -421.60    450.90  -1.39   2.69  -0.05
1996-12-19T06:40:32.615     64.13   -146.99   -422.73    452.13  -1.39   2.69  -0.05
1996-12-19T06:40:32.948     66.22   -144.66   -421.29    450.33  -1.38   2.69  -0.05
1996-12-19T06:40:33.281     66.71   -145.48   -420.79    450.20  -1.38   2.69  -0.05
1996-12-19T06:40:33.615     68.71   -146.10   -422.58    452.38  -1.38   2.69  -0.05
1996-12-19T06:40:33.948     68.83   -140.32   -425.35    453.16  -1.38   2.69  -0.05
1996-12-19T06:40:34.281     66.55   -148.00   -422.18    452.29  -1.38   2.69  -0.05
1996-12-19T06:40:34.615     65.47   -156.49   -419.58    452.57  -1.38   2.69  -0.05
1996-12-19T06:40:34.948     63.33   -159.52   -419.73    453.47  -1.38   2.69  -0.05
1996-12-19T06:40:35.281     63.82   -158.58   -420.95    454.33  -1.38   2.68  -0.05
1996-12-19T06:40:35.615     64.54   -154.44   -419.95    452.07  -1.38   2.68  -0.05
1996-12-19T06:40:35.948     64.03   -155.25   -422.94    455.06  -1.38   2.68  -0.05
1996-12-19T06:40:36.281     63.73   -155.83   -422.41    454.72  -1.37   2.68  -0.05
1996-12-19T06:40:36.615     62.78   -157.69   -424.14    456.84  -1.37   2.68  -0.05
1996-12-19T06:40:36.948     58.88   -161.42   -422.52    456.12  -1.37   2.68  -0.05
1996-12-19T06:40:37.281     60.96   -162.20   -420.87    455.14  -1.37   2.68  -0.05
1996-12-19T06:40:37.615     63.40   -160.51   -420.94    454.95  -1.37   2.68  -0.05
1996-12-19T06:40:37.948     64.79   -160.37   -422.59    456.62  -1.37   2.68  -0.05
1996-12-19T06:40:38.281     64.84   -158.76   -420.71    454.32  -1.37   2.68  -0.05
1996-12-19T06:40:38.615     64.85   -158.88   -421.74    455.32  -1.37   2.68  -0.05
1996-12-19T06:40:38.948     64.71   -159.28   -422.55    456.19  -1.37   2.68  -0.05
1996-12-19T06:40:39.281     65.35   -156.12   -421.02    453.76  -1.37   2.68  -0.05
1996-12-19T06:40:39.615     65.51   -155.36   -423.16    455.51  -1.36   2.68  -0.05
1996-12-19T06:40:39.948     65.72   -149.60   -419.83    450.51  -1.36   2.68  -0.05
1996-12-19T06:40:40.281     67.04   -149.06   -420.36    451.02  -1.36   2.67  -0.05
1996-12-19T06:40:40.615     74.36   -134.78   -424.20    451.26  -1.36   2.67  -0.05
1996-12-19T06:40:40.948     74.73   -135.35   -425.47    452.69  -1.36   2.67  -0.05
1996-12-19T06:40:41.281     72.16   -139.76   -423.93    452.17  -1.36   2.67  -0.05
1996-12-19T06:40:41.615     67.39   -145.17   -424.40    453.57  -1.36   2.67  -0.05
1996-12-19T06:40:41.948     67.13   -153.16   -420.88    452.89  -1.36   2.67  -0.05
1996-12-19T06:40:42.281     66.60   -152.95   -420.93    452.79  -1.36   2.67  -0.05
1996-12-19T06:40:42.615     66.92   -151.48   -420.73    452.15  -1.36   2.67  -0.05
1996-12-19T06:40:42.948     64.48   -151.38   -419.91    451.00  -1.35   2.67  -0.05
1996-12-19T06:40:43.281     65.87   -147.84   -422.02    451.99  -1.35   2.67  -0.05
1996-12-19T06:40:43.615     68.66   -150.02   -421.03    452.20  -1.35   2.67  -0.05
1996-12-19T06:40:43.948     67.41   -148.59   -421.65    452.12  -1.35   2.67  -0.05
1996-12-19T06:40:44.281     65.69   -147.53   -423.25    453.02  -1.35   2.67  -0.05
1996-12-19T06:40:44.615     67.45   -146.44   -421.37    451.16  -1.35   2.67  -0.05
1996-12-19T06:40:44.948     69.76   -145.60   -424.30    453.98  -1.35   2.67  -0.05
1996-12-19T06:40:45.281     69.55   -146.05   -423.09    452.96  -1.35   2.66  -0.05
1996-12-19T06:40:45.615     64.40   -146.19   -422.89    452.06  -1.35   2.66  -0.05
1996-12-19T06:40:45.948     65.19   -140.97   -427.63    454.96  -1.35   2.66  -0.05
1996-12-19T06:40:46.281     66.75   -149.71   -425.88    456.33  -1.34   2.66  -0.05
1996-12-19T06:40:46.615     67.90   -143.86   -427.78    456.41  -1.34   2.66  -0.05
1996-12-19T06:40:46.948     69.71   -144.03   -430.44    459.22  -1.34   2.66  -0.05
1996-12-19T06:40:47.281     66.18   -152.84   -428.49    459.72  -1.34   2.66  -0.05
1996-12-19T06:40:47.615     67.47   -157.55   -425.46    458.69  -1.34   2.66  -0.05
1996-12-19T06:40:47.948     68.01   -158.91   -427.73    461.34  -1.34   2.66  -0.05
1996-12-19T06:40:48.281     67.66   -158.16   -427.52    460.83  -1.34   2.66  -0.05
1996-12-19T06:40:48.615     67.45   -159.21   -428.41    461.98  -1.34   2.66  -0.05
1996-12-19T06:40:48.948     70.31   -159.43   -428.57    462.64  -1.34   2.66  -0.05
1996-12-19T06:40:49.281     67.51   -160.92   -429.51    463.61  -1.34   2.66  -0.05
1996-12-19T06:40:49.615     66.91   -161.65   -431.45    465.57  -1.33   2.66  -0.05
1996-12-19T06:40:49.948     67.46   -159.76   -430.66    464.27  -1.33   2.66  -0.05
1996-12-19T06:40:50.281     66.98   -159.68   -428.89    462.53  -1.33   2.65  -0.05
1996-12-19T06:40:50.615     65.41   -160.29   -427.83    461.53  -1.33   2.65  -0.05
1996-12-19T06:40:50.948     63.26   -160.35   -429.80    463.08  -1.33   2.65  -0.05
1996-12-19T06:40:51.281     67.95   -160.89   -428.21    462.46  -1.33   2.65  -0.05
1996-12-19T06:40:51.615     66.53   -161.97   -427.95    462.39  -1.33   2.65  -0.05
1996-12-19T06:40:51.948     64.60   -167.86   -425.84    462.27  -1.33   2.65  -0.05
1996-12-19T06:40:52.281     67.96   -164.69   -424.35    460.24  -1.33   2.65  -0.05
1996-12-19T06:40:52.615     65.66   -160.06   -427.40    461.08  -1.33   2.65  -0.05
1996-12-19T06:40:52.948     64.07   -165.64   -425.94    461.48  -1.32   2.65  -0.05
1996-12-19T06:40:53.281     60.70   -164.70   -427.96    462.56  -1.32   2.65  -0.05
1996-12-19T06:40:53.615     65.32   -158.77   -427.30    460.50  -1.32   2.65  -0.05
1996-12-19T06:40:53.948     66.74   -162.25   -426.34    461.02  -1.32   2.65  -0.05
1996-12-19T06:40:54.281     67.77   -161.71   -427.65    462.20  -1.32   2.65  -0.05
1996-12-19T06:40:54.615     62.43   -161.90   -425.23    459.27  -1.32   2.65  -0.05
1996-12-19T06:40:54.948     63.04   -163.40   -426.99    461.51  -1.32   2.65  -0.05
1996-12-19T06:40:55.281     59.03   -159.26   -426.46    459.04  -1.32   2.64  -0.05
1996-12-19T06:40:55.615     60.28   -158.51   -426.77    459.23  -1.32   2.64  -0.05
1996-12-19T06:40:55.948     61.57   -160.10   -428.33    461.40  -1.32   2.64  -0.05
1996-12-19T06:40:56.281     65.07   -153.64   -427.07    458.51  -1.31   2.64  -0.05
1996-12-19T06:40:56.615     64.39   -155.28   -427.54    459.40  -1.31   2.64  -0.05
1996-12-19T06:40:56.948     64.18   -157.85   -428.04    460.71  -1.31   2.64  -0.05
1996-12-19T06:40:57.281     64.38   -148.86   -429.48    459.08  -1.31   2.64  -0.05
1996-12-19T06:40:57.615     68.59   -146.97   -430.35    459.90  -1.31   2.64  -0.05
1996-12-19T06:40:57.948     65.86   -144.81   -431.37    459.77  -1.31   2.64  -0.05
1996-12-19T06:40:58.281     69.87   -140.74   -428.96    456.84  -1.31   2.64  -0.05
1996-12-19T06:40:58.615     70.95   -142.49   -430.74    459.21  -1.31   2.64  -0.05
1996-12-19T06:40:58.948     67.87   -144.23   -429.61    458.23  -1.31   2.64  -0.05
1996-12-19T06:40:59.281     67.56   -145.88   -430.32    459.37  -1.31   2.64  -0.05
1996-12-19T06:40:59.615     67.64   -150.31   -429.29    459.84  -1.30   2.64  -0.05
1996-12-19T06:40:59.948     67.31   -149.12   -428.12    458.32  -1.30   2.64  -0.05
1996-12-19T06:41:00.281     65.08   -149.93   -425.85    456.14  -1.30   2.64  -0.05
1996-12-19T06:41:00.615     64.64   -153.86   -427.16    458.61  -1.30   2.63  -0.05
1996-12-19T06:41:00.948     65.96   -153.25   -427.97    459.34  -1.30   2.63  -0.05
1996-12-19T06:41:01.281     66.91   -154.84   -427.74    459.80  -1.30   2.63  -0.05
1996-12-19T06:41:01.615     66.91   -154.09   -427.01    458.86  -1.30   2.63  -0.05
1996-12-19T06:41:01.948     66.10   -154.22   -428.14    459.85  -1.30   2.63  -0.05
1996-12-19T06:41:02.281     66.63   -153.30   -429.03    460.44  -1.30   2.63  -0.05
1996-12-19T06:41:02.615     68.72   -150.22   -427.20    458.02  -1.30   2.63  -0.05
1996-12-19T06:41:02.948     70.72   -147.03   -429.91    459.83  -1.29   2.63  -0.05
1996-12-19T06:41:03.281     67.23   -147.08   -430.03    459.43  -1.29   2.63  -0.05
1996-12-19T06:41:03.615     70.10   -146.25   -426.35    456.15  -1.29   2.63  -0.05
1996-12-19T06:41:03.948     69.73   -147.49   -425.84    456.02  -1.29   2.63  -0.05
1996-12-19T06:41:04.281     69.54   -147.95   -426.04    456.33  -1.29   2.63  -0.05
1996-12-19T06:41:04.615     70.51   -140.51   -430.78    458.57  -1.29   2.63  -0.05
1996-12-19T06:41:04.948     71.31   -142.45   -430.17    458.71  -1.29   2.63  -0.05
1996-12-19T06:41:05.281     69.80   -147.24   -426.89    456.94  -1.29   2.63  -0.05
1996-12-19T06:41:05.615     67.71   -145.31   -428.57    457.57  -1.29   2.62  -0.05
1996-12-19T06:41:05.948     68.66   -145.49   -425.07    454.50  -1.29   2.62  -0.05
1996-12-19T06:41:06.281     67.63   -146.03   -426.72    456.06  -1.29   2.62  -0.05
1996-12-19T06:41:06.615     70.52   -142.36   -427.59    456.15  -1.28   2.62  -0.05
1996-12-19T06:41:06.948     69.97   -144.22   -425.58    454.77  -1.28   2.62  -0.05
1996-12-19T06:41:07.281     68.27   -149.63   -423.81    454.61  -1.28   2.62  -0.05
1996-12-19T06:41:07.615     69.34   -143.61   -425.78    454.67  -1.28   2.62  -0.05
1996-12-19T06:41:07.948     69.34   -141.40   -427.22    455.32  -1.28   2.62  -0.05
1996-12-19T06:41:08.281     74.30   -140.29   -427.14    455.69  -1.28   2.62  -0.05
1996-12-19T06:41:08.615     74.95   -136.47   -427.62    455.08  -1.28   2.62  -0.05
1996-12-19T06:41:08.948     76.43   -139.69   -425.92    454.72  -1.28   2.62  -0.05
1996-12-19T06:41:09.281     73.88   -141.55   -425.14    454.14  -1.28   2.62  -0.05
1996-12-19T06:41:09.615     69.49   -146.54   -422.77    452.81  -1.28   2.62  -0.05
1996-12-19T06:41:09.948     68.25   -145.79   -423.64    453.19  -1.27   2.62  -0.05
1996-12-19T06:41:10.281     66.85   -148.55   -424.19    454.39  -1.27   2.62  -0.05
1996-12-19T06:41:10.615     63.98   -146.92   -421.83    451.24  -1.27   2.61  -0.05
1996-12-19T06:41:10.948     64.78   -148.63   -424.17    454.10  -1.27   2.61  -0.05
1996-12-19T06:41:11.281     63.76   -149.59   -424.78    454.84  -1.27   2.61  -0.05
1996-12-19T06:41:11.615     63.93   -149.56   -420.51    450.87  -1.27   2.61  -0.05
1996-12-19T06:41:11.948     65.04   -146.95   -424.98    454.35  -1.27   2.61  -0.05
1996-12-19T06:41:12.281     65.56   -148.78   -423.55    453.68  -1.27   2.61  -0.05
1996-12-19T06:41:12.615     63.94   -149.47   -421.18    451.47  -1.27   2.61  -0.05
1996-12-19T06:41:12.948     61.87   -149.08   -425.04    454.65  -1.27   2.61  -0.05
1996-12-19T06:41:13.281     64.10   -149.98   -425.74    455.91  -1.26   2.61  -0.05
1996-12-19T06:41:13.615     61.28   -146.27   -424.59    453.24  -1.26   2.61  -0.05
1996-12-19T06:41:13.948     62.38   -147.67   -424.11    453.40  -1.26   2.61  -0.05
1996-12-19T06:41:14.281     66.70   -148.71   -424.20    454.44  -1.26   2.61  -0.05
1996-12-19T06:41:14.615     66.73   -147.12   -427.42    456.93  -1.26   2.61  -0.05
1996-12-19T06:41:14.948     62.52   -148.92   -425.40    455.03  -1.26   2.61  -0.05
1996-12-19T06:41:15.281     63.16   -150.09   -420.92    451.32  -1.26   2.61  -0.05
1996-12-19T06:41:15.615     66.64   -146.06   -423.57    452.97  -1.26   2.60  -0.05
1996-12-19T06:41:15.948     69.87   -141.33   -422.86    451.30  -1.26   2.60  -0.05
1996-12-19T06:41:16.281     68.49   -142.08   -426.12    454.37  -1.26   2.60  -0.05
1996-12-19T06:41:16.615     69.44   -141.16   -422.60    450.93  -1.25   2.60  -0.05
1996-12-19T06:41:16.948     69.27   -142.32   -425.33    453.82  -1.25   2.60  -0.05
1996-12-19T06:41:17.281     70.95   -142.44   -423.53    452.44  -1.25   2.60  -0.05
1996-12-19T06:41:17.615     69.34   -140.39   -423.90    451.90  -1.25   2.60  -0.05
1996-12-19T06:41:17.948     72.50   -140.78   -425.91    454.40  -1.25   2.60  -0.05
1996-12-19T06:41:18.281     68.98   -137.08   -427.39    454.10  -1.25   2.60  -0.05
1996-12-19T06:41:18.615     74.67   -138.68   -424.43    452.72  -1.25   2.60  -0.05
1996-12-19T06:41:18.948     71.48   -143.54   -422.78    452.17  -1.25   2.60  -0.05
1996-12-19T06:41:19.281     71.99   -138.98   -425.45    453.33  -1.25   2.60  -0.05
1996-12-19T06:41:19.615     74.21   -138.70   -426.37    454.46  -1.25   2.60  -0.05
1996-12-19T06:41:19.948     76.81   -139.46   -427.98    456.63  -1.24   2.60  -0.05
1996-12-19T06:41:20.281     78.25   -141.21   -428.38    457.80  -1.24   2.60  -0.05
1996-12-19T06:41:20.615     75.25   -141.27   -430.46    459.25  -1.24   2.59  -0.05
1996-12-19T06:41:20.948     73.06   -144.00   -426.03    455.60  -1.24   2.59  -0.05
1996-12-19T06:41:21.281     79.09   -144.56   -428.91    459.48  -1.24   2.59  -0.05
1996-12-19T06:41:21.615     75.19   -142.43   -428.65    457.91  -1.24   2.59  -0.05
1996-12-19T06:41:21.948     75.06   -141.09   -428.62    457.44  -1.24   2.59  -0.05
1996-12-19T06:41:22.281     73.43   -142.47   -427.80    456.84  -1.24   2.59  -0.05
1996-12-19T06:41:22.615     75.31   -143.60   -430.00    459.55  -1.24   2.59  -0.05
1996-12-19T06:41:22.948     77.08   -142.98   -428.64    458.38  -1.24   2.59  -0.05
1996-12-19T06:41:23.281     73.22   -143.44   -427.02    456.38  -1.23   2.59  -0.05
1996-12-19T06:41:23.615     73.49   -144.30   -427.74    457.37  -1.23   2.59  -0.05
1996-12-19T06:41:23.948     75.44   -144.44   -428.80    458.72  -1.23   2.59  -0.05
1996-12-19T06:41:24.281     77.20   -142.78   -428.13    457.86  -1.23   2.59  -0.05
1996-12-19T06:41:24.615     74.86   -144.50   -428.20    458.08  -1.23   2.59  -0.05
1996-12-19T06:41:24.948     74.70   -143.57   -428.00    457.58  -1.23   2.59  -0.05
1996-12-19T06:41:25.281     76.89   -140.06   -429.52    458.27  -1.23   2.59  -0.05
1996-12-19T06:41:25.615     77.51   -140.68   -429.36    458.42  -1.23   2.59  -0.05
1996-12-19T06:41:25.948     75.27   -141.81   -427.86    456.99  -1.23   2.58  -0.05
1996-12-19T06:41:26.281     72.89   -142.84   -429.20    458.18  -1.23   2.58  -0.05
1996-12-19T06:41:26.615     74.90   -144.61   -429.50    459.34  -1.22   2.58  -0.05
1996-12-19T06:41:26.948     73.22   -145.22   -428.77    458.58  -1.22   2.58  -0.05
1996-12-19T06:41:27.281     73.41   -144.55   -425.53    455.37  -1.22   2.58  -0.05
1996-12-19T06:41:27.615     70.93   -148.24   -428.73    459.15  -1.22   2.58  -0.05
1996-12-19T06:41:27.948     72.79   -148.47   -425.76    456.74  -1.22   2.58  -0.05
1996-12-19T06:41:28.281     72.17   -143.34   -426.15    455.37  -1.22   2.58  -0.05
1996-12-19T06:41:28.615     71.28   -147.63   -424.97    455.50  -1.22   2.58  -0.05
1996-12-19T06:41:28.948     68.30   -145.45   -426.42    455.69  -1.22   2.58  -0.05
1996-12-19T06:41:29.281     70.14   -145.58   -428.76    458.20  -1.22   2.58  -0.05
1996-12-19T06:41:29.615     69.16   -145.84   -428.47    457.86  -1.22   2.58  -0.05
1996-12-19T06:41:29.948     69.18   -143.51   -426.68    455.45  -1.21   2.58  -0.05
1996-12-19T06:41:30.281     68.80   -144.96   -429.31    458.32  -1.21   2.58  -0.05
1996-12-19T06:41:30.615     71.47   -143.88   -429.54    458.60  -1.21   2.58  -0.05
1996-12-19T06:41:30.948     68.66   -143.72   -428.82    457.44  -1.21   2.57  -0.05
1996-12-19T06:41:31.281     69.46   -143.96   -426.90    455.85  -1.21   2.57  -0.05
1996-12-19T06:41:31.615     70.44   -144.67   -428.11    457.35  -1.21   2.57  -0.05
1996-12-19T06:41:31.948     65.27   -144.36   -427.69    456.09  -1.21   2.57  -0.05
1996-12-19T06:41:32.281     72.81   -143.22   -428.82    457.93  -1.21   2.57  -0.05
1996-12-19T06:41:32.615     71.79   -141.62   -425.42    454.08  -1.21   2.57  -0.05
1996-12-19T06:41:32.948     70.38   -147.07   -426.29    456.41  -1.21   2.57  -0.05
1996-12-19T06:41:33.281     68.99   -147.44   -426.46    456.48  -1.20   2.57  -0.05
1996-12-19T06:41:33.615     68.15   -146.40   -426.01    455.59  -1.20   2.57  -0.05
1996-12-19T06:41:33.948     72.14   -142.01   -426.34    455.12  -1.20   2.57  -0.05
1996-12-19T06:41:34.281     78.10   -135.79   -427.57    455.36  -1.20   2.57  -0.05
1996-12-19T06:41:34.615     72.79   -137.40   -427.73    455.12  -1.20   2.57  -0.05
1996-12-19T06:41:34.948     71.78   -144.81   -427.62    457.14  -1.20   2.57  -0.05
1996-12-19T06:41:35.281     69.22   -141.94   -432.74    460.66  -1.20   2.57  -0.05
1996-12-19T06:41:35.615     70.01   -145.87   -428.67    458.19  -1.20   2.57  -0.05
1996-12-19T06:41:35.948     69.95   -149.79   -428.75    459.52  -1.20   2.56  -0.05
1996-12-19T06:41:36.281     70.10   -147.50   -430.04    460.01  -1.20   2.56  -0.05
1996-12-19T06:41:36.615     67.46   -150.55   -430.57    461.09  -1.19   2.56  -0.05
1996-12-19T06:41:36.948     67.55   -152.47   -429.17    460.43  -1.19   2.56  -0.05
1996-12-19T06:41:37.281     64.27   -154.26   -428.70    460.12  -1.19   2.56  -0.05
1996-12-19T06:41:37.615     65.78   -158.09   -428.68    461.62  -1.19   2.56  -0.05
1996-12-19T06:41:37.948     64.30   -156.01   -426.70    458.85  -1.19   2.56  -0.05
1996-12-19T06:41:38.281     65.50   -151.84   -429.36    460.10  -1.19   2.56  -0.05
1996-12-19T06:41:38.615     66.76   -153.81   -430.26    461.77  -1.19   2.56  -0.05
1996-12-19T06:41:38.948     65.19   -157.83   -425.22    458.23  -1.19   2.56  -0.05
1996-12-19T06:41:39.281     67.57   -156.91   -427.67    460.53  -1.19   2.56  -0.05
1996-12-19T06:41:39.615     66.78   -157.27   -429.79    462.50  -1.19   2.56  -0.05
1996-12-19T06:41:39.948     65.02   -157.39   -427.69    460.34  -1.18   2.56  -0.05
1996-12-19T06:41:40.281     67.47   -155.80   -428.21    460.64  -1.18   2.56  -0.05
1996-12-19T06:41:40.615     66.04   -155.30   -429.63    461.59  -1.18   2.56  -0.05
1996-12-19T06:41:40.948     67.59   -154.36   -430.86    462.64  -1.18   2.55  -0.05
1996-12-19T06:41:41.281     68.88   -154.78   -430.92    463.03  -1.18   2.55  -0.05
1996-12-19T06:41:41.615     74.85   -149.22   -434.29    465.27  -1.18   2.55  -0.05
1996-12-19T06:41:41.948     75.54   -148.53   -431.14    462.22  -1.18   2.55  -0.05
1996-12-19T06:41:42.281     73.58   -150.20   -431.28    462.57  -1.18   2.55  -0.05
1996-12-19T06:41:42.615     71.26   -151.56   -428.72    460.27  -1.18   2.55  -0.05
1996-12-19T06:41:42.948     64.57   -154.53   -430.48    461.92  -1.18   2.55  -0.05
1996-12-19T06:41:43.281     70.07   -153.27   -431.24    463.00  -1.17   2.55  -0.05
1996-12-19T06:41:43.615     70.19   -150.29   -430.85    461.68  -1.17   2.55  -0.05
1996-12-19T06:41:43.948     71.77   -150.86   -428.26    459.69  -1.17   2.55  -0.05
1996-12-19T06:41:44.281     71.90   -151.65   -432.04    463.49  -1.17   2.55  -0.05
1996-12-19T06:41:44.615     72.34   -146.83   -431.66    461.65  -1.17   2.55  -0.05
1996-12-19T06:41:44.948     70.84   -148.54   -432.09    462.37  -1.17   2.55  -0.05
1996-12-19T06:41:45.281     72.10   -148.38   -430.28    460.82  -1.17   2.55  -0.05
1996-12-19T06:41:45.615     71.62   -147.91   -431.29    461.54  -1.17   2.55  -0.05
1996-12-19T06:41:45.948     70.86   -147.26   -432.99    462.80  -1.17   2.54  -0.05
1996-12-19T06:41:46.281     74.40   -147.48   -432.03    462.53  -1.17   2.54  -0.05
1996-12-19T06:41:46.615     76.20   -150.10   -433.88    465.39  -1.16   2.54  -0.05
1996-12-19T06:41:46.948     75.45   -146.53   -432.98    463.29  -1.16   2.54  -0.05
1996-12-19T06:41:47.281     73.81   -148.75   -430.31    461.24  -1.16   2.54  -0.05
1996-12-19T06:41:47.615     72.61   -154.15   -430.26    462.77  -1.16   2.54  -0.05
1996-12-19T06:41:47.948     72.21   -148.92   -432.71    463.28  -1.16   2.54  -0.05
1996-12-19T06:41:48.281     75.11   -146.87   -433.45    463.78  -1.16   2.54  -0.05
1996-12-19T06:41:48.615     72.72   -149.30   -430.21    461.15  -1.16   2.54  -0.05
1996-12-19T06:41:48.948     73.18   -149.45   -431.30    462.29  -1.16   2.54  -0.05
1996-12-19T06:41:49.281     72.95   -149.13   -431.50    462.34  -1.16   2.54  -0.05
1996-12-19T06:41:49.615     72.46   -147.84   -430.01    460.45  -1.16   2.54  -0.05
1996-12-19T06:41:49.948     74.63   -150.77   -429.79    461.54  -1.15   2.54  -0.05
1996-12-19T06:41:50.281     71.42   -150.88   -431.54    462.70  -1.15   2.54  -0.05
1996-12-19T06:41:50.614     75.68   -145.98   -431.32    461.60  -1.15   2.54  -0.05
1996-12-19T06:41:50.948     77.47   -148.88   -429.67    461.28  -1.15   2.53  -0.05
1996-12-19T06:41:51.281     74.78   -143.58   -432.24    461.56  -1.15   2.53  -0.05
1996-12-19T06:41:51.614     78.18   -144.76   -431.59    461.88  -1.15   2.53  -0.05
1996-12-19T06:41:51.948     76.58   -148.98   -432.89    464.17  -1.15   2.53  -0.05
1996-12-19T06:41:52.281     75.07   -148.58   -432.79    463.70  -1.15   2.53  -0.05
1996-12-19T06:41:52.614     75.20   -147.28   -431.90    462.48  -1.15   2.53  -0.05
1996-12-19T06:41:52.948     72.22   -150.96   -432.09    463.36  -1.15   2.53  -0.05
1996-12-19T06:41:53.281     73.05   -150.81   -431.72    463.10  -1.14   2.53  -0.05
1996-12-19T06:41:53.614     71.32   -155.27   -432.13    464.68  -1.14   2.53  -0.05
1996-12-19T06:41:53.948     66.30   -159.42   -432.27    465.47  -1.14   2.53  -0.05
1996-12-19T06:41:54.281     69.80   -156.86   -429.56    462.60  -1.14   2.53  -0.05
1996-12-19T06:41:54.614     72.14   -155.75   -431.04    463.95  -1.14   2.53  -0.05
1996-12-19T06:41:54.948     68.28   -155.30   -432.10    464.21  -1.14   2.53  -0.05
1996-12-19T06:41:55.281     73.03   -155.22   -431.95    464.77  -1.14   2.53  -0.05
1996-12-19T06:41:55.614     70.43   -155.61   -432.42    464.94  -1.14   2.53  -0.05
1996-12-19T06:41:55.948     72.74   -152.91   -430.85    462.93  -1.14   2.53  -0.05
1996-12-19T06:41:56.281     75.35   -150.77   -431.26    463.02  -1.14   2.52  -0.05
1996-12-19T06:41:56.614     75.52   -150.66   -431.84    463.56  -1.13   2.52  -0.05
1996-12-19T06:41:56.948     78.61   -148.22   -429.60    461.20  -1.13   2.52  -0.05
1996-12-19T06:41:57.281     80.11   -148.39   -434.82    466.38  -1.13   2.52  -0.05
1996-12-19T06:41:57.614     82.68   -146.46   -432.53    464.08  -1.13   2.52  -0.05
1996-12-19T06:41:57.948     80.03   -146.43   -433.58    464.58  -1.13   2.52  -0.05
1996-12-19T06:41:58.281     79.61   -153.09   -433.10    466.21  -1.13   2.52  -0.05
1996-12-19T06:41:58.614     74.75   -149.41   -434.83    465.82  -1.13   2.52  -0.05
1996-12-19T06:41:58.948     74.79   -148.26   -430.69    461.60  -1.13   2.52  -0.05
1996-12-19T06:41:59.281     74.46   -148.06   -429.73    460.58  -1.13   2.52  -0.05
1996-12-19T06:41:59.614     76.86   -150.70   -433.72    465.54  -1.13   2.52  -0.05
1996-12-19T06:41:59.948     73.68   -151.77   -432.22    463.98  -1.12   2.52  -0.05
1996-12-19T06:42:00.281     75.18   -153.06   -432.76    465.14  -1.12   2.52  -0.05
1996-12-19T06:42:00.614     73.85   -158.07   -432.91    466.75  -1.12   2.52  -0.05
1996-12-19T06:42:00.948     74.60   -155.62   -428.99    462.40  -1.12   2.52  -0.05
1996-12-19T06:42:01.281     75.41   -155.74   -431.61    465.00  -1.12   2.51  -0.05
1996-12-19T06:42:01.614     76.51   -153.85   -431.19    464.16  -1.12   2.51  -0.05
1996-12-19T06:42:01.948     78.50   -153.93   -433.90    467.04  -1.12   2.51  -0.05
1996-12-19T06:42:02.281     79.39   -151.47   -431.05    463.74  -1.12   2.51  -0.05
1996-12-19T06:42:02.614     77.57   -153.44   -431.66    464.64  -1.12   2.51  -0.05
1996-12-19T06:42:02.948     74.29   -154.55   -432.84    465.57  -1.12   2.51  -0.05
1996-12-19T06:42:03.281     73.16   -154.95   -434.30    466.88  -1.11   2.51  -0.05
1996-12-19T06:42:03.614     73.49   -155.19   -431.37    464.29  -1.11   2.51  -0.05
1996-12-19T06:42:03.948     75.58   -154.72   -431.51    464.59  -1.11   2.51  -0.05
1996-12-19T06:42:04.281     74.40   -151.45   -434.18    465.82  -1.11   2.51  -0.05
1996-12-19T06:42:04.614     75.07   -152.54   -432.74    464.94  -1.11   2.51  -0.05
1996-12-19T06:42:04.948     77.72   -154.84   -431.36    464.85  -1.11   2.51  -0.05
1996-12-19T06:42:05.281     76.32   -152.43   -433.49    465.81  -1.11   2.51  -0.05
1996-12-19T06:42:05.614     77.47   -149.71   -432.29    464.00  -1.11   2.51  -0.05
1996-12-19T06:42:05.948     79.80   -151.25   -433.74    466.23  -1.11   2.51  -0.05
1996-12-19T06:42:06.281     80.44   -150.48   -434.93    467.20  -1.11   2.50  -0.05
1996-12-19T06:42:06.614     78.85   -151.22   -432.73    465.13  -1.10   2.50  -0.05
1996-12-19T06:42:06.948     72.64   -154.94   -434.22    466.72  -1.10   2.50  -0.05
1996-12-19T06:42:07.281     69.95   -157.50   -431.95    465.06  -1.10   2.50  -0.05
1996-12-19T06:42:07.614     72.31   -157.00   -430.50    463.91  -1.10   2.50  -0.05
1996-12-19T06:42:07.948     71.24   -156.51   -434.30    467.10  -1.10   2.50  -0.05
1996-12-19T06:42:08.281     70.48   -156.66   -433.30    466.11  -1.10   2.50  -0.05
1996-12-19T06:42:08.614     72.63   -155.96   -432.69    465.64  -1.10   2.50  -0.05
1996-12-19T06:42:08.948     70.73   -155.31   -432.02    464.51  -1.10   2.50  -0.05
1996-12-19T06:42:09.281     70.18   -156.43   -434.01    466.65  -1.10   2.50  -0.05
1996-12-19T06:42:09.614     71.58   -160.88   -432.63    467.09  -1.10   2.50  -0.04
1996-12-19T06:42:09.948     69.45   -156.96   -433.58    466.32  -1.09   2.50  -0.04
1996-12-19T06:42:10.281     68.66   -158.32   -433.75    466.82  -1.09   2.50  -0.04
1996-12-19T06:42:10.614     71.99   -158.91   -432.06    465.96  -1.09   2.50  -0.04
1996-12-19T06:42:10.948     72.78   -161.75   -431.89    466.89  -1.09   2.50  -0.04
1996-12-19T06:42:11.281     69.67   -156.91   -432.26    465.10  -1.09   2.49  -0.04
1996-12-19T06:42:11.614     75.73   -154.52   -433.88    466.75  -1.09   2.49  -0.04
1996-12-19T06:42:11.948     74.77   -157.56   -432.14    466.01  -1.09   2.49  -0.04
1996-12-19T06:42:12.281     72.44   -156.40   -431.06    464.24  -1.09   2.49  -0.04
1996-12-19T06:42:12.614     66.99   -159.99   -431.86    465.39  -1.09   2.49  -0.04
1996-12-19T06:42:12.948     70.53   -160.19   -431.42    465.58  -1.09   2.49  -0.04
1996-12-19T06:42:13.281     67.08   -159.50   -431.25    464.67  -1.08   2.49  -0.04
1996-12-19T06:42:13.614     70.71   -156.83   -432.42    465.38  -1.08   2.49  -0.04
1996-12-19T06:42:13.948     68.85   -158.82   -432.68    466.02  -1.08   2.49  -0.04
1996-12-19T06:42:14.281     72.17   -156.29   -431.66    464.72  -1.08   2.49  -0.04
1996-12-19T06:42:14.614     72.56   -158.65   -431.57    465.50  -1.08   2.49  -0.04
1996-12-19T06:42:14.948     68.71   -158.64   -430.95    464.34  -1.08   2.49  -0.04
1996-12-19T06:42:15.281     70.86   -159.11   -430.52    464.42  -1.08   2.49  -0.04
1996-12-19T06:42:15.614     69.45   -159.15   -432.90    466.42  -1.08   2.49  -0.04
1996-12-19T06:42:15.948     68.80   -158.39   -430.72    464.05  -1.08   2.49  -0.04
1996-12-19T06:42:16.281     68.50   -161.00   -430.99    465.15  -1.08   2.48  -0.04
1996-12-19T06:42:16.614     69.28   -160.63   -431.29    465.41  -1.08   2.48  -0.04
1996-12-19T06:42:16.948     68.31   -162.82   -428.79    463.72  -1.07   2.48  -0.04
1996-12-19T06:42:17.281     68.94   -162.97   -430.71    465.65  -1.07   2.48  -0.04
1996-12-19T06:42:17.614     70.60   -160.30   -431.06    465.29  -1.07   2.48  -0.04
1996-12-19T06:42:17.948     72.42   -153.68   -428.44    460.89  -1.07   2.48  -0.04
1996-12-19T06:42:18.281     70.06   -155.76   -429.70    462.40  -1.07   2.48  -0.04
1996-12-19T06:42:18.614     75.28   -150.67   -435.51    466.94  -1.07   2.48  -0.04
1996-12-19T06:42:18.948     74.51   -150.81   -433.13    464.65  -1.07   2.48  -0.04
1996-12-19T06:42:19.281     74.91   -151.90   -433.69    465.59  -1.07   2.48  -0.04
1996-12-19T06:42:19.614     77.48   -151.63   -434.69    466.85  -1.07   2.48  -0.04
1996-12-19T06:42:19.948     79.68   -150.47   -434.60    466.76  -1.07   2.48  -0.04
1996-12-19T06:42:20.281     79.67   -151.73   -432.69    465.39  -1.06   2.48  -0.04
1996-12-19T06:42:20.614     76.04   -151.25   -434.71    466.51  -1.06   2.48  -0.04
1996-12-19T06:42:20.948     78.42   -153.49   -433.11    466.14  -1.06   2.48  -0.04
1996-12-19T06:42:21.281     73.56   -152.46   -432.39    464.34  -1.06   2.47  -0.04
1996-12-19T06:42:21.614     76.55   -153.27   -430.70    463.52  -1.06   2.47  -0.04
1996-12-19T06:42:21.948     72.50   -153.35   -431.78    463.91  -1.06   2.47  -0.04
1996-12-19T06:42:22.281     73.25   -153.70   -430.55    463.00  -1.06   2.47  -0.04
1996-12-19T06:42:22.614     72.06   -153.07   -431.34    463.33  -1.06   2.47  -0.04
1996-12-19T06:42:22.948     73.58   -152.46   -430.94    463.00  -1.06   2.47  -0.04
1996-12-19T06:42:23.281     69.16   -151.56   -431.73    462.76  -1.06   2.47  -0.04
1996-12-19T06:42:23.614     72.10   -150.78   -431.41    462.65  -1.05   2.47  -0.04
1996-12-19T06:42:23.948     71.78   -150.44   -431.61    462.68  -1.05   2.47  -0.04
1996-12-19T06:42:24.281     70.76   -153.80   -430.77    462.84  -1.05   2.47  -0.04
1996-12-19T06:42:24.614     68.73   -152.46   -432.17    463.40  -1.05   2.47  -0.04
1996-12-19T06:42:24.948     67.87   -151.43   -430.86    461.71  -1.05   2.47  -0.04
1996-12-19T06:42:25.281     74.24   -152.07   -429.73    461.85  -1.05   2.47  -0.04
1996-12-19T06:42:25.614     71.89   -150.86   -428.47    459.91  -1.05   2.47  -0.04
1996-12-19T06:42:25.948     75.58   -152.04   -431.41    463.62  -1.05   2.47  -0.04
1996-12-19T06:42:26.281     75.42   -150.60   -430.85    462.60  -1.05   2.47  -0.04
1996-12-19T06:42:26.614     72.52   -152.42   -429.25    461.25  -1.05   2.46  -0.04
1996-12-19T06:42:26.948     71.91   -152.79   -429.22    461.24  -1.04   2.46  -0.04
1996-12-19T06:42:27.281     70.85   -154.14   -428.86    461.20  -1.04   2.46  -0.04
1996-12-19T06:42:27.614     72.69   -150.91   -428.28    459.87  -1.04   2.46  -0.04
1996-12-19T06:42:27.948     70.07   -151.75   -430.05    461.39  -1.04   2.46  -0.04
1996-12-19T06:42:28.281     69.93   -152.09   -432.41    463.68  -1.04   2.46  -0.04
1996-12-19T06:42:28.614     69.96   -150.19   -430.99    461.74  -1.04   2.46  -0.04
1996-12-19T06:42:28.948     67.91   -150.62   -429.73    460.40  -1.04   2.46  -0.04
1996-12-19T06:42:29.281     67.48   -150.75   -430.03    460.66  -1.04   2.46  -0.04
1996-12-19T06:42:29.614     71.60   -149.73   -431.12    461.97  -1.04   2.46  -0.04
1996-12-19T06:42:29.948     70.26   -148.26   -429.62    459.88  -1.04   2.46  -0.04
1996-12-19T06:42:30.281     68.34   -148.54   -431.35    461.30  -1.03   2.46  -0.04
1996-12-19T06:42:30.614     72.88   -149.61   -431.32    462.31  -1.03   2.46  -0.04
1996-12-19T06:42:30.948     71.53   -150.16   -430.00    461.05  -1.03   2.46  -0.04
1996-12-19T06:42:31.281     71.20   -149.32   -431.45    462.08  -1.03   2.46  -0.04
1996-12-19T06:42:31.614     67.70   -148.45   -429.05    459.03  -1.03   2.45  -0.04
1996-12-19T06:42:31.948     71.43   -150.11   -429.27    460.33  -1.03   2.45  -0.04
1996-12-19T06:42:32.281     70.60   -150.12   -430.12    461.00  -1.03   2.45  -0.04
1996-12-19T06:42:32.614     70.11   -150.11   -429.77    460.60  -1.03   2.45  -0.04
1996-12-19T06:42:32.948     71.71   -151.02   -428.20    459.68  -1.03   2.45  -0.04
1996-12-19T06:42:33.281     70.29   -151.23   -429.82    461.04  -1.03   2.45  -0.04
1996-12-19T06:42:33.614     72.62   -150.52   -429.76    461.12  -1.02   2.45  -0.04
1996-12-19T06:42:33.948     70.58   -149.77   -430.38    461.13  -1.02   2.45  -0.04
1996-12-19T06:42:34.281     73.22   -149.92   -428.55    459.88  -1.02   2.45  -0.04
1996-12-19T06:42:34.614     70.69   -151.72   -429.49    460.96  -1.02   2.45  -0.04
1996-12-19T06:42:34.948     72.55   -151.38   -431.09    462.62  -1.02   2.45  -0.04
1996-12-19T06:42:35.281     74.85   -149.42   -430.65    461.94  -1.02   2.45  -0.04
1996-12-19T06:42:35.614     74.85   -150.16   -429.83    461.41  -1.02   2.45  -0.04
1996-12-19T06:42:35.948     71.42   -150.94   -428.47    459.86  -1.02   2.45  -0.04
1996-12-19T06:42:36.281     72.33   -150.44   -431.68    462.83  -1.02   2.45  -0.04
1996-12-19T06:42:36.614     74.29   -149.40   -433.84    464.82  -1.02   2.44  -0.04
1996-12-19T06:42:36.948     73.68   -149.80   -429.93    461.20  -1.01   2.44  -0.04
1996-12-19T06:42:37.281     73.89   -149.55   -429.36    460.62  -1.01   2.44  -0.04
1996-12-19T06:42:37.614     76.32   -147.97   -431.08    462.12  -1.01   2.44  -0.04
1996-12-19T06:42:37.948     74.10   -148.66   -430.59    461.52  -1.01   2.44  -0.04
1996-12-19T06:42:38.281     74.32   -148.93   -432.04    463.00  -1.01   2.44  -0.04
1996-12-19T06:42:38.614     74.01   -149.65   -431.48    462.65  -1.01   2.44  -0.04
1996-12-19T06:42:38.948     74.49   -148.11   -429.07    459.99  -1.01   2.44  -0.04
1996-12-19T06:42:39.281     73.49   -149.57   -429.30    460.51  -1.01   2.44  -0.04
1996-12-19T06:42:39.614     75.71   -150.16   -429.52    461.27  -1.01   2.44  -0.04
1996-12-19T06:42:39.948     78.09   -152.09   -431.38    464.02  -1.01   2.44  -0.04
1996-12-19T06:42:40.281     77.47   -149.73   -429.42    461.32  -1.00   2.44  -0.04
1996-12-19T06:42:40.614     72.33   -150.20   -432.66    463.67  -1.00   2.44  -0.04
1996-12-19T06:42:40.948     69.32   -149.13   -428.69    459.15  -1.00   2.44  -0.04
1996-12-19T06:42:41.281     72.23   -149.37   -429.46    460.39  -1.00   2.44  -0.04
1996-12-19T06:42:41.614     69.42   -151.21   -429.10    460.23  -1.00   2.43  -0.04
1996-12-19T06:42:41.948     72.86   -149.05   -431.66    462.45  -1.00   2.43  -0.04
1996-12-19T06:42:42.281     72.30   -148.07   -428.62    459.21  -1.00   2.43  -0.04
1996-12-19T06:42:42.614     73.91   -150.17   -430.56    461.95  -1.00   2.43  -0.04
1996-12-19T06:42:42.948     71.54   -150.26   -430.02    461.10  -1.00   2.43  -0.04
1996-12-19T06:42:43.281     71.56   -147.39   -431.61    461.66  -1.00   2.43  -0.04
1996-12-19T06:42:43.614     74.96   -148.76   -429.74    460.89  -0.99   2.43  -0.04
1996-12-19T06:42:43.948     74.97   -146.77   -428.40    459.01  -0.99   2.43  -0.04
1996-12-19T06:42:44.281     73.20   -147.51   -427.37    458.00  -0.99   2.43  -0.04
1996-12-19T06:42:44.614     71.54   -149.80   -427.82    458.90  -0.99   2.43  -0.04
1996-12-19T06:42:44.948     74.21   -148.46   -428.73    459.73  -0.99   2.43  -0.04
1996-12-19T06:42:45.281     74.75   -148.38   -427.47    458.62  -0.99   2.43  -0.04
1996-12-19T06:42:45.614     72.50   -150.45   -427.15    458.63  -0.99   2.43  -0.04
1996-12-19T06:42:45.948     70.00   -151.13   -428.48    459.71  -0.99   2.43  -0.04
1996-12-19T06:42:46.281     70.92   -152.04   -427.56    459.29  -0.99   2.43  -0.04
1996-12-19T06:42:46.614     70.94   -150.29   -427.07    458.27  -0.99   2.42  -0.04
1996-12-19T06:42:46.948     69.68   -149.69   -429.75    460.38  -0.98   2.42  -0.04
1996-12-19T06:42:47.281     68.60   -151.13   -426.91    458.04  -0.98   2.42  -0.04
1996-12-19T06:42:47.614     69.50   -143.38   -429.65    458.25  -0.98   2.42  -0.04
1996-12-19T06:42:47.948     68.96   -147.36   -429.98    459.74  -0.98   2.42  -0.04
1996-12-19T06:42:48.281     68.86   -146.12   -428.83    458.25  -0.98   2.42  -0.04
1996-12-19T06:42:48.614     72.26   -147.02   -427.53    457.84  -0.98   2.42  -0.04
1996-12-19T06:42:48.948     70.36   -144.91   -425.95    455.39  -0.98   2.42  -0.04
1996-12-19T06:42:49.281     68.17   -146.99   -429.33    458.88  -0.98   2.42  -0.04
1996-12-19T06:42:49.614     70.79   -145.26   -430.43    459.76  -0.98   2.42  -0.04
1996-12-19T06:42:49.948     68.67   -147.21   -428.28    458.05  -0.98   2.42  -0.04
1996-12-19T06:42:50.281     71.24   -145.09   -428.46    457.94  -0.97   2.42  -0.04
1996-12-19T06:42:50.614     70.97   -145.59   -427.27    456.94  -0.97   2.42  -0.04
1996-12-19T06:42:50.948     69.36   -148.98   -427.42    457.93  -0.97   2.42  -0.04
1996-12-19T06:42:51.281     70.22   -146.95   -428.63    458.53  -0.97   2.42  -0.04
1996-12-19T06:42:51.614     66.30   -150.65   -428.12    458.67  -0.97   2.41  -0.04
1996-12-19T06:42:51.948     71.15   -149.71   -426.56    457.63  -0.97   2.41  -0.04
1996-12-19T06:42:52.281     67.06   -149.70   -429.12    459.40  -0.97   2.41  -0.04
1996-12-19T06:42:52.614     71.17   -147.59   -429.06    459.29  -0.97   2.41  -0.04
1996-12-19T06:42:52.948     67.70   -146.93   -427.38    456.97  -0.97   2.41  -0.04
1996-12-19T06:42:53.281     69.91   -150.62   -427.68    458.79  -0.97   2.41  -0.04
1996-12-19T06:42:53.614     71.21   -151.10   -428.08    459.52  -0.96   2.41  -0.04
1996-12-19T06:42:53.948     73.02   -152.38   -426.32    458.58  -0.96   2.41  -0.04
1996-12-19T06:42:54.281     74.54   -149.51   -427.56    459.04  -0.96   2.41  -0.04
1996-12-19T06:42:54.614     73.86   -149.48   -425.98    457.44  -0.96   2.41  -0.04
1996-12-19T06:42:54.948     70.67   -151.87   -428.29    459.89  -0.96   2.41  -0.04
1996-12-19T06:42:55.281     71.90   -150.24   -428.32    459.57  -0.96   2.41  -0.04
1996-12-19T06:42:55.614     69.24   -153.33   -424.49    456.61  -0.96   2.41  -0.04
1996-12-19T06:42:55.948     72.13   -151.82   -429.09    460.84  -0.96   2.41  -0.04
1996-12-19T06:42:56.281     74.33   -149.16   -427.95    459.25  -0.96   2.41  -0.04
1996-12-19T06:42:56.614     72.04   -151.56   -427.27    459.04  -0.96   2.40  -0.04
1996-12-19T06:42:56.948     71.41   -148.25   -428.08    458.62  -0.95   2.40  -0.04
1996-12-19T06:42:57.281     73.39   -145.34   -428.50    458.39  -0.95   2.40  -0.04
1996-12-19T06:42:57.614     74.49   -147.74   -428.80    459.61  -0.95   2.40  -0.04
1996-12-19T06:42:57.948     73.14   -149.21   -428.43    459.53  -0.95   2.40  -0.04
1996-12-19T06:42:58.281     72.75   -153.32   -427.31    459.78  -0.95   2.40  -0.04
1996-12-19T06:42:58.614     69.96   -152.23   -429.60    461.11  -0.95   2.40  -0.04
1996-12-19T06:42:58.948     69.02   -149.82   -426.33    457.13  -0.95   2.40  -0.04
1996-12-19T06:42:59.281     68.27   -152.72   -428.41    459.91  -0.95   2.40  -0.04
1996-12-19T06:42:59.614     70.88   -151.30   -429.73    461.07  -0.95   2.40  -0.04
1996-12-19T06:42:59.948     68.08   -152.98   -428.09    459.68  -0.95   2.40  -0.04
1996-12-19T06:43:00.281     71.42   -150.86   -427.75    459.17  -0.94   2.40  -0.04
1996-12-19T06:43:00.614     72.01   -147.35   -425.76    456.26  -0.94   2.40  -0.04
1996-12-19T06:43:00.948     71.17   -147.37   -426.51    456.83  -0.94   2.40  -0.04
1996-12-19T06:43:01.281     71.23   -147.74   -429.01    459.30  -0.94   2.40  -0.04
1996-12-19T06:43:01.614     71.61   -146.85   -428.90    458.97  -0.94   2.39  -0.04
1996-12-19T06:43:01.948     68.66   -146.87   -427.11    456.85  -0.94   2.39  -0.04
1996-12-19T06:43:02.281     69.09   -146.38   -427.65    457.26  -0.94   2.39  -0.04
1996-12-19T06:43:02.614     73.11   -147.60   -427.80    458.42  -0.94   2.39  -0.04
1996-12-19T06:43:02.948     74.94   -146.19   -429.27    459.63  -0.94   2.39  -0.04
1996-12-19T06:43:03.281     72.85   -145.81   -426.12    456.23  -0.94   2.39  -0.04
1996-12-19T06:43:03.614     71.38   -148.09   -429.88    460.24  -0.93   2.39  -0.04
1996-12-19T06:43:03.948     73.68   -148.27   -428.72    459.58  -0.93   2.39  -0.04
1996-12-19T06:43:04.281     73.61   -147.23   -428.00    458.56  -0.93   2.39  -0.04
1996-12-19T06:43:04.614     71.82   -148.68   -428.72    459.41  -0.93   2.39  -0.04
1996-12-19T06:43:04.948     72.33   -146.39   -427.29    457.43  -0.93   2.39  -0.04
1996-12-19T06:43:05.281     74.93   -147.80   -427.99    458.95  -0.93   2.39  -0.04
1996-12-19T06:43:05.614     71.26   -144.62   -429.16    458.45  -0.93   2.39  -0.04
1996-12-19T06:43:05.948     71.91   -144.09   -426.60    455.98  -0.93   2.39  -0.04
1996-12-19T06:43:06.281     73.32   -144.36   -429.50    459.00  -0.93   2.39  -0.04
1996-12-19T06:43:07.281     74.14   -144.11   -428.42    458.05  -0.92   2.38  -0.04
1996-12-19T06:43:07.614     72.72   -146.96   -428.52    458.82  -0.92   2.38  -0.04
1996-12-19T06:43:07.948     70.68   -151.10   -425.86    457.37  -0.92   2.38  -0.04
1996-12-19T06:43:08.281     68.22   -147.56   -428.59    458.39  -0.92   2.38  -0.04
1996-12-19T06:43:08.614     72.94   -146.30   -428.09    458.24  -0.92   2.38  -0.04
1996-12-19T06:43:08.948     73.60   -146.79   -428.56    458.94  -0.92   2.38  -0.04
1996-12-19T06:43:09.281     71.47   -146.92   -427.47    457.62  -0.92   2.38  -0.04
1996-12-19T06:43:09.614     70.77   -145.01   -427.89    457.30  -0.92   2.38  -0.04
1996-12-19T06:43:09.948     69.45   -147.23   -429.32    459.15  -0.92   2.38  -0.04
1996-12-19T06:43:10.281     70.47   -149.23   -430.38    460.94  -0.91   2.38  -0.04
1996-12-19T06:43:10.614     70.69   -150.66   -431.41    462.39  -0.91   2.38  -0.04
1996-12-19T06:43:10.948     72.52   -147.68   -431.93    462.20  -0.91   2.38  -0.04
1996-12-19T06:43:11.281     70.38   -149.06   -430.78    461.25  -0.91   2.38  -0.04
1996-12-19T06:43:11.614     72.86   -149.71   -433.39    464.27  -0.91   2.38  -0.04
1996-12-19T06:43:11.948     69.90   -148.72   -431.08    461.34  -0.91   2.37  -0.04
1996-12-19T06:43:12.281     75.29   -147.55   -430.41    461.19  -0.91   2.37  -0.04
1996-12-19T06:43:12.614     73.45   -150.25   -431.34    462.63  -0.91   2.37  -0.04
1996-12-19T06:43:12.948     74.65   -148.50   -429.47    460.51  -0.91   2.37  -0.04
1996-12-19T06:43:13.281     74.77   -150.67   -429.38    461.15  -0.91   2.37  -0.04
1996-12-19T06:43:13.614     76.78   -149.06   -429.98    461.52  -0.90   2.37  -0.04
1996-12-19T06:43:13.948     76.53   -150.31   -429.28    461.23  -0.90   2.37  -0.04
1996-12-19T06:43:14.281     74.86   -149.43   -429.78    461.13  -0.90   2.37  -0.04
1996-12-19T06:43:14.614     71.72   -148.43   -429.53    460.08  -0.90   2.37  -0.04
1996-12-19T06:43:14.948     77.59   -148.29   -430.53    461.92  -0.90   2.37  -0.04
1996-12-19T06:43:15.281     74.95   -147.07   -430.17    460.75  -0.90   2.37  -0.04
1996-12-19T06:43:15.614     75.91   -145.74   -428.93    459.33  -0.90   2.37  -0.04
1996-12-19T06:43:15.948     76.98   -147.14   -428.35    459.41  -0.90   2.37  -0.04
1996-12-19T06:43:16.281     74.80   -146.27   -429.48    459.83  -0.90   2.37  -0.04
1996-12-19T06:43:16.614     75.86   -146.25   -431.28    461.67  -0.90   2.37  -0.04
1996-12-19T06:43:16.948     76.40   -144.77   -431.32    461.34  -0.89   2.36  -0.04
1996-12-19T06:43:17.281     73.85   -146.36   -430.02    460.21  -0.89   2.36  -0.04
1996-12-19T06:43:17.614     75.15   -147.41   -429.79    460.54  -0.89   2.36  -0.04
1996-12-19T06:43:17.948     76.46   -147.28   -429.59    460.53  -0.89   2.36  -0.04
1996-12-19T06:43:18.281     78.51   -147.32   -428.10    459.50  -0.89   2.36  -0.04
1996-12-19T06:43:18.614     78.80   -144.55   -430.35    460.77  -0.89   2.36  -0.04
1996-12-19T06:43:18.948     76.21   -144.39   -430.92    460.81  -0.89   2.36  -0.04
1996-12-19T06:43:19.281     75.09   -148.59   -427.52    458.79  -0.89   2.36  -0.04
1996-12-19T06:43:19.614     71.91   -146.07   -427.95    457.87  -0.89   2.36  -0.04
1996-12-19T06:43:19.948     72.42   -147.75   -428.40    458.91  -0.89   2.36  -0.04
1996-12-19T06:43:20.281     71.75   -147.61   -429.12    459.43  -0.88   2.36  -0.04
1996-12-19T06:43:20.614     72.11   -151.41   -430.71    462.20  -0.88   2.36  -0.04
1996-12-19T06:43:20.948     71.57   -151.22   -427.86    459.41  -0.88   2.36  -0.04
1996-12-19T06:43:21.281     69.36   -153.21   -428.93    460.73  -0.88   2.36  -0.04
1996-12-19T06:43:21.614     72.98   -152.84   -428.00    460.29  -0.88   2.36  -0.04
1996-12-19T06:43:21.948     74.85   -149.53   -427.87    459.39  -0.88   2.35  -0.04
1996-12-19T06:43:22.281     73.56   -149.65   -428.79    460.07  -0.88   2.35  -0.04
1996-12-19T06:43:22.614     71.58   -151.49   -425.84    457.61  -0.88   2.35  -0.04
1996-12-19T06:43:22.948     72.98   -150.89   -429.39    460.95  -0.88   2.35  -0.04
1996-12-19T06:43:23.281     72.32   -149.57   -428.02    459.13  -0.88   2.35  -0.04
1996-12-19T06:43:23.614     72.46   -151.63   -425.13    457.14  -0.87   2.35  -0.04
1996-12-19T06:43:23.948     69.63   -152.73   -429.79    461.41  -0.87   2.35  -0.04
1996-12-19T06:43:24.281     66.92   -153.41   -428.09    459.65  -0.87   2.35  -0.04
1996-12-19T06:43:24.614     71.98   -151.59   -426.52    458.34  -0.87   2.35  -0.04
1996-12-19T06:43:24.948     69.58   -154.26   -426.86    459.19  -0.87   2.35  -0.04
1996-12-19T06:43:25.281     72.25   -153.01   -425.64    458.04  -0.87   2.35  -0.04
1996-12-19T06:43:25.614     69.02   -152.61   -427.28    458.93  -0.87   2.35  -0.04
1996-12-19T06:43:25.948     69.71   -150.52   -429.41    460.33  -0.87   2.35  -0.04
1996-12-19T06:43:26.281     70.86   -154.68   -427.91    460.49  -0.87   2.35  -0.04
1996-12-19T06:43:26.614     72.29   -152.18   -427.77    459.75  -0.87   2.35  -0.04
1996-12-19T06:43:26.948     70.93   -154.00   -428.20    460.54  -0.86   2.34  -0.04
1996-12-19T06:43:27.281     69.09   -154.61   -429.87    462.02  -0.86   2.34  -0.04
1996-12-19T06:43:27.614     69.02   -151.34   -429.42    460.51  -0.86   2.34  -0.04
1996-12-19T06:43:27.948     73.95   -152.88   -429.43    461.79  -0.86   2.34  -0.04
1996-12-19T06:43:28.281     69.71   -153.08   -431.90    463.50  -0.86   2.34  -0.04
1996-12-19T06:43:28.614     71.41   -149.39   -429.38    460.20  -0.86   2.34  -0.04
1996-12-19T06:43:28.948     70.90   -153.37   -430.93    462.87  -0.86   2.34  -0.04
1996-12-19T06:43:29.281     71.26   -151.25   -432.23    463.45  -0.86   2.34  -0.04
1996-12-19T06:43:29.614     69.81   -151.18   -431.35    462.38  -0.86   2.34  -0.04
1996-12-19T06:43:29.948     71.77   -154.36   -431.43    463.80  -0.86   2.34  -0.04
1996-12-19T06:43:30.281     68.87   -154.42   -431.17    463.14  -0.85   2.34  -0.04
1996-12-19T06:43:30.614     72.95   -154.30   -429.95    462.59  -0.85   2.34  -0.04
1996-12-19T06:43:30.948     70.41   -151.26   -433.13    464.15  -0.85   2.34  -0.04
1996-12-19T06:43:31.281     71.51   -151.23   -431.18    462.50  -0.85   2.34  -0.04
1996-12-19T06:43:31.614     70.92   -152.55   -432.70    464.25  -0.85   2.34  -0.04
1996-12-19T06:43:31.948     73.11   -150.52   -430.02    461.43  -0.85   2.33  -0.04
1996-12-19T06:43:32.281     74.08   -147.19   -429.91    460.41  -0.85   2.33  -0.04
1996-12-19T06:43:32.614     75.39   -147.81   -435.36    465.91  -0.85   2.33  -0.04
1996-12-19T06:43:32.948     67.54   -149.25   -431.23    461.30  -0.85   2.33  -0.04
1996-12-19T06:43:33.281     72.43   -152.35   -433.10    464.80  -0.85   2.33  -0.04
1996-12-19T06:43:33.614     72.80   -150.94   -433.43    464.70  -0.84   2.33  -0.04
1996-12-19T06:43:33.948     71.79   -149.81   -429.80    460.78  -0.84   2.33  -0.04
1996-12-19T06:43:34.281     74.10   -147.62   -430.10    460.73  -0.84   2.33  -0.04
1996-12-19T06:43:34.614     72.20   -149.54   -430.57    461.48  -0.84   2.33  -0.04
1996-12-19T06:43:34.948     72.05   -150.34   -428.54    459.82  -0.84   2.33  -0.04
1996-12-19T06:43:35.281     73.76   -146.35   -430.93    461.04  -0.84   2.33  -0.04
1996-12-19T06:43:35.614     70.71   -146.73   -429.33    459.19  -0.84   2.33  -0.04
1996-12-19T06:43:35.948     70.05   -142.43   -430.14    458.49  -0.84   2.33  -0.04
1996-12-19T06:43:36.281     70.91   -141.28   -426.65    454.99  -0.84   2.33  -0.04
1996-12-19T06:43:36.614     72.86   -138.40   -428.31    455.98  -0.84   2.33  -0.04
1996-12-19T06:43:36.948     74.88   -138.69   -430.40    458.36  -0.83   2.32  -0.04
1996-12-19T06:43:37.281     72.79   -136.99   -425.95    453.32  -0.83   2.32  -0.04
1996-12-19T06:43:37.614     73.31   -135.78   -425.29    452.42  -0.83   2.32  -0.04
1996-12-19T06:43:37.948     72.47   -136.08   -426.64    453.64  -0.83   2.32  -0.04
1996-12-19T06:43:38.281     70.27   -137.08   -424.81    451.88  -0.83   2.32  -0.04
1996-12-19T06:43:38.614     69.36   -137.52   -425.89    452.88  -0.83   2.32  -0.04
1996-12-19T06:43:38.948     69.41   -136.69   -426.50    453.22  -0.83   2.32  -0.04
1996-12-19T06:43:39.281     71.32   -137.48   -423.60    451.03  -0.83   2.32  -0.04
1996-12-19T06:43:39.614     68.23   -139.26   -424.81    452.23  -0.83   2.32  -0.04
1996-12-19T06:43:39.948     72.70   -139.92   -423.99    452.36  -0.83   2.32  -0.04
1996-12-19T06:43:40.281     74.84   -135.88   -421.00    448.67  -0.82   2.32  -0.04
1996-12-19T06:43:40.614     74.13   -134.75   -425.03    452.00  -0.82   2.32  -0.04
1996-12-19T06:43:40.948     72.47   -134.08   -424.96    451.46  -0.82   2.32  -0.04
1996-12-19T06:43:41.281     70.80   -135.46   -422.92    449.69  -0.82   2.32  -0.04
1996-12-19T06:43:41.614     72.04   -136.23   -423.45    450.62  -0.82   2.32  -0.04
1996-12-19T06:43:41.948     74.59   -135.94   -426.86    454.15  -0.82   2.31  -0.04
1996-12-19T06:43:42.281     72.16   -135.96   -425.54    452.52  -0.82   2.31  -0.04
1996-12-19T06:43:42.614     70.29   -136.74   -425.53    452.46  -0.82   2.31  -0.04
1996-12-19T06:43:42.948     71.32   -137.24   -425.64    452.87  -0.82   2.31  -0.04
1996-12-19T06:43:43.281     72.82   -138.20   -424.97    452.77  -0.82   2.31  -0.04
1996-12-19T06:43:43.614     70.59   -142.22   -423.24    452.04  -0.81   2.31  -0.04
1996-12-19T06:43:43.948     68.11   -139.86   -426.09    453.60  -0.81   2.31  -0.04
1996-12-19T06:43:44.281     69.52   -136.64   -425.24    452.03  -0.81   2.31  -0.04
1996-12-19T06:43:44.614     68.00   -133.62   -426.22    451.82  -0.81   2.31  -0.04
1996-12-19T06:43:44.948     66.99   -133.88   -427.58    453.03  -0.81   2.31  -0.04
1996-12-19T06:43:45.281     70.78   -135.04   -426.79    453.20  -0.81   2.31  -0.04
1996-12-19T06:43:45.614     70.53   -135.17   -425.18    451.69  -0.81   2.31  -0.04
1996-12-19T06:43:45.948     68.70   -133.65   -424.89    450.68  -0.81   2.31  -0.04
1996-12-19T06:43:46.281     66.87   -134.26   -424.22    449.95  -0.81   2.31  -0.04
1996-12-19T06:43:46.614     64.22   -131.82   -428.10    452.51  -0.81   2.31  -0.04
1996-12-19T06:43:46.948     63.07   -133.69   -424.50    449.50  -0.80   2.30  -0.04
1996-12-19T06:43:47.281     63.89   -133.85   -424.98    450.12  -0.80   2.30  -0.04
1996-12-19T06:43:47.614     66.87   -133.16   -427.00    452.25  -0.80   2.30  -0.04
1996-12-19T06:43:47.948     66.96   -137.08   -424.14    450.75  -0.80   2.30  -0.04
1996-12-19T06:43:48.281     67.04   -136.20   -423.07    449.49  -0.80   2.30  -0.04
1996-12-19T06:43:48.614     64.35   -135.78   -423.74    449.59  -0.80   2.30  -0.04
1996-12-19T06:43:48.948     67.88   -136.59   -422.84    449.51  -0.80   2.30  -0.04
1996-12-19T06:43:49.281     65.85   -136.13   -421.92    448.20  -0.80   2.30  -0.04
1996-12-19T06:43:49.614     65.36   -134.55   -421.99    447.72  -0.80   2.30  -0.04
1996-12-19T06:43:49.948     64.88   -136.62   -421.18    447.51  -0.80   2.30  -0.04
1996-12-19T06:43:50.281     67.09   -137.75   -419.86    446.94  -0.79   2.30  -0.04
1996-12-19T06:43:50.614     68.33   -138.40   -421.19    448.58  -0.79   2.30  -0.04
1996-12-19T06:43:50.948     70.47   -139.23   -420.75    448.75  -0.79   2.30  -0.04
1996-12-19T06:43:51.281     71.33   -137.98   -420.05    447.85  -0.79   2.30  -0.04
1996-12-19T06:43:51.614     66.90   -138.01   -420.46    447.56  -0.79   2.30  -0.04
1996-12-19T06:43:51.948     67.49   -139.31   -423.61    451.01  -0.79   2.29  -0.04
1996-12-19T06:43:52.281     69.95   -136.17   -420.31    447.32  -0.79   2.29  -0.04
1996-12-19T06:43:52.614     68.79   -135.08   -417.60    444.26  -0.79   2.29  -0.04
1996-12-19T06:43:52.948     68.38   -137.26   -420.88    447.94  -0.79   2.29  -0.04
1996-12-19T06:43:53.281     71.78   -137.69   -419.90    447.69  -0.79   2.29  -0.04
1996-12-19T06:43:53.614     72.17   -136.45   -421.66    449.03  -0.78   2.29  -0.04
1996-12-19T06:43:53.948     68.49   -137.78   -419.52    446.84  -0.78   2.29  -0.04
1996-12-19T06:43:54.281     71.64   -137.77   -420.20    447.97  -0.78   2.29  -0.04
1996-12-19T06:43:54.614     70.98   -137.50   -419.12    446.77  -0.78   2.29  -0.04
1996-12-19T06:43:54.948     73.20   -138.66   -420.81    449.07  -0.78   2.29  -0.04
1996-12-19T06:43:55.281     71.02   -141.98   -419.27    448.32  -0.78   2.29  -0.04
1996-12-19T06:43:55.614     72.23   -138.34   -421.36    449.33  -0.78   2.29  -0.04
1996-12-19T06:43:55.948     74.83   -140.01   -418.01    447.14  -0.78   2.29  -0.04
1996-12-19T06:43:56.281     73.08   -140.77   -421.30    450.17  -0.78   2.29  -0.04
1996-12-19T06:43:56.614     67.79   -139.45   -419.70    447.43  -0.78   2.29  -0.04
1996-12-19T06:43:56.948     74.13   -135.30   -419.86    447.31  -0.77   2.28  -0.04
1996-12-19T06:43:57.281     72.19   -137.19   -419.27    447.01  -0.77   2.28  -0.04
1996-12-19T06:43:57.614     71.72   -138.33   -417.10    445.25  -0.77   2.28  -0.04
1996-12-19T06:43:57.948     69.27   -143.10   -417.40    446.65  -0.77   2.28  -0.04
1996-12-19T06:43:58.281     72.24   -135.51   -418.27    445.57  -0.77   2.28  -0.04
1996-12-19T06:43:58.614     68.13   -140.38   -418.30    446.46  -0.77   2.28  -0.04
1996-12-19T06:43:58.948     72.69   -136.77   -416.18    444.07  -0.77   2.28  -0.04
1996-12-19T06:43:59.281     75.01   -135.28   -416.79    444.57  -0.77   2.28  -0.04
1996-12-19T06:43:59.614     79.62   -133.42   -417.82    445.77  -0.77   2.28  -0.04
1996-12-19T06:43:59.948     77.07   -135.75   -419.72    447.80  -0.77   2.28  -0.04
1996-12-19T06:44:00.281     75.41   -137.63   -417.00    445.56  -0.77   2.28  -0.04
1996-12-19T06:44:00.614     74.52   -135.73   -415.39    443.32  -0.76   2.28  -0.04
1996-12-19T06:44:00.948     74.92   -138.64   -416.70    445.50  -0.76   2.28  -0.04
1996-12-19T06:44:01.281     71.92   -137.13   -418.06    445.81  -0.76   2.28  -0.04
1996-12-19T06:44:01.614     70.53   -134.64   -416.52    443.39  -0.76   2.28  -0.04
1996-12-19T06:44:01.948     70.90   -137.65   -415.75    443.65  -0.76   2.27  -0.04
1996-12-19T06:44:02.281     71.99   -134.44   -418.50    445.42  -0.76   2.27  -0.04
1996-12-19T06:44:02.614     69.37   -131.59   -416.70    442.45  -0.76   2.27  -0.04
1996-12-19T06:44:02.948     71.54   -129.58   -418.90    444.28  -0.76   2.27  -0.04
1996-12-19T06:44:03.281     70.55   -130.87   -418.74    444.35  -0.76   2.27  -0.04
1996-12-19T06:44:03.614     67.91   -130.79   -416.76    442.05  -0.76   2.27  -0.04
1996-12-19T06:44:03.948     66.98   -131.25   -417.38    442.63  -0.75   2.27  -0.04
1996-12-19T06:44:04.281     70.83   -132.49   -416.30    442.58  -0.75   2.27  -0.04
1996-12-19T06:44:04.614     71.46   -123.93   -417.88    441.68  -0.75   2.27  -0.04
1996-12-19T06:44:04.948     69.37   -124.24   -419.63    443.10  -0.75   2.27  -0.04
1996-12-19T06:44:05.281     72.85   -126.42   -419.62    444.27  -0.75   2.27  -0.04
1996-12-19T06:44:05.614     70.07   -129.38   -419.02    444.10  -0.75   2.27  -0.04
1996-12-19T06:44:05.948     70.14   -125.90   -419.19    443.28  -0.75   2.27  -0.04
1996-12-19T06:44:06.281     67.57   -126.83   -419.33    443.27  -0.75   2.27  -0.04
1996-12-19T06:44:06.614     70.06   -125.87   -419.59    443.63  -0.75   2.27  -0.04
1996-12-19T06:44:06.948     68.45   -126.44   -420.32    444.23  -0.75   2.26  -0.04
1996-12-19T06:44:07.281     67.18   -126.94   -419.62    443.52  -0.74   2.26  -0.04
1996-12-19T06:44:07.614     67.84   -130.78   -418.32    443.51  -0.74   2.26  -0.04
1996-12-19T06:44:07.948     67.00   -128.29   -421.33    445.50  -0.74   2.26  -0.04
1996-12-19T06:44:08.281     68.51   -127.40   -419.26    443.51  -0.74   2.26  -0.04
1996-12-19T06:44:08.614     67.16   -126.73   -419.58    443.42  -0.74   2.26  -0.04
1996-12-19T06:44:08.948     70.14   -125.73   -418.90    442.95  -0.74   2.26  -0.04
1996-12-19T06:44:09.281     71.01   -125.85   -418.77    443.00  -0.74   2.26  -0.04
1996-12-19T06:44:09.614     72.19   -126.24   -419.24    443.75  -0.74   2.26  -0.04
1996-12-19T06:44:09.948     69.25   -127.86   -419.55    444.03  -0.74   2.26  -0.04
1996-12-19T06:44:10.281     69.89   -126.14   -420.40    444.44  -0.74   2.26  -0.04
1996-12-19T06:44:10.614     71.46   -123.14   -421.00    444.42  -0.73   2.26  -0.04
1996-12-19T06:44:10.948     73.61   -121.98   -419.96    443.47  -0.73   2.26  -0.04
1996-12-19T06:44:11.281     70.11   -122.84   -420.20    443.37  -0.73   2.26  -0.04
1996-12-19T06:44:11.614     69.88   -125.81   -416.74    440.89  -0.73   2.26  -0.04
1996-12-19T06:44:11.948     73.25   -128.82   -420.14    445.51  -0.73   2.25  -0.04
1996-12-19T06:44:12.281     70.24   -128.66   -420.19    445.02  -0.73   2.25  -0.04
1996-12-19T06:44:12.614     71.86   -126.24   -419.23    443.68  -0.73   2.25  -0.04
1996-12-19T06:44:12.948     73.72   -124.85   -420.66    444.94  -0.73   2.25  -0.04
1996-12-19T06:44:13.281     69.43   -126.09   -421.25    445.17  -0.73   2.25  -0.04
1996-12-19T06:44:13.614     71.57   -126.73   -419.59    444.12  -0.73   2.25  -0.04
1996-12-19T06:44:13.948     72.12   -127.74   -418.59    443.55  -0.72   2.25  -0.04
1996-12-19T06:44:14.281     71.91   -124.44   -416.68    440.77  -0.72   2.25  -0.04
1996-12-19T06:44:14.614     69.82   -126.17   -420.39    444.43  -0.72   2.25  -0.04
1996-12-19T06:44:14.948     72.04   -127.85   -419.86    444.77  -0.72   2.25  -0.04
1996-12-19T06:44:15.281     66.66   -138.61   -416.10    443.62  -0.72   2.25  -0.04
1996-12-19T06:44:15.614     66.56   -136.90   -416.82    443.75  -0.72   2.25  -0.04
1996-12-19T06:44:15.948     70.37   -139.90   -417.50    445.91  -0.72   2.25  -0.04
1996-12-19T06:44:16.281     67.42   -137.45   -417.36    444.56  -0.72   2.25  -0.04
1996-12-19T06:44:16.614     67.63   -137.04   -415.38    442.60  -0.72   2.25  -0.04
1996-12-19T06:44:16.948     66.24   -138.31   -419.37    446.53  -0.72   2.24  -0.04
1996-12-19T06:44:17.281     69.36   -137.86   -415.62    443.34  -0.71   2.24  -0.04
1996-12-19T06:44:17.614     68.56   -136.38   -414.77    441.97  -0.71   2.24  -0.04
1996-12-19T06:44:17.948     68.35   -138.62   -416.31    444.08  -0.71   2.24  -0.04
1996-12-19T06:44:18.281     69.46   -145.11   -415.12    445.20  -0.71   2.24  -0.04
1996-12-19T06:44:18.614     69.17   -142.02   -415.99    444.97  -0.71   2.24  -0.04
1996-12-19T06:44:18.948     69.65   -148.93   -413.79    445.26  -0.71   2.24  -0.04
1996-12-19T06:44:19.281     73.24   -154.90   -411.42    445.67  -0.71   2.24  -0.04
1996-12-19T06:44:19.614     71.33   -155.23   -413.29    447.21  -0.71   2.24  -0.04
1996-12-19T06:44:19.948     68.49   -151.30   -413.59    445.69  -0.71   2.24  -0.04
1996-12-19T06:44:20.281     73.29   -148.51   -412.78    444.76  -0.71   2.24  -0.04
1996-12-19T06:44:20.614     70.01   -141.95   -416.61    445.66  -0.70   2.24  -0.04
1996-12-19T06:44:20.948     74.45   -133.15   -420.17    447.01  -0.70   2.24  -0.04
1996-12-19T06:44:21.281     68.54   -139.47   -417.86    445.82  -0.70   2.24  -0.04
1996-12-19T06:44:21.614     70.77   -141.68   -418.16    447.15  -0.70   2.24  -0.04
1996-12-19T06:44:21.948     71.66   -141.85   -417.52    446.74  -0.70   2.23  -0.04
1996-12-19T06:44:22.281     69.45   -148.99   -417.60    448.79  -0.70   2.23  -0.04
1996-12-19T06:44:22.614     69.66   -147.46   -416.71    447.49  -0.70   2.23  -0.04
1996-12-19T06:44:22.948     67.68   -143.67   -420.45    449.45  -0.70   2.23  -0.04
1996-12-19T06:44:23.281     65.68   -139.03   -418.54    445.89  -0.70   2.23  -0.04
1996-12-19T06:44:23.614     65.39   -138.55   -419.13    446.26  -0.70   2.23  -0.04
1996-12-19T06:44:23.948     65.39   -142.42   -417.22    445.68  -0.69   2.23  -0.04
1996-12-19T06:44:24.281     65.74   -139.99   -416.82    444.59  -0.69   2.23  -0.04
1996-12-19T06:44:24.614     66.29   -141.23   -417.99    446.15  -0.69   2.23  -0.04
1996-12-19T06:44:24.948     65.11   -142.51   -416.87    445.34  -0.69   2.23  -0.04
1996-12-19T06:44:25.281     68.43   -144.73   -416.00    445.74  -0.69   2.23  -0.04
1996-12-19T06:44:25.614     70.44   -140.01   -415.66    444.23  -0.69   2.23  -0.04
1996-12-19T06:44:25.948     66.72   -143.19   -418.14    446.98  -0.69   2.23  -0.04
1996-12-19T06:44:26.281     70.07   -148.77   -415.03    446.42  -0.69   2.23  -0.04
1996-12-19T06:44:26.614     71.09   -147.91   -413.51    444.88  -0.69   2.23  -0.04
1996-12-19T06:44:26.948     66.46   -148.77   -413.92    444.84  -0.69   2.23  -0.04
1996-12-19T06:44:27.281     69.64   -156.33   -411.74    445.89  -0.68   2.22  -0.04
1996-12-19T06:44:27.614     68.30   -158.04   -413.90    448.28  -0.68   2.22  -0.04
1996-12-19T06:44:27.948     69.08   -152.86   -413.79    446.50  -0.68   2.22  -0.04
1996-12-19T06:44:28.281     70.10   -150.91   -416.08    448.12  -0.68   2.22  -0.04
1996-12-19T06:44:28.614     72.43   -152.94   -412.49    445.85  -0.68   2.22  -0.04
1996-12-19T06:44:28.948     73.30   -150.97   -417.07    449.57  -0.68   2.22  -0.04
1996-12-19T06:44:29.281     74.24   -143.01   -416.81    446.87  -0.68   2.22  -0.04
1996-12-19T06:44:29.614     69.50   -139.60   -419.45    447.50  -0.68   2.22  -0.04
1996-12-19T06:44:29.948     67.79   -139.74   -421.94    449.61  -0.68   2.22  -0.04
1996-12-19T06:44:30.281     70.03   -138.49   -424.50    451.98  -0.68   2.22  -0.04
1996-12-19T06:44:30.614     69.41   -135.25   -422.59    449.11  -0.67   2.22  -0.04
1996-12-19T06:44:30.948     68.67   -135.73   -420.75    447.40  -0.67   2.22  -0.04
1996-12-19T06:44:31.281     71.28   -135.24   -422.80    449.59  -0.67   2.22  -0.04
1996-12-19T06:44:31.614     74.27   -138.29   -423.53    451.68  -0.67   2.22  -0.04
1996-12-19T06:44:31.948     70.28   -138.39   -421.46    449.14  -0.67   2.22  -0.04
1996-12-19T06:44:32.281     71.34   -138.24   -421.02    448.84  -0.67   2.21  -0.04
1996-12-19T06:44:32.614     74.70   -139.32   -422.44    451.05  -0.67   2.21  -0.04
1996-12-19T06:44:32.948     70.66   -136.59   -419.42    446.72  -0.67   2.21  -0.04
1996-12-19T06:44:33.281     73.26   -135.77   -421.75    449.08  -0.67   2.21  -0.04
1996-12-19T06:44:33.614     71.77   -134.00   -421.99    448.54  -0.67   2.21  -0.04
1996-12-19T06:44:33.948     74.33   -137.14   -421.78    449.70  -0.66   2.21  -0.04
1996-12-19T06:44:34.281     71.07   -143.21   -420.44    449.81  -0.66   2.21  -0.04
1996-12-19T06:44:34.614     72.58   -141.64   -421.46    450.51  -0.66   2.21  -0.04
1996-12-19T06:44:34.948     71.76   -135.08   -424.14    450.88  -0.66   2.21  -0.04
1996-12-19T06:44:35.281     78.42   -141.66   -420.93    451.00  -0.66   2.21  -0.04
1996-12-19T06:44:35.614     74.61   -141.81   -418.80    448.41  -0.66   2.21  -0.04
1996-12-19T06:44:35.948     69.48   -136.18   -419.63    446.62  -0.66   2.21  -0.04
1996-12-19T06:44:36.281     71.25   -135.66   -419.13    446.26  -0.66   2.21  -0.04
1996-12-19T06:44:36.614     77.28   -137.50   -418.31    447.06  -0.66   2.21  -0.04
1996-12-19T06:44:36.948     73.98   -136.42   -421.42    449.09  -0.66   2.21  -0.04
1996-12-19T06:44:37.281     67.13   -135.09   -422.19    448.33  -0.65   2.20  -0.04
1996-12-19T06:44:37.614     69.50   -135.25   -422.86    449.37  -0.65   2.20  -0.04
1996-12-19T06:44:37.948     72.45   -135.18   -421.53    448.57  -0.65   2.20  -0.04
1996-12-19T06:44:38.281     69.81   -133.55   -420.61    446.79  -0.65   2.20  -0.04
1996-12-19T06:44:38.614     68.73   -136.20   -420.43    447.25  -0.65   2.20  -0.04
1996-12-19T06:44:38.948     67.94   -134.84   -422.07    448.27  -0.65   2.20  -0.04
1996-12-19T06:44:39.281     69.14   -131.84   -420.40    445.98  -0.65   2.20  -0.04
1996-12-19T06:44:39.614     67.77   -132.77   -418.77    444.51  -0.65   2.20  -0.04
1996-12-19T06:44:39.948     66.64   -131.52   -420.76    445.85  -0.65   2.20  -0.04
1996-12-19T06:44:40.281     66.89   -134.42   -419.82    445.86  -0.65   2.20  -0.04
1996-12-19T06:44:40.614     68.06   -133.55   -417.63    443.71  -0.64   2.20  -0.04
1996-12-19T06:44:40.948     66.92   -133.41   -419.95    445.68  -0.64   2.20  -0.04
1996-12-19T06:44:41.281     69.90   -133.80   -421.31    447.54  -0.64   2.20  -0.04
1996-12-19T06:44:41.614     68.93   -134.84   -419.79    446.27  -0.64   2.20  -0.04
1996-12-19T06:44:41.948     65.11   -132.66   -422.35    447.46  -0.64   2.20  -0.04
1996-12-19T06:44:42.281     68.41   -133.85   -419.67    445.78  -0.64   2.19  -0.04
1996-12-19T06:44:42.614     69.57   -133.03   -419.90    445.93  -0.64   2.19  -0.04
1996-12-19T06:44:42.948     67.69   -130.76   -418.01    443.18  -0.64   2.19  -0.04
1996-12-19T06:44:43.281     65.73   -130.40   -419.67    444.35  -0.64   2.19  -0.04
1996-12-19T06:44:43.614     63.83   -129.37   -422.29    446.25  -0.64   2.19  -0.04
1996-12-19T06:44:43.948     69.06   -129.77   -421.15    446.07  -0.63   2.19  -0.04
1996-12-19T06:44:44.281     66.34   -129.83   -421.85    446.33  -0.63   2.19  -0.04
1996-12-19T06:44:44.614     67.12   -127.62   -421.59    445.56  -0.63   2.19  -0.04
1996-12-19T06:44:44.948     68.19   -128.37   -420.04    444.48  -0.63   2.19  -0.04
1996-12-19T06:44:45.281     66.66   -130.70   -421.28    446.10  -0.63   2.19  -0.04
1996-12-19T06:44:45.614     68.18   -131.01   -422.09    447.19  -0.63   2.19  -0.04
1996-12-19T06:44:45.948     67.83   -132.94   -420.92    446.60  -0.63   2.19  -0.04
1996-12-19T06:44:46.281     69.64   -133.59   -419.52    445.75  -0.63   2.19  -0.04
1996-12-19T06:44:46.614     67.41   -139.07   -421.05    448.52  -0.63   2.19  -0.04
1996-12-19T06:44:46.948     70.61   -136.68   -422.79    449.90  -0.63   2.19  -0.04
1996-12-19T06:44:47.281     67.29   -137.91   -419.83    446.99  -0.62   2.18  -0.04
1996-12-19T06:44:47.614     68.29   -136.94   -419.60    446.63  -0.62   2.18  -0.04
1996-12-19T06:44:47.948     69.84   -135.02   -418.83    445.56  -0.62   2.18  -0.04
1996-12-19T06:44:48.281     68.94   -133.24   -419.65    445.66  -0.62   2.18  -0.04
1996-12-19T06:44:48.614     64.28   -134.54   -420.12    445.79  -0.62   2.18  -0.04
1996-12-19T06:44:48.948     66.62   -134.13   -421.14    446.97  -0.62   2.18  -0.04
1996-12-19T06:44:49.281     63.84   -135.58   -422.17    447.98  -0.62   2.18  -0.04
1996-12-19T06:44:49.614     65.47   -135.71   -423.71    449.70  -0.62   2.18  -0.04
1996-12-19T06:44:49.948     67.51   -130.53   -421.33    446.22  -0.62   2.18  -0.04
1996-12-19T06:44:50.281     64.80   -133.64   -423.75    449.03  -0.62   2.18  -0.04
1996-12-19T06:44:50.614     65.87   -130.91   -425.44    449.98  -0.61   2.18  -0.04
1996-12-19T06:44:50.948     67.74   -133.77   -423.14    448.92  -0.61   2.18  -0.04
1996-12-19T06:44:51.281     66.94   -132.44   -422.21    447.53  -0.61   2.18  -0.04
1996-12-19T06:44:51.614     65.52   -131.16   -422.09    446.83  -0.61   2.18  -0.04
1996-12-19T06:44:51.948     67.11   -132.04   -422.24    447.47  -0.61   2.18  -0.04
1996-12-19T06:44:52.281     65.04   -133.36   -423.72    448.95  -0.61   2.17  -0.04
1996-12-19T06:44:52.614     64.47   -131.34   -422.09    446.73  -0.61   2.17  -0.04
1996-12-19T06:44:52.948     63.95   -137.07   -419.96    446.37  -0.61   2.17  -0.04
1996-12-19T06:44:53.281     65.02   -132.10   -423.22    448.10  -0.61   2.17  -0.04
1996-12-19T06:44:53.614     63.35   -134.76   -423.32    448.75  -0.61   2.17  -0.04
1996-12-19T06:44:53.948     66.80   -133.36   -425.49    450.87  -0.60   2.17  -0.04
1996-12-19T06:44:54.281     68.18   -132.38   -422.02    447.52  -0.60   2.17  -0.04
1996-12-19T06:44:54.614     66.73   -132.97   -422.14    447.59  -0.60   2.17  -0.04
1996-12-19T06:44:54.948     62.93   -136.85   -420.28    446.46  -0.60   2.17  -0.04
1996-12-19T06:44:55.281     63.63   -132.95   -422.19    447.18  -0.60   2.17  -0.04
1996-12-19T06:44:55.614     64.15   -134.85   -422.98    448.57  -0.60   2.17  -0.04
1996-12-19T06:44:55.948     66.29   -136.90   -421.74    448.33  -0.60   2.17  -0.04
1996-12-19T06:44:56.281     66.33   -135.07   -420.09    446.23  -0.60   2.17  -0.04
1996-12-19T06:44:56.614     64.47   -136.75   -422.90    449.11  -0.60   2.17  -0.04
1996-12-19T06:44:56.948     62.71   -135.88   -422.03    447.78  -0.60   2.17  -0.04
1996-12-19T06:44:57.281     60.82   -134.87   -423.06    448.19  -0.59   2.16  -0.04
1996-12-19T06:44:57.614     66.43   -135.05   -421.75    447.80  -0.59   2.16  -0.04
1996-12-19T06:44:57.948     66.21   -134.78   -421.70    447.64  -0.59   2.16  -0.04
1996-12-19T06:44:58.281     64.13   -135.82   -423.77    449.60  -0.59   2.16  -0.04
1996-12-19T06:44:58.614     63.42   -134.39   -422.74    448.10  -0.59   2.16  -0.04
1996-12-19T06:44:58.948     67.06   -136.09   -419.83    446.40  -0.59   2.16  -0.04
1996-12-19T06:44:59.281     65.47   -132.28   -421.39    446.49  -0.59   2.16  -0.04
1996-12-19T06:44:59.614     69.30   -131.73   -420.81    446.35  -0.59   2.16  -0.04
1996-12-19T06:44:59.948     68.12   -131.72   -420.41    445.79  -0.59   2.16  -0.04
1996-12-19T06:45:00.281     65.66   -132.91   -422.80    448.03  -0.59   2.16  -0.04
1996-12-19T06:45:00.614     67.61   -132.91   -423.68    449.16  -0.58   2.16  -0.04
1996-12-19T06:45:00.948     62.50   -132.82   -422.87    447.63  -0.58   2.16  -0.04
1996-12-19T06:45:01.281     64.78   -133.75   -422.67    448.03  -0.58   2.16  -0.04
1996-12-19T06:45:01.614     61.99   -133.54   -420.35    445.38  -0.58   2.16  -0.04
1996-12-19T06:45:01.948     60.44   -133.95   -422.38    447.21  -0.58   2.16  -0.04
1996-12-19T06:45:02.281     64.95   -132.46   -422.94    447.93  -0.58   2.15  -0.04
1996-12-19T06:45:02.614     64.86   -133.03   -424.56    449.62  -0.58   2.15  -0.04
1996-12-19T06:45:02.948     63.46   -133.03   -422.74    447.69  -0.58   2.15  -0.04
1996-12-19T06:45:03.281     62.20   -135.44   -420.87    446.48  -0.58   2.15  -0.04
1996-12-19T06:45:03.614     62.21   -131.05   -419.23    443.62  -0.58   2.15  -0.04
1996-12-19T06:45:03.948     65.37   -132.61   -420.61    445.84  -0.57   2.15  -0.04
1996-12-19T06:45:04.281     64.31   -134.20   -420.97    446.50  -0.57   2.15  -0.04
1996-12-19T06:45:04.614     65.58   -132.54   -420.67    445.91  -0.57   2.15  -0.04
1996-12-19T06:45:04.948     62.61   -137.17   -420.34    446.57  -0.57   2.15  -0.04
1996-12-19T06:45:05.281     63.95   -136.19   -422.56    448.55  -0.57   2.15  -0.04
1996-12-19T06:45:05.614     64.01   -134.20   -421.00    446.49  -0.57   2.15  -0.04
1996-12-19T06:45:05.948     65.40   -135.17   -420.06    446.09  -0.57   2.15  -0.04
1996-12-19T06:45:06.281     66.29   -133.09   -422.79    448.17  -0.57   2.15  -0.04
1996-12-19T06:45:06.614     67.43   -132.56   -420.26    445.80  -0.57   2.15  -0.04
1996-12-19T06:45:06.948     67.47   -133.96   -422.96    448.77  -0.57   2.15  -0.04
1996-12-19T06:45:07.281     63.54   -131.85   -420.13    444.89  -0.56   2.14  -0.04
1996-12-19T06:45:07.614     62.85   -134.90   -421.41    446.92  -0.56   2.14  -0.04
1996-12-19T06:45:07.948     66.05   -135.81   -420.48    446.78  -0.56   2.14  -0.04
1996-12-19T06:45:08.281     63.00   -135.99   -419.14    445.13  -0.56   2.14  -0.04
1996-12-19T06:45:08.614     65.79   -134.52   -421.21    447.04  -0.56   2.14  -0.04
1996-12-19T06:45:08.948     64.02   -137.28   -420.86    447.29  -0.56   2.14  -0.04
1996-12-19T06:45:09.281     63.08   -134.93   -421.45    447.00  -0.56   2.14  -0.04
1996-12-19T06:45:09.614     65.88   -135.15   -422.81    448.75  -0.56   2.14  -0.04
1996-12-19T06:45:09.948     65.05   -135.45   -423.36    449.23  -0.56   2.14  -0.04
1996-12-19T06:45:10.281     63.02   -135.40   -423.73    449.28  -0.56   2.14  -0.04
1996-12-19T06:45:10.614     65.38   -134.68   -423.15    448.85  -0.55   2.14  -0.04
1996-12-19T06:45:10.948     67.47   -133.41   -422.80    448.45  -0.55   2.14  -0.04
1996-12-19T06:45:11.281     69.61   -132.92   -423.58    449.37  -0.55   2.14  -0.04
1996-12-19T06:45:11.614     63.57   -131.89   -422.05    446.72  -0.55   2.14  -0.04
1996-12-19T06:45:11.948     60.89   -136.66   -423.33    448.99  -0.55   2.13  -0.04
1996-12-19T06:45:12.281     61.87   -136.61   -422.01    447.86  -0.55   2.13  -0.04
1996-12-19T06:45:12.614     60.67   -136.73   -422.90    448.57  -0.55   2.13  -0.04
1996-12-19T06:45:12.948     65.12   -135.77   -422.90    448.91  -0.55   2.13  -0.04
1996-12-19T06:45:13.281     63.56   -135.23   -420.91    446.65  -0.55   2.13  -0.04
1996-12-19T06:45:13.614     64.23   -133.61   -421.55    446.86  -0.55   2.13  -0.04
1996-12-19T06:45:13.948     66.10   -134.71   -420.55    446.52  -0.54   2.13  -0.04
1996-12-19T06:45:14.281     66.88   -133.44   -422.92    448.48  -0.54   2.13  -0.04
1996-12-19T06:45:14.614     66.73   -136.32   -418.79    445.44  -0.54   2.13  -0.04
1996-12-19T06:45:14.948     66.68   -135.65   -423.63    449.79  -0.54   2.13  -0.04
1996-12-19T06:45:15.281     65.21   -134.00   -421.55    447.12  -0.54   2.13  -0.04
1996-12-19T06:45:15.614     61.79   -133.50   -421.71    446.63  -0.54   2.13  -0.04
1996-12-19T06:45:15.948     63.81   -133.31   -421.77    446.92  -0.54   2.13  -0.04
1996-12-19T06:45:16.281     62.03   -134.32   -418.56    443.94  -0.54   2.13  -0.04
1996-12-19T06:45:16.614     63.92   -135.42   -420.55    446.41  -0.54   2.13  -0.04
1996-12-19T06:45:16.948     62.56   -137.32   -420.82    447.05  -0.54   2.12  -0.04
1996-12-19T06:45:17.281     63.84   -135.63   -417.03    443.15  -0.53   2.12  -0.04
1996-12-19T06:45:17.614     61.52   -136.06   -418.75    444.57  -0.53   2.12  -0.04
1996-12-19T06:45:17.948     62.08   -132.48   -420.71    445.42  -0.53   2.12  -0.04
1996-12-19T06:45:18.281     64.35   -135.19   -419.96    445.85  -0.53   2.12  -0.04
1996-12-19T06:45:18.614     60.84   -133.22   -419.32    444.16  -0.53   2.12  -0.04
1996-12-19T06:45:18.948     61.95   -134.91   -420.10    445.55  -0.53   2.12  -0.04
1996-12-19T06:45:19.281     64.10   -133.09   -419.07    444.35  -0.53   2.12  -0.04
1996-12-19T06:45:19.614     65.89   -131.59   -420.58    445.59  -0.53   2.12  -0.04
1996-12-19T06:45:19.948     64.66   -130.04   -418.07    442.58  -0.53   2.12  -0.04
1996-12-19T06:45:20.281     64.65   -132.76   -420.50    445.67  -0.53   2.12  -0.04
1996-12-19T06:45:20.614     61.68   -131.41   -418.87    443.31  -0.52   2.12  -0.04
1996-12-19T06:45:20.948     61.93   -133.68   -417.89    443.10  -0.52   2.12  -0.04
1996-12-19T06:45:21.281     61.97   -133.01   -418.23    443.23  -0.52   2.12  -0.04
1996-12-19T06:45:21.614     57.99   -134.35   -417.07    442.00  -0.52   2.12  -0.04
1996-12-19T06:45:21.948     57.75   -135.62   -418.59    443.79  -0.52   2.11  -0.04
1996-12-19T06:45:22.281     61.66   -131.61   -417.01    441.61  -0.52   2.11  -0.04
1996-12-19T06:45:22.614     61.06   -132.87   -414.65    439.68  -0.52   2.11  -0.04
1996-12-19T06:45:22.948     60.65   -131.69   -417.66    442.11  -0.52   2.11  -0.04
1996-12-19T06:45:23.281     59.83   -131.53   -416.62    440.97  -0.52   2.11  -0.04
1996-12-19T06:45:23.614     60.15   -133.75   -417.81    442.80  -0.52   2.11  -0.04
1996-12-19T06:45:23.948     60.30   -133.40   -419.57    444.38  -0.51   2.11  -0.04
1996-12-19T06:45:24.281     61.13   -133.87   -416.27    441.52  -0.51   2.11  -0.04
1996-12-19T06:45:24.614     62.10   -132.15   -418.18    442.94  -0.51   2.11  -0.04
1996-12-19T06:45:24.948     60.06   -133.79   -416.38    441.45  -0.51   2.11  -0.04
1996-12-19T06:45:25.281     58.60   -134.71   -415.70    440.89  -0.51   2.11  -0.04
1996-12-19T06:45:25.614     59.29   -132.96   -418.49    443.09  -0.51   2.11  -0.04
1996-12-19T06:45:25.948     59.39   -135.85   -414.89    440.58  -0.51   2.11  -0.04
1996-12-19T06:45:26.281     60.82   -133.18   -417.16    442.10  -0.51   2.11  -0.04
1996-12-19T06:45:26.614     58.87   -134.82   -415.61    440.88  -0.51   2.11  -0.04
1996-12-19T06:45:26.948     60.76   -134.75   -416.44    441.90  -0.51   2.10  -0.04
1996-12-19T06:45:27.281     61.27   -134.75   -416.19    441.74  -0.50   2.10  -0.04
1996-12-19T06:45:27.614     57.94   -135.86   -417.19    442.57  -0.50   2.10  -0.04
1996-12-19T06:45:27.948     59.43   -132.97   -417.62    442.29  -0.50   2.10  -0.04
1996-12-19T06:45:28.281     62.86   -133.68   -417.75    443.10  -0.50   2.10  -0.04
1996-12-19T06:45:28.614     62.25   -130.56   -414.43    438.95  -0.50   2.10  -0.04
1996-12-19T06:45:28.948     60.53   -133.57   -419.93    444.80  -0.50   2.10  -0.04
1996-12-19T06:45:29.281     63.49   -130.86   -416.50    441.17  -0.50   2.10  -0.04
1996-12-19T06:45:29.614     64.20   -130.15   -413.92    438.63  -0.50   2.10  -0.04
1996-12-19T06:45:29.948     66.73   -128.21   -419.39    443.60  -0.50   2.10  -0.04
1996-12-19T06:45:30.281     67.89   -126.11   -418.37    442.20  -0.50   2.10  -0.04
1996-12-19T06:45:30.614     68.05   -124.84   -418.03    441.55  -0.49   2.10  -0.04
1996-12-19T06:45:30.948     70.03   -125.14   -419.60    443.43  -0.49   2.10  -0.04
1996-12-19T06:45:31.281     69.28   -126.75   -416.68    441.01  -0.49   2.10  -0.04
1996-12-19T06:45:31.614     69.61   -126.88   -417.04    441.44  -0.49   2.10  -0.04
1996-12-19T06:45:31.948     70.07   -126.30   -418.11    442.36  -0.49   2.09  -0.04
1996-12-19T06:45:32.281     72.13   -125.64   -416.27    440.76  -0.49   2.09  -0.04
1996-12-19T06:45:32.614     66.88   -125.03   -417.46    440.88  -0.49   2.09  -0.04
1996-12-19T06:45:32.948     69.36   -124.60   -414.70    438.53  -0.49   2.09  -0.04
1996-12-19T06:45:33.281     67.68   -126.06   -418.15    441.95  -0.49   2.09  -0.04
1996-12-19T06:45:33.614     70.22   -125.54   -417.60    441.69  -0.49   2.09  -0.04
1996-12-19T06:45:33.948     73.13   -125.57   -417.72    442.27  -0.48   2.09  -0.04
1996-12-19T06:45:34.281     73.17   -125.47   -417.98    442.50  -0.48   2.09  -0.04
1996-12-19T06:45:34.614     72.05   -126.51   -417.26    441.93  -0.48   2.09  -0.04
1996-12-19T06:45:34.948     70.66   -126.71   -419.08    443.48  -0.48   2.09  -0.04
1996-12-19T06:45:35.281     68.69   -125.89   -417.74    441.67  -0.48   2.09  -0.04
1996-12-19T06:45:35.614     66.99   -127.51   -417.87    442.00  -0.48   2.09  -0.04
1996-12-19T06:45:35.948     71.81   -123.21   -417.82    441.49  -0.48   2.09  -0.04
1996-12-19T06:45:36.281     70.63   -126.82   -418.95    443.39  -0.48   2.09  -0.04
1996-12-19T06:45:36.614     67.95   -128.56   -419.45    443.94  -0.48   2.09  -0.04
1996-12-19T06:45:36.948     71.98   -121.51   -419.04    442.20  -0.48   2.08  -0.04
1996-12-19T06:45:37.281     70.88   -125.74   -416.66    440.96  -0.47   2.08  -0.04
1996-12-19T06:45:37.614     68.40   -126.54   -418.58    442.60  -0.47   2.08  -0.04
1996-12-19T06:45:37.948     71.45   -123.81   -418.34    442.09  -0.47   2.08  -0.04
1996-12-19T06:45:38.281     70.75   -127.21   -416.43    441.14  -0.47   2.08  -0.04
1996-12-19T06:45:38.614     68.12   -126.60   -419.61    443.55  -0.47   2.08  -0.04
1996-12-19T06:45:38.948     65.14   -127.06   -420.87    444.44  -0.47   2.08  -0.04
1996-12-19T06:45:39.281     63.65   -126.43   -416.36    439.76  -0.47   2.08  -0.04
1996-12-19T06:45:39.614     69.46   -125.93   -418.27    442.31  -0.47   2.08  -0.04
1996-12-19T06:45:39.948     66.72   -124.89   -417.92    441.26  -0.47   2.08  -0.04
1996-12-19T06:45:40.281     64.94   -125.89   -420.08    443.33  -0.47   2.08  -0.04
1996-12-19T06:45:40.614     71.54   -126.74   -419.52    444.05  -0.46   2.08  -0.04
1996-12-19T06:45:40.948     69.01   -126.30   -420.94    444.86  -0.46   2.08  -0.04
1996-12-19T06:45:41.281     68.55   -123.81   -418.99    442.25  -0.46   2.08  -0.04
1996-12-19T06:45:41.614     66.52   -126.28   -418.36    442.03  -0.46   2.08  -0.04
1996-12-19T06:45:41.948     67.33   -125.84   -419.07    442.70  -0.46   2.07  -0.04
1996-12-19T06:45:42.281     63.38   -125.67   -419.32    442.31  -0.46   2.07  -0.04
1996-12-19T06:45:42.614     67.27   -126.99   -416.53    440.63  -0.46   2.07  -0.04
1996-12-19T06:45:42.948     68.03   -127.43   -419.31    443.49  -0.46   2.07  -0.04
1996-12-19T06:45:43.281     67.38   -125.92   -417.72    441.46  -0.46   2.07  -0.04
1996-12-19T06:45:43.614     69.10   -125.12   -417.55    441.34  -0.46   2.07  -0.04
1996-12-19T06:45:43.948     65.87   -124.08   -418.28    441.24  -0.45   2.07  -0.04
1996-12-19T06:45:44.281     70.72   -121.17   -419.58    442.42  -0.45   2.07  -0.04
1996-12-19T06:45:44.614     68.13   -125.77   -420.86    444.50  -0.45   2.07  -0.04
1996-12-19T06:45:44.948     68.24   -126.92   -419.46    443.53  -0.45   2.07  -0.04
1996-12-19T06:45:45.281     71.09   -127.81   -417.75    442.61  -0.45   2.07  -0.04
1996-12-19T06:45:45.614     70.74   -125.70   -419.78    443.87  -0.45   2.07  -0.04
1996-12-19T06:45:45.948     71.82   -126.52   -418.91    443.46  -0.45   2.07  -0.04
1996-12-19T06:45:46.281     68.48   -127.79   -418.82    443.21  -0.45   2.07  -0.04
1996-12-19T06:45:46.614     66.81   -127.05   -419.42    443.30  -0.45   2.07  -0.04
1996-12-19T06:45:46.948     70.73   -129.91   -418.64    444.00  -0.45   2.06  -0.04
1996-12-19T06:45:47.281     74.43   -127.56   -419.62    444.85  -0.44   2.06  -0.04
1996-12-19T06:45:47.614     71.78   -126.87   -418.62    443.27  -0.44   2.06  -0.04
1996-12-19T06:45:47.948     73.14   -129.97   -419.42    445.15  -0.44   2.06  -0.04
1996-12-19T06:45:48.281     69.60   -128.25   -418.05    442.78  -0.44   2.06  -0.04
1996-12-19T06:45:48.614     71.66   -126.31   -419.79    444.20  -0.44   2.06  -0.04
1996-12-19T06:45:48.948     71.38   -128.15   -419.50    444.41  -0.44   2.06  -0.04
1996-12-19T06:45:49.281     68.93   -128.28   -418.27    442.89  -0.44   2.06  -0.04
1996-12-19T06:45:49.614     70.46   -128.45   -418.50    443.40  -0.44   2.06  -0.04
1996-12-19T06:45:49.948     71.35   -126.94   -418.11    442.75  -0.44   2.06  -0.04
1996-12-19T06:45:50.281     72.45   -124.86   -418.50    442.70  -0.44   2.06  -0.04
1996-12-19T06:45:50.614     72.55   -124.11   -418.11    442.14  -0.43   2.06  -0.04
1996-12-19T06:45:50.948     68.15   -129.76   -418.06    443.01  -0.43   2.06  -0.04
1996-12-19T06:45:51.281     69.08   -130.47   -418.50    443.78  -0.43   2.06  -0.04
1996-12-19T06:45:51.614     66.31   -130.18   -417.40    442.23  -0.43   2.06  -0.04
1996-12-19T06:45:51.948     68.32   -132.19   -415.68    441.51  -0.43   2.05  -0.04
1996-12-19T06:45:52.281     65.13   -134.31   -417.95    443.81  -0.43   2.05  -0.04
1996-12-19T06:45:52.614     69.45   -132.30   -418.37    444.25  -0.43   2.05  -0.04
1996-12-19T06:45:52.948     67.28   -132.69   -419.13    444.75  -0.43   2.05  -0.04
1996-12-19T06:45:53.281     66.62   -134.75   -418.96    445.11  -0.43   2.05  -0.04
1996-12-19T06:45:53.614     68.09   -133.73   -417.07    443.24  -0.43   2.05  -0.04
1996-12-19T06:45:53.948     70.77   -131.69   -416.65    442.66  -0.42   2.05  -0.04
1996-12-19T06:45:54.281     69.62   -132.56   -416.14    442.26  -0.42   2.05  -0.04
1996-12-19T06:45:54.614     67.62   -132.33   -416.54    442.25  -0.42   2.05  -0.04
1996-12-19T06:45:54.948     65.39   -131.38   -417.99    443.00  -0.42   2.05  -0.04
1996-12-19T06:45:55.281     69.58   -137.09   -419.01    446.33  -0.42   2.05  -0.04
1996-12-19T06:45:55.614     68.86   -135.82   -417.12    444.05  -0.42   2.05  -0.04
1996-12-19T06:45:55.948     66.77   -135.83   -416.54    443.18  -0.42   2.05  -0.04
1996-12-19T06:45:56.281     63.66   -136.13   -416.25    442.55  -0.42   2.05  -0.04
1996-12-19T06:45:56.614     67.09   -136.33   -415.37    442.29  -0.42   2.05  -0.04
1996-12-19T06:45:56.948     67.05   -136.66   -417.36    444.26  -0.42   2.04  -0.04
1996-12-19T06:45:57.281     69.07   -129.90   -416.54    441.76  -0.41   2.04  -0.04
1996-12-19T06:45:57.614     68.49   -129.57   -418.08    443.02  -0.41   2.04  -0.04
1996-12-19T06:45:57.948     64.73   -131.71   -415.99    441.12  -0.41   2.04  -0.04
1996-12-19T06:45:58.281     65.62   -129.53   -417.83    442.34  -0.41   2.04  -0.04
1996-12-19T06:45:58.614     67.77   -131.89   -415.84    441.49  -0.41   2.04  -0.04
1996-12-19T06:45:58.948     68.18   -131.38   -416.05    441.59  -0.41   2.04  -0.04
1996-12-19T06:45:59.281     66.22   -134.36   -417.21    443.28  -0.41   2.04  -0.04
1996-12-19T06:45:59.614     64.71   -134.87   -414.89    441.04  -0.41   2.04  -0.04
1996-12-19T06:45:59.948     63.25   -134.40   -415.45    441.20  -0.41   2.04  -0.04
1996-12-19T06:46:00.281     62.78   -135.33   -415.38    441.36  -0.41   2.04  -0.04
1996-12-19T06:46:00.614     61.09   -133.14   -415.04    440.13  -0.40   2.04  -0.04
1996-12-19T06:46:00.948     66.92   -131.73   -414.70    440.23  -0.40   2.04  -0.04
1996-12-19T06:46:01.281     68.27   -132.58   -415.39    441.35  -0.40   2.04  -0.04
1996-12-19T06:46:01.614     66.14   -134.74   -414.56    440.90  -0.40   2.04  -0.04
1996-12-19T06:46:01.948     68.80   -133.49   -414.48    440.85  -0.40   2.03  -0.04
1996-12-19T06:46:02.281     63.27   -130.93   -415.14    439.87  -0.40   2.03  -0.04
1996-12-19T06:46:02.614     68.42   -131.74   -414.86    440.62  -0.40   2.03  -0.04
1996-12-19T06:46:02.948     66.35   -131.27   -416.09    441.32  -0.40   2.03  -0.04
1996-12-19T06:46:03.281     65.41   -129.66   -415.33    439.99  -0.40   2.03  -0.04
1996-12-19T06:46:03.614     67.55   -129.66   -416.04    440.98  -0.40   2.03  -0.04
1996-12-19T06:46:03.948     68.92   -127.42   -416.71    441.17  -0.39   2.03  -0.04
1996-12-19T06:46:04.281     70.46   -127.27   -416.55    441.22  -0.39   2.03  -0.04
1996-12-19T06:46:04.614     71.61   -129.18   -416.25    441.68  -0.39   2.03  -0.04
1996-12-19T06:46:04.948     74.03   -127.10   -417.96    443.09  -0.39   2.03  -0.04
1996-12-19T06:46:05.281     67.80   -129.45   -418.46    443.24  -0.39   2.03  -0.04
1996-12-19T06:46:05.614     71.61   -132.13   -418.04    444.23  -0.39   2.03  -0.04
1996-12-19T06:46:05.948     71.02   -129.29   -420.30    445.44  -0.39   2.03  -0.04
1996-12-19T06:46:06.281     70.30   -129.84   -419.21    444.45  -0.39   2.03  -0.04
1996-12-19T06:46:06.614     72.58   -127.98   -420.99    445.96  -0.39   2.03  -0.04
1996-12-19T06:46:06.948     68.85   -131.35   -419.69    445.12  -0.39   2.02  -0.04
1996-12-19T06:46:07.281     66.93   -138.09   -422.30    449.32  -0.38   2.02  -0.04
1996-12-19T06:46:07.614     65.53   -141.23   -419.42    447.39  -0.38   2.02  -0.04
1996-12-19T06:46:07.948     66.12   -140.13   -420.54    448.18  -0.38   2.02  -0.04
1996-12-19T06:46:08.281     64.74   -140.34   -420.76    448.25  -0.38   2.02  -0.04
1996-12-19T06:46:08.614     65.68   -142.16   -422.21    450.32  -0.38   2.02  -0.04
1996-12-19T06:46:08.948     65.25   -141.49   -422.85    450.64  -0.38   2.02  -0.04
1996-12-19T06:46:09.281     66.63   -141.08   -421.42    449.38  -0.38   2.02  -0.04
1996-12-19T06:46:09.614     65.28   -142.85   -422.62    450.86  -0.38   2.02  -0.04
1996-12-19T06:46:09.948     65.52   -140.90   -426.11    453.55  -0.38   2.02  -0.04
1996-12-19T06:46:10.281     63.65   -141.73   -422.91    450.54  -0.38   2.02  -0.04
1996-12-19T06:46:10.614     63.85   -140.34   -424.45    451.59  -0.37   2.02  -0.04
1996-12-19T06:46:10.948     67.44   -140.01   -423.59    451.20  -0.37   2.02  -0.04
1996-12-19T06:46:11.281     68.95   -140.75   -423.76    451.82  -0.37   2.02  -0.04
1996-12-19T06:46:11.614     68.17   -139.89   -422.21    449.98  -0.37   2.02  -0.04
1996-12-19T06:46:11.948     68.29   -140.98   -425.26    453.19  -0.37   2.01  -0.04
1996-12-19T06:46:12.281     64.30   -140.56   -421.32    448.78  -0.37   2.01  -0.04
1996-12-19T06:46:12.614     64.81   -141.94   -422.39    450.29  -0.37   2.01  -0.04
1996-12-19T06:46:12.948     64.66   -140.39   -425.50    452.71  -0.37   2.01  -0.04
1996-12-19T06:46:13.281     63.47   -141.84   -423.83    451.42  -0.37   2.01  -0.04
1996-12-19T06:46:13.614     64.93   -138.06   -424.72    451.29  -0.37   2.01  -0.04
1996-12-19T06:46:13.948     67.02   -142.14   -427.24    455.22  -0.36   2.01  -0.04
1996-12-19T06:46:14.281     65.05   -142.76   -424.17    452.25  -0.36   2.01  -0.04
1996-12-19T06:46:14.614     64.95   -143.25   -420.29    448.76  -0.36   2.01  -0.04
1996-12-19T06:46:14.948     66.32   -142.24   -422.23    450.45  -0.36   2.01  -0.04
1996-12-19T06:46:15.281     65.09   -141.33   -423.93    451.59  -0.36   2.01  -0.04
1996-12-19T06:46:15.614     65.01   -138.05   -425.40    451.94  -0.36   2.01  -0.04
1996-12-19T06:46:15.948     67.22   -137.46   -422.86    449.69  -0.36   2.01  -0.04
1996-12-19T06:46:16.281     64.81   -139.90   -421.17    448.50  -0.36   2.01  -0.04
1996-12-19T06:46:16.614     66.63   -139.12   -420.82    448.20  -0.36   2.01  -0.04
1996-12-19T06:46:16.948     66.64   -143.01   -420.07    448.72  -0.36   2.00  -0.04
1996-12-19T06:46:17.281     63.98   -141.17   -421.77    449.34  -0.35   2.00  -0.04
1996-12-19T06:46:17.614     64.18   -140.24   -419.01    446.49  -0.35   2.00  -0.04
1996-12-19T06:46:17.948     64.43   -138.52   -419.67    446.61  -0.35   2.00  -0.04
1996-12-19T06:46:18.281     66.40   -136.91   -420.71    447.38  -0.35   2.00  -0.04
1996-12-19T06:46:18.614     64.66   -136.29   -421.36    447.55  -0.35   2.00  -0.04
1996-12-19T06:46:18.948     63.89   -140.27   -420.34    447.71  -0.35   2.00  -0.04
1996-12-19T06:46:19.281     62.72   -139.76   -419.82    446.89  -0.35   2.00  -0.04
1996-12-19T06:46:19.614     61.70   -138.58   -419.63    446.21  -0.35   2.00  -0.04
1996-12-19T06:46:19.948     61.39   -140.03   -419.66    446.65  -0.35   2.00  -0.04
1996-12-19T06:46:20.281     61.66   -139.47   -417.19    444.19  -0.35   2.00  -0.04
1996-12-19T06:46:20.614     61.71   -140.17   -420.04    447.09  -0.34   2.00  -0.04
1996-12-19T06:46:20.948     61.92   -138.74   -417.34    444.13  -0.34   2.00  -0.04
1996-12-19T06:46:21.281     62.78   -140.21   -418.55    445.86  -0.34   2.00  -0.04
1996-12-19T06:46:21.614     64.18   -142.89   -420.26    448.50  -0.34   1.99  -0.04
1996-12-19T06:46:21.948     64.64   -141.91   -422.36    450.22  -0.34   1.99  -0.04
1996-12-19T06:46:22.281     65.83   -140.32   -422.18    449.73  -0.34   1.99  -0.04
1996-12-19T06:46:22.614     67.09   -135.32   -421.29    447.54  -0.34   1.99  -0.04
1996-12-19T06:46:22.948     69.22   -135.89   -419.41    446.27  -0.34   1.99  -0.04
1996-12-19T06:46:23.281     66.95   -135.17   -422.51    448.63  -0.34   1.99  -0.04
1996-12-19T06:46:23.614     67.04   -136.71   -423.04    449.60  -0.34   1.99  -0.04
1996-12-19T06:46:23.948     62.90   -143.08   -417.47    445.77  -0.33   1.99  -0.04
1996-12-19T06:46:24.281     64.79   -140.43   -420.69    448.22  -0.33   1.99  -0.04
1996-12-19T06:46:24.614     67.87   -141.88   -418.68    447.24  -0.33   1.99  -0.04
1996-12-19T06:46:24.948     67.60   -139.98   -416.76    444.81  -0.33   1.99  -0.04
1996-12-19T06:46:25.281     68.40   -129.89   -419.41    444.35  -0.33   1.99  -0.04
1996-12-19T06:46:25.614     67.91   -135.82   -416.56    443.38  -0.33   1.99  -0.04
1996-12-19T06:46:25.948     68.75   -134.61   -419.81    446.19  -0.33   1.99  -0.04
1996-12-19T06:46:26.281     71.24   -134.09   -418.11    444.83  -0.33   1.99  -0.04
1996-12-19T06:46:26.614     68.82   -134.91   -420.61    447.05  -0.33   1.98  -0.04
1996-12-19T06:46:26.948     67.83   -134.23   -417.18    443.46  -0.33   1.98  -0.04
1996-12-19T06:46:27.281     69.73   -133.19   -416.43    442.74  -0.32   1.98  -0.04
1996-12-19T06:46:27.614     65.46   -132.63   -419.81    445.11  -0.32   1.98  -0.04
1996-12-19T06:46:27.948     66.03   -136.33   -419.89    446.38  -0.32   1.98  -0.04
1996-12-19T06:46:28.281     68.40   -135.98   -417.30    444.20  -0.32   1.98  -0.04
1996-12-19T06:46:28.614     73.55   -130.51   -416.39    442.52  -0.32   1.98  -0.04
1996-12-19T06:46:28.948     67.86   -132.57   -417.80    443.55  -0.32   1.98  -0.04
1996-12-19T06:46:29.281     69.64   -132.15   -419.91    445.68  -0.32   1.98  -0.04
1996-12-19T06:46:29.614     68.49   -132.83   -417.40    443.35  -0.32   1.98  -0.04
1996-12-19T06:46:29.948     69.40   -136.36   -418.64    445.72  -0.32   1.98  -0.04
1996-12-19T06:46:30.281     67.77   -134.56   -417.96    444.29  -0.32   1.98  -0.04
1996-12-19T06:46:30.614     67.89   -134.49   -419.40    445.63  -0.31   1.98  -0.04
1996-12-19T06:46:30.948     67.06   -134.61   -418.47    444.67  -0.31   1.98  -0.04
1996-12-19T06:46:31.281     68.15   -135.76   -416.95    443.76  -0.31   1.98  -0.04
1996-12-19T06:46:31.614     72.96   -135.43   -417.57    445.01  -0.31   1.97  -0.04
1996-12-19T06:46:31.948     71.36   -135.18   -417.80    444.89  -0.31   1.97  -0.04
1996-12-19T06:46:32.281     69.28   -133.87   -416.84    443.26  -0.31   1.97  -0.04
1996-12-19T06:46:32.614     72.26   -133.11   -416.89    443.55  -0.31   1.97  -0.04
1996-12-19T06:46:32.948     72.32   -130.99   -417.29    443.30  -0.31   1.97  -0.04
1996-12-19T06:46:33.281     70.63   -134.87   -418.24    445.08  -0.31   1.97  -0.04
1996-12-19T06:46:33.614     72.17   -134.80   -417.10    444.24  -0.31   1.97  -0.04
1996-12-19T06:46:33.948     70.33   -132.56   -418.05    444.16  -0.30   1.97  -0.04
1996-12-19T06:46:34.281     71.85   -132.72   -420.01    446.30  -0.30   1.97  -0.04
1996-12-19T06:46:34.614     69.03   -132.49   -416.49    442.47  -0.30   1.97  -0.04
1996-12-19T06:46:34.948     69.40   -131.94   -419.50    445.20  -0.30   1.97  -0.04
1996-12-19T06:46:35.281     68.21   -131.41   -420.24    445.56  -0.30   1.97  -0.04
1996-12-19T06:46:35.614     63.39   -133.84   -420.17    445.50  -0.30   1.97  -0.04
1996-12-19T06:46:35.948     67.47   -137.49   -422.85    449.73  -0.30   1.97  -0.04
1996-12-19T06:46:36.281     73.26   -137.91   -419.33    447.46  -0.30   1.97  -0.04
1996-12-19T06:46:36.614     70.09   -134.75   -420.26    446.87  -0.30   1.96  -0.04
1996-12-19T06:46:36.948     74.38   -136.68   -421.01    448.85  -0.30   1.96  -0.04
1996-12-19T06:46:37.281     70.03   -137.03   -421.04    448.28  -0.29   1.96  -0.04
1996-12-19T06:46:37.614     71.91   -136.57   -421.18    448.57  -0.29   1.96  -0.04
1996-12-19T06:46:37.948     70.05   -137.05   -423.62    450.71  -0.29   1.96  -0.04
1996-12-19T06:46:38.281     70.27   -138.68   -420.78    448.58  -0.29   1.96  -0.04
1996-12-19T06:46:38.614     70.09   -139.30   -419.41    447.46  -0.29   1.96  -0.04
1996-12-19T06:46:38.948     67.65   -137.46   -421.60    448.57  -0.29   1.96  -0.04
1996-12-19T06:46:39.281     69.10   -138.39   -421.16    448.66  -0.29   1.96  -0.04
1996-12-19T06:46:39.614     68.58   -138.46   -422.61    449.97  -0.29   1.96  -0.04
1996-12-19T06:46:39.948     69.12   -136.65   -422.56    449.45  -0.29   1.96  -0.04
1996-12-19T06:46:40.281     68.89   -137.16   -421.21    448.31  -0.29   1.96  -0.04
1996-12-19T06:46:40.614     71.12   -138.81   -422.37    450.25  -0.28   1.96  -0.04
1996-12-19T06:46:40.948     68.52   -137.60   -421.99    449.11  -0.28   1.96  -0.04
1996-12-19T06:46:41.281     72.70   -137.97   -420.75    448.72  -0.28   1.96  -0.04
1996-12-19T06:46:41.614     69.75   -138.23   -422.97    450.41  -0.28   1.95  -0.04
1996-12-19T06:46:41.948     70.75   -137.78   -418.51    446.25  -0.28   1.95  -0.04
1996-12-19T06:46:42.281     73.38   -137.79   -418.93    447.07  -0.28   1.95  -0.04
1996-12-19T06:46:42.614     71.07   -135.80   -420.27    447.35  -0.28   1.95  -0.04
1996-12-19T06:46:42.948     66.77   -135.46   -419.57    445.92  -0.28   1.95  -0.04
1996-12-19T06:46:43.281     69.71   -141.28   -418.48    447.15  -0.28   1.95  -0.04
1996-12-19T06:46:43.614     67.42   -138.01   -421.25    448.38  -0.28   1.95  -0.04
1996-12-19T06:46:43.948     69.25   -138.41   -419.41    447.05  -0.27   1.95  -0.04
1996-12-19T06:46:44.281     69.38   -134.06   -419.83    446.14  -0.27   1.95  -0.04
1996-12-19T06:46:44.614     65.30   -133.74   -419.80    445.40  -0.27   1.95  -0.04
1996-12-19T06:46:44.948     68.19   -134.57   -418.73    445.08  -0.27   1.95  -0.04
1996-12-19T06:46:45.281     71.43   -133.32   -411.17    438.11  -0.27   1.95  -0.04
1996-12-19T06:46:45.614     74.03   -137.94   -414.29    442.88  -0.27   1.95  -0.04
1996-12-19T06:46:45.948     73.22   -135.81   -413.38    441.24  -0.27   1.95  -0.04
1996-12-19T06:46:46.281     70.94   -134.70   -412.63    439.82  -0.27   1.95  -0.04
1996-12-19T06:46:46.614     72.54   -137.34   -413.87    442.06  -0.27   1.94  -0.04
1996-12-19T06:46:46.948     73.78   -135.41   -412.48    440.37  -0.27   1.94  -0.04
1996-12-19T06:46:47.281     75.07   -134.34   -413.10    440.83  -0.26   1.94  -0.04
1996-12-19T06:46:47.614     75.29   -132.09   -413.30    440.38  -0.26   1.94  -0.04
1996-12-19T06:46:47.948     74.47   -131.19   -412.56    439.28  -0.26   1.94  -0.04
1996-12-19T06:46:48.281     69.00   -131.50   -411.90    437.85  -0.26   1.94  -0.04
1996-12-19T06:46:48.614     68.04   -131.88   -413.31    439.14  -0.26   1.94  -0.04
1996-12-19T06:46:48.948     66.58   -131.37   -414.12    439.53  -0.26   1.94  -0.04
1996-12-19T06:46:49.281     66.20   -133.40   -412.27    438.34  -0.26   1.94  -0.04
1996-12-19T06:46:49.614     66.80   -130.52   -413.91    439.11  -0.26   1.94  -0.04
1996-12-19T06:46:49.948     66.48   -133.82   -411.19    437.50  -0.26   1.94  -0.04
1996-12-19T06:46:50.281     64.10   -131.36   -413.40    438.48  -0.26   1.94  -0.04
1996-12-19T06:46:50.614     69.01   -131.06   -415.09    440.73  -0.25   1.94  -0.04
1996-12-19T06:46:50.948     63.35   -134.55   -413.49    439.43  -0.25   1.94  -0.04
1996-12-19T06:46:51.281     68.73   -131.93   -412.24    438.25  -0.25   1.94  -0.04
1996-12-19T06:46:51.614     67.32   -131.96   -413.28    439.03  -0.25   1.93  -0.04
1996-12-19T06:46:51.948     67.94   -130.49   -412.45    437.90  -0.25   1.93  -0.04
1996-12-19T06:46:52.281     67.44   -131.80   -414.09    439.76  -0.25   1.93  -0.04
1996-12-19T06:46:52.614     68.51   -131.86   -413.05    438.97  -0.25   1.93  -0.04
1996-12-19T06:46:52.948     69.22   -130.30   -411.60    437.25  -0.25   1.93  -0.04
1996-12-19T06:46:53.281     70.20   -130.49   -411.68    437.54  -0.25   1.93  -0.04
1996-12-19T06:46:53.614     68.42   -129.86   -408.98    434.52  -0.25   1.93  -0.04
1996-12-19T06:46:53.948     65.18   -128.56   -411.90    436.39  -0.24   1.93  -0.04
1996-12-19T06:46:54.281     66.48   -131.24   -413.02    438.43  -0.24   1.93  -0.04
1996-12-19T06:46:54.614     64.67   -129.40   -412.58    437.20  -0.24   1.93  -0.04
1996-12-19T06:46:54.948     66.37   -130.22   -413.60    438.67  -0.24   1.93  -0.04
1996-12-19T06:46:55.281     69.60   -130.08   -411.53    437.18  -0.24   1.93  -0.04
1996-12-19T06:46:55.614     69.15   -127.92   -410.77    435.75  -0.24   1.93  -0.04
1996-12-19T06:46:55.948     67.23   -128.76   -411.53    436.42  -0.24   1.93  -0.04
1996-12-19T06:46:56.281     66.06   -130.12   -413.26    438.27  -0.24   1.92  -0.04
1996-12-19T06:46:56.614     64.57   -130.80   -411.27    436.37  -0.24   1.92  -0.04
1996-12-19T06:46:56.948     62.79   -127.94   -411.06    435.06  -0.24   1.92  -0.04
1996-12-19T06:46:57.281     63.02   -130.12   -411.44    436.11  -0.23   1.92  -0.04
1996-12-19T06:46:57.614     69.13   -128.58   -410.33    435.52  -0.23   1.92  -0.04
1996-12-19T06:46:57.948     64.99   -128.02   -408.05    432.57  -0.23   1.92  -0.04
1996-12-19T06:46:58.281     63.72   -126.01   -411.79    435.33  -0.23   1.92  -0.04
1996-12-19T06:46:58.614     61.18   -128.47   -409.56    433.57  -0.23   1.92  -0.04
1996-12-19T06:46:58.948     64.58   -129.23   -412.50    437.06  -0.23   1.92  -0.04
1996-12-19T06:46:59.281     62.02   -126.05   -412.57    435.83  -0.23   1.92  -0.04
1996-12-19T06:46:59.614     61.86   -128.48   -411.32    435.33  -0.23   1.92  -0.04
1996-12-19T06:46:59.948     59.63   -129.69   -412.06    436.08  -0.23   1.92  -0.04
1996-12-19T06:47:00.281     55.56   -127.81   -410.80    433.79  -0.23   1.92  -0.04
1996-12-19T06:47:00.614     56.71   -128.34   -413.08    436.26  -0.22   1.92  -0.04
1996-12-19T06:47:00.948     58.54   -127.87   -412.24    435.57  -0.22   1.92  -0.04
1996-12-19T06:47:01.281     59.49   -127.60   -413.51    436.82  -0.22   1.91  -0.04
1996-12-19T06:47:01.614     60.75   -127.83   -413.54    437.09  -0.22   1.91  -0.04
1996-12-19T06:47:01.948     58.79   -126.78   -412.93    435.94  -0.22   1.91  -0.04
1996-12-19T06:47:02.281     61.96   -127.22   -412.12    435.74  -0.22   1.91  -0.04
1996-12-19T06:47:02.614     58.21   -126.66   -414.17    437.00  -0.22   1.91  -0.04
1996-12-19T06:47:02.948     58.22   -126.26   -414.05    436.77  -0.22   1.91  -0.04
1996-12-19T06:47:03.281     59.30   -128.01   -411.52    435.03  -0.22   1.91  -0.04
1996-12-19T06:47:03.614     57.81   -123.74   -412.98    434.98  -0.22   1.91  -0.04
1996-12-19T06:47:03.948     57.98   -124.20   -413.94    436.04  -0.21   1.91  -0.04
1996-12-19T06:47:04.281     60.23   -125.08   -411.21    434.01  -0.21   1.91  -0.04
1996-12-19T06:47:04.614     57.35   -124.28   -412.40    434.52  -0.21   1.91  -0.04
1996-12-19T06:47:04.948     56.43   -128.35   -408.38    431.78  -0.21   1.91  -0.04
1996-12-19T06:47:05.281     59.68   -126.08   -412.02    435.00  -0.21   1.91  -0.04
1996-12-19T06:47:05.614     56.48   -126.15   -412.00    434.56  -0.21   1.91  -0.04
1996-12-19T06:47:05.948     61.78   -128.03   -411.91    435.75  -0.21   1.91  -0.04
1996-12-19T06:47:06.281     60.12   -125.26   -412.95    435.70  -0.21   1.90  -0.04
1996-12-19T06:47:06.614     57.68   -125.53   -409.78    432.44  -0.21   1.90  -0.04
1996-12-19T06:47:06.948     58.63   -125.16   -410.26    432.92  -0.21   1.90  -0.04
1996-12-19T06:47:07.281     59.82   -127.50   -409.60    433.13  -0.20   1.90  -0.04
1996-12-19T06:47:07.614     60.04   -127.09   -408.05    431.58  -0.20   1.90  -0.04
1996-12-19T06:47:07.948     59.86   -127.33   -410.82    434.24  -0.20   1.90  -0.04
1996-12-19T06:47:08.281     62.06   -128.76   -411.06    435.20  -0.20   1.90  -0.04
1996-12-19T06:47:08.614     58.81   -124.24   -413.21    435.47  -0.20   1.90  -0.04
1996-12-19T06:47:08.948     62.11   -123.91   -413.01    435.65  -0.20   1.90  -0.04
1996-12-19T06:47:09.281     60.30   -124.89   -413.61    436.25  -0.20   1.90  -0.04
1996-12-19T06:47:09.614     62.35   -127.16   -411.12    434.83  -0.20   1.90  -0.04
1996-12-19T06:47:09.948     62.23   -129.17   -411.63    435.89  -0.20   1.90  -0.04
1996-12-19T06:47:10.281     60.67   -130.12   -412.58    436.85  -0.20   1.90  -0.04
1996-12-19T06:47:10.614     57.78   -131.63   -410.66    435.10  -0.19   1.90  -0.04
1996-12-19T06:47:10.948     58.47   -129.63   -412.33    436.17  -0.19   1.90  -0.04
1996-12-19T06:47:11.281     61.94   -130.12   -413.97    438.33  -0.19   1.89  -0.04
1996-12-19T06:47:11.614     59.17   -128.29   -412.99    436.48  -0.19   1.89  -0.04
1996-12-19T06:47:11.948     62.22   -128.33   -412.80    436.74  -0.19   1.89  -0.04
1996-12-19T06:47:12.281     62.40   -129.89   -413.11    437.53  -0.19   1.89  -0.04
1996-12-19T06:47:12.614     60.19   -129.60   -411.73    435.82  -0.19   1.89  -0.04
1996-12-19T06:47:12.948     61.21   -129.96   -413.92    438.14  -0.19   1.89  -0.04
1996-12-19T06:47:13.281     62.11   -129.75   -413.54    437.84  -0.19   1.89  -0.04
1996-12-19T06:47:13.614     59.92   -128.55   -414.91    438.48  -0.19   1.89  -0.04
1996-12-19T06:47:13.948     63.53   -128.40   -416.26    440.22  -0.18   1.89  -0.04
1996-12-19T06:47:14.281     60.52   -127.40   -415.71    438.99  -0.18   1.89  -0.04
1996-12-19T06:47:14.614     60.75   -126.76   -414.78    437.95  -0.18   1.89  -0.04
1996-12-19T06:47:14.948     60.48   -124.77   -413.87    436.48  -0.18   1.89  -0.04
1996-12-19T06:47:15.281     59.08   -124.72   -417.23    439.46  -0.18   1.89  -0.04
1996-12-19T06:47:15.614     56.75   -123.34   -416.20    437.78  -0.18   1.89  -0.04
1996-12-19T06:47:15.948     61.41   -123.44   -418.11    440.25  -0.18   1.89  -0.04
1996-12-19T06:47:16.281     60.74   -125.88   -415.29    438.18  -0.18   1.88  -0.04
1996-12-19T06:47:16.614     59.82   -126.25   -418.85    441.54  -0.18   1.88  -0.04
1996-12-19T06:47:16.948     59.29   -123.65   -419.49    441.34  -0.18   1.88  -0.04
1996-12-19T06:47:17.281     58.25   -122.62   -420.23    441.61  -0.17   1.88  -0.04
1996-12-19T06:47:17.614     58.77   -123.54   -423.01    444.58  -0.17   1.88  -0.04
1996-12-19T06:47:17.948     58.92   -125.80   -423.36    445.57  -0.17   1.88  -0.04
1996-12-19T06:47:18.281     69.74   -135.78   -419.92    446.80  -0.17   1.88  -0.04
1996-12-19T06:47:18.614     71.34   -141.14   -417.31    446.27  -0.17   1.88  -0.04
1996-12-19T06:47:18.948     72.84   -136.97   -416.07    444.05  -0.17   1.88  -0.04
1996-12-19T06:47:19.281     66.29   -133.60   -419.11    444.86  -0.17   1.88  -0.04
1996-12-19T06:47:19.614     65.32   -131.53   -423.48    448.22  -0.17   1.88  -0.04
1996-12-19T06:47:19.948     60.05   -127.09   -424.57    447.23  -0.17   1.88  -0.04
1996-12-19T06:47:20.281     61.33   -130.15   -423.57    447.33  -0.17   1.88  -0.04
1996-12-19T06:47:20.614     64.19   -130.17   -422.53    446.76  -0.16   1.88  -0.04
1996-12-19T06:47:20.948     64.15   -133.09   -425.49    450.41  -0.16   1.87  -0.04
1996-12-19T06:47:21.281     66.01   -127.83   -426.22    449.85  -0.16   1.87  -0.04
1996-12-19T06:47:21.614     65.62   -132.16   -424.12    449.06  -0.16   1.87  -0.04
1996-12-19T06:47:21.948     66.20   -131.83   -425.33    450.19  -0.16   1.87  -0.04
1996-12-19T06:47:22.281     64.25   -129.49   -426.64    450.46  -0.16   1.87  -0.04
1996-12-19T06:47:22.614     64.36   -127.14   -427.23    450.36  -0.16   1.87  -0.04
1996-12-19T06:47:22.948     67.83   -130.20   -424.46    449.13  -0.16   1.87  -0.04
1996-12-19T06:47:23.281     64.84   -130.51   -425.15    449.43  -0.16   1.87  -0.04
1996-12-19T06:47:23.614     63.94   -129.20   -424.70    448.50  -0.16   1.87  -0.04
1996-12-19T06:47:23.948     65.03   -130.11   -426.04    450.19  -0.15   1.87  -0.04
1996-12-19T06:47:24.281     61.72   -128.20   -429.55    452.50  -0.15   1.87  -0.04
1996-12-19T06:47:24.614     60.51   -125.57   -427.92    450.05  -0.15   1.87  -0.04
1996-12-19T06:47:24.948     62.51   -128.36   -428.81    451.96  -0.15   1.87  -0.04
1996-12-19T06:47:25.281     64.35   -132.69   -424.32    449.21  -0.15   1.87  -0.04
1996-12-19T06:47:25.614     63.06   -132.49   -425.24    449.85  -0.15   1.87  -0.04
1996-12-19T06:47:25.948     62.09   -130.00   -427.26    450.89  -0.15   1.86  -0.04
1996-12-19T06:47:26.281     60.44   -126.87   -424.33    446.99  -0.15   1.86  -0.04
1996-12-19T06:47:26.614     60.35   -124.54   -423.44    445.48  -0.15   1.86  -0.04
1996-12-19T06:47:26.948     60.28   -122.74   -424.96    446.42  -0.15   1.86  -0.04
1996-12-19T06:47:27.281     59.71   -123.45   -423.31    444.97  -0.14   1.86  -0.04
1996-12-19T06:47:27.614     59.48   -121.64   -423.78    444.89  -0.14   1.86  -0.04
1996-12-19T06:47:27.948     59.46   -124.73   -425.25    447.14  -0.14   1.86  -0.04
1996-12-19T06:47:28.281     57.97   -124.07   -427.41    448.81  -0.14   1.86  -0.04
1996-12-19T06:47:28.614     61.61   -129.58   -425.00    448.56  -0.14   1.86  -0.04
1996-12-19T06:47:28.948     62.38   -131.38   -424.65    448.86  -0.14   1.86  -0.04
1996-12-19T06:47:29.281     61.89   -133.50   -423.76    448.58  -0.14   1.86  -0.04
1996-12-19T06:47:29.614     59.63   -131.89   -424.06    448.09  -0.14   1.86  -0.04
1996-12-19T06:47:29.948     61.10   -129.35   -423.85    447.34  -0.14   1.86  -0.04
1996-12-19T06:47:30.281     62.34   -128.88   -425.64    449.07  -0.14   1.86  -0.04
1996-12-19T06:47:30.614     60.45   -129.20   -426.75    449.96  -0.13   1.86  -0.04
1996-12-19T06:47:30.948     57.23   -129.57   -422.86    445.95  -0.13   1.85  -0.04
1996-12-19T06:47:31.281     60.48   -127.01   -427.11    449.69  -0.13   1.85  -0.04
1996-12-19T06:47:31.614     59.95   -125.27   -422.67    444.90  -0.13   1.85  -0.04
1996-12-19T06:47:31.948     57.19   -124.74   -423.54    445.21  -0.13   1.85  -0.04
1996-12-19T06:47:32.281     60.29   -129.94   -422.82    446.43  -0.13   1.85  -0.04
1996-12-19T06:47:32.614     59.86   -127.49   -420.77    443.72  -0.13   1.85  -0.04
1996-12-19T06:47:32.948     57.99   -128.48   -421.74    444.67  -0.13   1.85  -0.04
1996-12-19T06:47:33.281     60.09   -127.91   -421.03    444.12  -0.13   1.85  -0.04
1996-12-19T06:47:33.614     58.51   -125.47   -421.71    443.85  -0.13   1.85  -0.04
1996-12-19T06:47:33.948     58.58   -126.74   -424.18    446.57  -0.12   1.85  -0.04
1996-12-19T06:47:34.281     55.26   -127.70   -426.59    448.71  -0.12   1.85  -0.04
1996-12-19T06:47:34.614     57.97   -129.79   -425.79    448.89  -0.12   1.85  -0.04
1996-12-19T06:47:34.948     57.38   -128.00   -422.67    445.34  -0.12   1.85  -0.04
1996-12-19T06:47:35.281     61.41   -131.70   -421.84    446.17  -0.12   1.85  -0.04
1996-12-19T06:47:35.614     60.37   -127.85   -423.54    446.51  -0.12   1.85  -0.04
1996-12-19T06:47:35.948     59.00   -126.51   -424.18    446.56  -0.12   1.84  -0.04
1996-12-19T06:47:36.281     59.69   -129.02   -422.65    445.92  -0.12   1.84  -0.04
1996-12-19T06:47:36.614     59.91   -129.62   -419.95    443.57  -0.12   1.84  -0.04
1996-12-19T06:47:36.948     57.84   -125.81   -423.56    445.62  -0.12   1.84  -0.04
1996-12-19T06:47:37.281     59.62   -126.62   -423.27    445.81  -0.11   1.84  -0.04
1996-12-19T06:47:37.614     57.04   -127.29   -423.05    445.45  -0.11   1.84  -0.04
1996-12-19T06:47:37.948     53.22   -125.56   -423.32    444.74  -0.11   1.84  -0.04
1996-12-19T06:47:38.281     58.23   -130.21   -421.68    445.15  -0.11   1.84  -0.04
1996-12-19T06:47:38.614     53.77   -130.49   -422.42    445.37  -0.11   1.84  -0.04
1996-12-19T06:47:38.948     59.62   -129.36   -421.00    444.44  -0.11   1.84  -0.04
1996-12-19T06:47:39.281     58.89   -132.59   -419.71    444.08  -0.11   1.84  -0.04
1996-12-19T06:47:39.614     56.33   -127.68   -423.86    446.24  -0.11   1.84  -0.04
1996-12-19T06:47:39.948     59.44   -128.24   -423.31    446.29  -0.11   1.84  -0.04
1996-12-19T06:47:40.281     61.64   -128.76   -423.36    446.78  -0.11   1.84  -0.04
1996-12-19T06:47:40.614     61.89   -131.38   -421.30    445.63  -0.10   1.83  -0.04
1996-12-19T06:47:40.948     61.14   -131.96   -420.27    444.72  -0.10   1.83  -0.04
1996-12-19T06:47:41.281     61.59   -128.95   -420.79    444.39  -0.10   1.83  -0.04
1996-12-19T06:47:41.614     63.10   -130.34   -422.36    446.49  -0.10   1.83  -0.04
1996-12-19T06:47:41.948     60.50   -129.86   -422.87    446.48  -0.10   1.83  -0.04
1996-12-19T06:47:42.281     61.62   -127.91   -421.85    445.10  -0.10   1.83  -0.04
1996-12-19T06:47:42.614     63.68   -127.97   -422.96    446.46  -0.10   1.83  -0.04
1996-12-19T06:47:42.948     65.33   -129.15   -423.37    447.42  -0.10   1.83  -0.04
1996-12-19T06:47:43.281     58.52   -128.10   -425.26    447.97  -0.10   1.83  -0.04
1996-12-19T06:47:43.614     59.73   -126.88   -424.33    446.90  -0.10   1.83  -0.04
1996-12-19T06:47:43.948     58.95   -128.67   -425.92    448.82  -0.09   1.83  -0.04
1996-12-19T06:47:44.281     58.01   -127.21   -423.73    446.20  -0.09   1.83  -0.04
1996-12-19T06:47:44.614     60.67   -125.72   -426.34    448.61  -0.09   1.83  -0.04
1996-12-19T06:47:44.948     61.59   -127.11   -427.65    450.37  -0.09   1.83  -0.04
1996-12-19T06:47:45.281     62.75   -127.86   -423.07    446.40  -0.09   1.83  -0.04
1996-12-19T06:47:45.614     60.83   -125.34   -426.81    448.97  -0.09   1.82  -0.04
1996-12-19T06:47:45.948     61.03   -125.92   -425.54    447.95  -0.09   1.82  -0.04
1996-12-19T06:47:46.281     60.90   -125.45   -427.12    449.30  -0.09   1.82  -0.04
1996-12-19T06:47:46.614     60.29   -124.63   -426.85    448.74  -0.09   1.82  -0.04
1996-12-19T06:47:46.948     63.58   -127.91   -424.00    447.42  -0.09   1.82  -0.04
1996-12-19T06:47:47.281     61.01   -130.49   -424.62    448.39  -0.08   1.82  -0.04
1996-12-19T06:47:47.614     60.21   -130.57   -424.81    448.49  -0.08   1.82  -0.04
1996-12-19T06:47:47.948     61.64   -132.75   -426.39    450.81  -0.08   1.82  -0.04
1996-12-19T06:47:48.281     61.55   -134.41   -425.03    450.01  -0.08   1.82  -0.04
1996-12-19T06:47:48.614     59.77   -136.30   -424.36    449.70  -0.08   1.82  -0.04
1996-12-19T06:47:48.948     56.73   -137.22   -426.15    451.28  -0.08   1.82  -0.04
1996-12-19T06:47:49.281     62.81   -139.58   -425.75    452.42  -0.08   1.82  -0.04
1996-12-19T06:47:49.614     61.69   -139.30   -424.78    451.28  -0.08   1.82  -0.04
1996-12-19T06:47:49.948     63.54   -139.07   -423.74    450.48  -0.08   1.82  -0.04
1996-12-19T06:47:50.281     63.64   -144.79   -422.40    451.04  -0.08   1.82  -0.04
1996-12-19T06:47:50.614     61.91   -140.80   -423.15    450.23  -0.07   1.81  -0.04
1996-12-19T06:47:50.948     58.32   -134.24   -424.64    449.15  -0.07   1.81  -0.04
1996-12-19T06:47:51.281     57.30   -135.27   -425.63    450.26  -0.07   1.81  -0.04
1996-12-19T06:47:51.614     60.73   -135.11   -424.16    449.29  -0.07   1.81  -0.04
1996-12-19T06:47:51.948     58.46   -133.07   -427.71    451.73  -0.07   1.81  -0.04
1996-12-19T06:47:52.281     60.59   -132.90   -427.34    451.61  -0.07   1.81  -0.04
1996-12-19T06:47:52.614     57.35   -133.19   -425.14    449.19  -0.07   1.81  -0.04
1996-12-19T06:47:52.948     59.61   -131.57   -425.95    449.77  -0.07   1.81  -0.04
1996-12-19T06:47:53.281     53.24   -128.70   -426.93    449.08  -0.07   1.81  -0.04
1996-12-19T06:47:53.614     57.01   -127.65   -427.00    449.31  -0.07   1.81  -0.04
1996-12-19T06:47:53.948     59.63   -124.39   -428.42    450.08  -0.06   1.81  -0.04
1996-12-19T06:47:54.281     60.53   -127.87   -427.94    450.72  -0.06   1.81  -0.04
1996-12-19T06:47:54.614     62.19   -139.33   -421.76    448.52  -0.06   1.81  -0.04
1996-12-19T06:47:54.948     62.02   -141.45   -422.08    449.45  -0.06   1.81  -0.04
1996-12-19T06:47:55.281     60.73   -137.84   -421.50    447.61  -0.06   1.81  -0.04
1996-12-19T06:47:55.614     60.79   -134.50   -419.88    445.07  -0.06   1.80  -0.04
1996-12-19T06:47:55.948     58.11   -132.81   -423.82    447.93  -0.06   1.80  -0.04
1996-12-19T06:47:56.281     61.67   -134.12   -421.41    446.52  -0.06   1.80  -0.04
1996-12-19T06:47:56.614     60.73   -127.40   -423.27    446.18  -0.06   1.80  -0.04
1996-12-19T06:47:56.948     61.82   -126.68   -421.73    444.66  -0.06   1.80  -0.04
1996-12-19T06:47:57.281     60.23   -129.21   -420.22    443.74  -0.05   1.80  -0.04
1996-12-19T06:47:57.614     57.86   -129.84   -422.40    445.68  -0.05   1.80  -0.04
1996-12-19T06:47:57.948     59.82   -129.39   -419.55    443.10  -0.05   1.80  -0.04
1996-12-19T06:47:58.281     60.27   -129.05   -420.47    443.94  -0.05   1.80  -0.04
1996-12-19T06:47:58.614     60.16   -129.50   -418.07    441.78  -0.05   1.80  -0.04
1996-12-19T06:47:58.948     59.36   -129.19   -420.58    443.96  -0.05   1.80  -0.04
1996-12-19T06:47:59.281     62.47   -129.20   -418.95    442.85  -0.05   1.80  -0.04
1996-12-19T06:47:59.614     61.11   -127.45   -418.18    441.42  -0.05   1.80  -0.04
1996-12-19T06:47:59.948     60.45   -128.59   -421.54    444.84  -0.05   1.80  -0.04
1996-12-19T06:48:00.281     62.28   -129.09   -420.73    444.47  -0.05   1.79  -0.04
1996-12-19T06:48:00.614     63.91   -130.95   -418.89    443.51  -0.04   1.79  -0.04
1996-12-19T06:48:00.948     60.96   -129.03   -422.69    446.13  -0.04   1.79  -0.04
1996-12-19T06:48:01.281     61.82   -130.44   -420.92    444.98  -0.04   1.79  -0.04
1996-12-19T06:48:01.614     65.00   -131.35   -417.51    442.48  -0.04   1.79  -0.04
1996-12-19T06:48:01.948     65.94   -127.48   -419.87    443.72  -0.04   1.79  -0.04
1996-12-19T06:48:02.281     62.21   -128.73   -420.61    444.24  -0.04   1.79  -0.04
1996-12-19T06:48:02.614     60.52   -128.39   -421.65    444.90  -0.04   1.79  -0.04
1996-12-19T06:48:02.948     61.10   -131.99   -421.82    446.19  -0.04   1.79  -0.04
1996-12-19T06:48:03.281     59.96   -138.75   -419.53    445.92  -0.04   1.79  -0.04
1996-12-19T06:48:03.614     61.27   -139.37   -418.36    445.20  -0.04   1.79  -0.04
1996-12-19T06:48:03.948     60.70   -131.52   -422.41    446.56  -0.03   1.79  -0.04
1996-12-19T06:48:04.281     61.47   -132.21   -421.21    445.73  -0.03   1.79  -0.04
1996-12-19T06:48:04.614     58.29   -131.82   -423.23    447.10  -0.03   1.79  -0.04
1996-12-19T06:48:04.948     54.00   -133.05   -422.71    446.43  -0.03   1.79  -0.04
1996-12-19T06:48:05.281     61.65   -131.66   -420.85    445.25  -0.03   1.78  -0.04
1996-12-19T06:48:05.614     60.77   -129.20   -422.10    445.60  -0.03   1.78  -0.04
1996-12-19T06:48:05.948     62.54   -131.24   -423.48    447.74  -0.03   1.78  -0.04
1996-12-19T06:48:06.281     63.69   -129.20   -423.72    447.54  -0.03   1.78  -0.04
1996-12-19T06:48:06.614     63.85   -128.47   -424.75    448.32  -0.03   1.78  -0.04
1996-12-19T06:48:06.948     62.31   -129.26   -423.04    446.71  -0.03   1.78  -0.04
1996-12-19T06:48:07.281     59.29   -127.70   -424.11    446.86  -0.02   1.78  -0.04
1996-12-19T06:48:07.614     65.23   -126.85   -422.35    445.79  -0.02   1.78  -0.04
1996-12-19T06:48:07.948     63.93   -125.13   -424.94    447.57  -0.02   1.78  -0.04
1996-12-19T06:48:08.281     60.69   -125.67   -425.71    448.00  -0.02   1.78  -0.04
1996-12-19T06:48:08.614     59.04   -131.73   -424.86    448.71  -0.02   1.78  -0.04
1996-12-19T06:48:08.948     57.08   -129.03   -425.04    447.85  -0.02   1.78  -0.04
1996-12-19T06:48:09.281     58.95   -128.99   -424.00    447.09  -0.02   1.78  -0.04
1996-12-19T06:48:09.614     60.27   -128.03   -426.50    449.37  -0.02   1.78  -0.04
1996-12-19T06:48:09.948     59.25   -125.81   -425.05    447.22  -0.02   1.78  -0.04
1996-12-19T06:48:10.281     62.85   -126.91   -426.61    449.51  -0.02   1.77  -0.04
1996-12-19T06:48:10.614     60.42   -128.44   -426.52    449.52  -0.01   1.77  -0.04
1996-12-19T06:48:10.948     61.17   -126.50   -427.08    449.60  -0.01   1.77  -0.04
1996-12-19T06:48:11.281     61.50   -128.02   -425.43    448.51  -0.01   1.77  -0.04
1996-12-19T06:48:11.614     57.69   -127.88   -425.59    448.12  -0.01   1.77  -0.04
1996-12-19T06:48:11.948     58.95   -129.85   -423.65    447.00  -0.01   1.77  -0.04
1996-12-19T06:48:12.281     57.58   -130.19   -426.41    449.54  -0.01   1.77  -0.04
1996-12-19T06:48:12.614     55.76   -128.96   -425.42    448.02  -0.01   1.77  -0.04
1996-12-19T06:48:12.948     53.29   -128.74   -425.53    447.76  -0.01   1.77  -0.04
1996-12-19T06:48:13.281     53.45   -130.61   -425.27    448.08  -0.01   1.77  -0.04
1996-12-19T06:48:13.614     49.86   -129.24   -424.04    446.10  -0.01   1.77  -0.04
1996-12-19T06:48:13.948     50.91   -129.79   -423.81    446.15  -0.00   1.77  -0.04
1996-12-19T06:48:14.281     51.76   -130.17   -422.46    445.08  -0.00   1.77  -0.04
1996-12-19T06:48:14.614     51.38   -128.22   -423.79    445.73  -0.00   1.77  -0.04
1996-12-19T06:48:14.948     55.02   -129.47   -423.03    445.80  -0.00   1.76  -0.04
1996-12-19T06:48:15.281     52.79   -130.61   -422.66    445.52  -0.00   1.76  -0.04
1996-12-19T06:48:15.614     54.56   -130.00   -423.65    446.50   0.00   1.76  -0.04
1996-12-19T06:48:15.948     54.72   -131.97   -420.67    444.27   0.00   1.76  -0.04
1996-12-19T06:48:16.281     54.59   -129.89   -423.75    446.56   0.00   1.76  -0.04
1996-12-19T06:48:16.614     52.05   -131.58   -422.73    445.79   0.00   1.76  -0.04
1996-12-19T06:48:16.948     53.05   -129.80   -423.41    446.02   0.00   1.76  -0.04
1996-12-19T06:48:17.281     54.70   -127.36   -421.38    443.59   0.01   1.76  -0.04
1996-12-19T06:48:17.614     56.23   -131.19   -423.58    446.98   0.01   1.76  -0.04
1996-12-19T06:48:17.948     52.29   -132.71   -424.14    447.49   0.01   1.76  -0.04
1996-12-19T06:48:18.281     54.00   -131.17   -424.40    447.48   0.01   1.76  -0.04
1996-12-19T06:48:18.614     56.64   -128.95   -426.02    448.70   0.01   1.76  -0.04
1996-12-19T06:48:18.948     58.10   -129.83   -423.81    447.05   0.01   1.76  -0.04
1996-12-19T06:48:19.281     54.73   -132.26   -423.97    447.48   0.01   1.76  -0.04
1996-12-19T06:48:19.614     56.74   -129.25   -427.59    450.28   0.01   1.76  -0.04
1996-12-19T06:48:19.948     55.67   -130.74   -423.98    447.16   0.01   1.75  -0.04
1996-12-19T06:48:20.281     52.23   -131.33   -424.84    447.74   0.01   1.75  -0.04
1996-12-19T06:48:20.614     49.75   -132.04   -424.90    447.72   0.02   1.75  -0.04
1996-12-19T06:48:20.948     51.48   -133.76   -423.33    446.93   0.02   1.75  -0.04
1996-12-19T06:48:21.281     52.75   -129.96   -423.42    446.05   0.02   1.75  -0.04
1996-12-19T06:48:21.614     54.55   -131.20   -422.93    446.16   0.02   1.75  -0.04
1996-12-19T06:48:21.948     56.48   -129.72   -421.84    444.93   0.02   1.75  -0.04
1996-12-19T06:48:22.281     53.47   -129.89   -423.24    445.94   0.02   1.75  -0.04
1996-12-19T06:48:22.614     56.12   -128.94   -423.83    446.55   0.02   1.75  -0.04
1996-12-19T06:48:22.948     56.53   -130.47   -425.27    448.42   0.02   1.75  -0.04
1996-12-19T06:48:23.281     57.49   -127.06   -424.29    446.62   0.02   1.75  -0.04
1996-12-19T06:48:23.614     57.93   -127.10   -423.84    446.26   0.02   1.75  -0.04
1996-12-19T06:48:23.948     51.75   -131.49   -423.30    446.26   0.03   1.75  -0.04
1996-12-19T06:48:24.281     53.05   -128.58   -423.26    445.53   0.03   1.75  -0.04
1996-12-19T06:48:24.614     53.08   -128.98   -421.81    444.27   0.03   1.75  -0.04
1996-12-19T06:48:24.948     57.39   -128.06   -423.38    446.03   0.03   1.74  -0.04
1996-12-19T06:48:25.281     56.93   -125.26   -424.25    446.00   0.03   1.74  -0.04
1996-12-19T06:48:25.614     55.95   -126.84   -424.92    446.96   0.03   1.74  -0.04
1996-12-19T06:48:25.948     59.60   -125.04   -423.07    445.17   0.03   1.74  -0.04
1996-12-19T06:48:26.281     56.94   -125.95   -423.30    445.30   0.03   1.74  -0.04
1996-12-19T06:48:26.614     58.15   -124.65   -420.89    442.80   0.03   1.74  -0.04
1996-12-19T06:48:26.948     56.08   -124.92   -422.06    443.71   0.03   1.74  -0.04
1996-12-19T06:48:27.281     61.54   -124.94   -424.84    447.09   0.04   1.74  -0.04
1996-12-19T06:48:27.614     63.64   -118.04   -424.10    444.80   0.04   1.74  -0.04
1996-12-19T06:48:27.948     64.61   -122.16   -421.61    443.68   0.04   1.74  -0.04
1996-12-19T06:48:28.281     61.43   -121.44   -423.79    445.10   0.04   1.74  -0.04
1996-12-19T06:48:28.614     59.21   -121.93   -420.75    442.05   0.04   1.74  -0.04
1996-12-19T06:48:28.948     62.52   -120.74   -423.04    444.35   0.04   1.74  -0.04
1996-12-19T06:48:29.281     61.44   -121.40   -420.99    442.43   0.04   1.74  -0.04
1996-12-19T06:48:29.614     59.14   -123.66   -421.89    443.60   0.04   1.73  -0.04
1996-12-19T06:48:29.948     59.48   -122.33   -422.99    444.32   0.04   1.73  -0.04
1996-12-19T06:48:30.281     61.88   -124.00   -421.02    443.24   0.04   1.73  -0.04
1996-12-19T06:48:30.614     59.93   -122.52   -422.02    443.51   0.05   1.73  -0.04
1996-12-19T06:48:30.948     58.53   -127.63   -423.00    445.70   0.05   1.73  -0.04
1996-12-19T06:48:31.281     55.48   -126.58   -422.72    444.74   0.05   1.73  -0.04
1996-12-19T06:48:31.614     55.27   -126.15   -424.24    446.03   0.05   1.73  -0.04
1996-12-19T06:48:31.948     59.56   -123.25   -423.29    444.87   0.05   1.73  -0.04
1996-12-19T06:48:32.281     60.37   -122.72   -422.80    444.37   0.05   1.73  -0.04
1996-12-19T06:48:32.614     58.93   -121.82   -420.13    441.39   0.05   1.73  -0.04
1996-12-19T06:48:32.948     58.87   -122.28   -421.45    442.77   0.05   1.73  -0.04
1996-12-19T06:48:33.281     58.51   -122.26   -422.61    443.82   0.05   1.73  -0.04
1996-12-19T06:48:33.614     58.20   -123.29   -422.09    443.56   0.05   1.73  -0.04
1996-12-19T06:48:33.948     59.03   -123.62   -422.69    444.33   0.06   1.73  -0.04
1996-12-19T06:48:34.281     59.75   -123.77   -421.00    442.87   0.06   1.73  -0.04
1996-12-19T06:48:34.614     60.20   -121.88   -422.89    444.20   0.06   1.72  -0.04
1996-12-19T06:48:34.948     60.52   -120.15   -422.26    443.17   0.06   1.72  -0.04
1996-12-19T06:48:35.281     62.06   -120.71   -421.54    442.85   0.06   1.72  -0.04
1996-12-19T06:48:35.614     63.72   -120.62   -421.62    443.14   0.06   1.72  -0.04
1996-12-19T06:48:35.948     62.47   -120.11   -420.48    441.73   0.06   1.72  -0.04
1996-12-19T06:48:36.281     62.75   -119.15   -421.50    442.49   0.06   1.72  -0.04
1996-12-19T06:48:36.614     61.19   -122.55   -419.90    441.68   0.06   1.72  -0.04
1996-12-19T06:48:36.948     61.75   -123.42   -420.59    442.65   0.06   1.72  -0.04
1996-12-19T06:48:37.281     60.68   -123.43   -421.63    443.50   0.07   1.72  -0.04
1996-12-19T06:48:37.614     62.61   -120.47   -422.25    443.54   0.07   1.72  -0.04
1996-12-19T06:48:37.948     61.68   -124.65   -422.22    444.53   0.07   1.72  -0.04
1996-12-19T06:48:38.281     60.66   -121.93   -420.75    442.24   0.07   1.72  -0.04
1996-12-19T06:48:38.614     61.49   -122.63   -419.07    440.96   0.07   1.72  -0.04
1996-12-19T06:48:38.948     60.63   -122.91   -422.51    444.18   0.07   1.72  -0.04
1996-12-19T06:48:39.281     60.04   -120.51   -421.06    442.06   0.07   1.72  -0.04
1996-12-19T06:48:39.614     62.75   -121.30   -421.75    443.31   0.07   1.71  -0.04
1996-12-19T06:48:39.948     65.64   -123.62   -419.97    442.68   0.07   1.71  -0.04
1996-12-19T06:48:40.281     67.52   -122.22   -420.84    443.40   0.07   1.71  -0.04
1996-12-19T06:48:40.614     64.80   -119.88   -420.31    441.85   0.08   1.71  -0.04
1996-12-19T06:48:40.948     58.84   -124.25   -420.71    442.60   0.08   1.71  -0.04
1996-12-19T06:48:41.281     62.89   -123.80   -421.31    443.60   0.08   1.71  -0.04
1996-12-19T06:48:41.614     62.36   -122.93   -419.84    441.89   0.08   1.71  -0.04
1996-12-19T06:48:41.948     63.84   -122.86   -419.02    441.30   0.08   1.71  -0.04
1996-12-19T06:48:42.281     62.61   -122.90   -420.54    442.58   0.08   1.71  -0.04
1996-12-19T06:48:42.614     60.61   -124.60   -416.95    439.37   0.08   1.71  -0.04
1996-12-19T06:48:42.948     62.64   -123.52   -418.22    440.56   0.08   1.71  -0.04
1996-12-19T06:48:43.281     64.66   -124.28   -418.16    441.00   0.08   1.71  -0.04
1996-12-19T06:48:43.614     63.59   -123.72   -418.33    440.85   0.08   1.71  -0.04
1996-12-19T06:48:43.948     62.13   -125.46   -418.05    440.87   0.09   1.71  -0.04
1996-12-19T06:48:44.281     62.73   -123.16   -418.30    440.54   0.09   1.70  -0.04
1996-12-19T06:48:44.614     59.08   -124.59   -417.83    440.00   0.09   1.70  -0.04
1996-12-19T06:48:44.948     63.23   -124.83   -418.10    440.90   0.09   1.70  -0.04
1996-12-19T06:48:45.281     63.01   -125.04   -417.93    440.76   0.09   1.70  -0.04
1996-12-19T06:48:45.614     65.51   -124.35   -418.13    441.12   0.09   1.70  -0.04
1996-12-19T06:48:45.948     63.69   -123.40   -418.23    440.68   0.09   1.70  -0.04
1996-12-19T06:48:46.281     61.67   -125.70   -417.29    440.15   0.09   1.70  -0.04
1996-12-19T06:48:46.614     66.70   -124.48   -417.70    440.92   0.09   1.70  -0.04
1996-12-19T06:48:46.948     64.45   -123.71   -415.21    438.02   0.09   1.70  -0.04
1996-12-19T06:48:47.281     61.85   -126.63   -417.99    441.10   0.10   1.70  -0.04
1996-12-19T06:48:47.614     66.94   -123.45   -419.70    442.57   0.10   1.70  -0.04
1996-12-19T06:48:47.948     64.23   -123.64   -417.40    440.04   0.10   1.70  -0.04
1996-12-19T06:48:48.281     62.03   -123.09   -417.06    439.24   0.10   1.70  -0.04
1996-12-19T06:48:48.614     65.61   -123.48   -417.25    440.05   0.10   1.70  -0.04
1996-12-19T06:48:48.948     65.41   -125.34   -417.96    441.22   0.10   1.70  -0.04
1996-12-19T06:48:49.281     63.02   -125.06   -418.86    441.65   0.10   1.69  -0.04
1996-12-19T06:48:49.614     62.58   -123.15   -417.27    439.54   0.10   1.69  -0.04
1996-12-19T06:48:49.948     66.87   -124.84   -417.03    440.42   0.10   1.69  -0.04
1996-12-19T06:48:50.281     64.96   -124.39   -417.49    440.44   0.10   1.69  -0.04
1996-12-19T06:48:50.614     62.84   -124.41   -416.99    439.67   0.11   1.69  -0.04
1996-12-19T06:48:50.948     63.15   -121.91   -416.38    438.43   0.11   1.69  -0.04
1996-12-19T06:48:51.281     68.44   -120.18   -414.55    437.01   0.11   1.69  -0.04
1996-12-19T06:48:51.614     67.12   -120.42   -414.85    437.16   0.11   1.69  -0.04
1996-12-19T06:48:51.948     66.00   -120.17   -415.33    437.37   0.11   1.69  -0.04
1996-12-19T06:48:52.281     65.79   -123.94   -416.49    439.49   0.11   1.69  -0.04
1996-12-19T06:48:52.614     65.63   -122.80   -416.10    438.78   0.11   1.69  -0.04
1996-12-19T06:48:52.948     61.61   -121.41   -415.66    437.39   0.11   1.69  -0.04
1996-12-19T06:48:53.281     66.28   -121.19   -415.17    437.54   0.11   1.69  -0.04
1996-12-19T06:48:53.614     62.42   -120.61   -415.26    436.91   0.11   1.69  -0.04
1996-12-19T06:48:53.948     63.43   -122.87   -416.86    439.19   0.12   1.69  -0.04
1996-12-19T06:48:54.281     64.21   -119.82   -416.89    438.49   0.12   1.68  -0.04
1996-12-19T06:48:54.614     65.67   -121.38   -417.00    439.25   0.12   1.68  -0.04
1996-12-19T06:48:54.948     67.45   -120.86   -416.94    439.32   0.12   1.68  -0.04
1996-12-19T06:48:55.281     69.13   -119.32   -418.45    440.58   0.12   1.68  -0.04
1996-12-19T06:48:55.614     63.87   -120.36   -418.62    440.24   0.12   1.68  -0.04
1996-12-19T06:48:55.948     66.26   -122.33   -417.57    440.14   0.12   1.68  -0.04
1996-12-19T06:48:56.281     66.93   -121.14   -418.91    441.18   0.12   1.68  -0.04
1996-12-19T06:48:56.614     68.35   -120.37   -418.60    440.89   0.12   1.68  -0.04
1996-12-19T06:48:56.948     66.34   -120.04   -415.52    437.57   0.12   1.68  -0.04
1996-12-19T06:48:57.281     68.06   -120.31   -416.11    438.47   0.13   1.68  -0.04
1996-12-19T06:48:57.614     70.91   -118.89   -414.36    436.88   0.13   1.68  -0.04
1996-12-19T06:48:57.948     68.07   -119.69   -417.77    439.87   0.13   1.68  -0.04
1996-12-19T06:48:58.281     68.66   -122.28   -416.56    439.53   0.13   1.68  -0.04
1996-12-19T06:48:58.614     70.36   -119.27   -416.00    438.44   0.13   1.68  -0.04
1996-12-19T06:48:58.948     72.02   -116.45   -416.22    438.16   0.13   1.67  -0.04
1996-12-19T06:48:59.281     71.74   -116.86   -417.51    439.45   0.13   1.67  -0.04
1996-12-19T06:48:59.614     67.81   -115.74   -418.01    439.00   0.13   1.67  -0.04
1996-12-19T06:48:59.948     70.06   -117.75   -417.15    439.08   0.13   1.67  -0.04
1996-12-19T06:49:00.281     71.18   -116.32   -415.15    436.97   0.13   1.67  -0.04
1996-12-19T06:49:00.614     72.62   -116.15   -418.86    440.69   0.14   1.67  -0.04
1996-12-19T06:49:00.948     73.12   -114.34   -416.62    438.17   0.14   1.67  -0.04
1996-12-19T06:49:01.281     74.46   -117.09   -416.40    438.92   0.14   1.67  -0.04
1996-12-19T06:49:01.614     74.52   -115.49   -415.52    437.66   0.14   1.67  -0.04
1996-12-19T06:49:01.948     72.77   -116.17   -415.70    437.71   0.14   1.67  -0.04
1996-12-19T06:49:02.281     72.96   -114.16   -418.99    440.35   0.14   1.67  -0.04
1996-12-19T06:49:02.614     72.33   -112.55   -420.44    441.21   0.14   1.67  -0.04
1996-12-19T06:49:02.948     71.86   -114.37   -418.72    439.97   0.14   1.67  -0.04
1996-12-19T06:49:03.281     71.25   -117.23   -416.35    438.37   0.14   1.67  -0.04
1996-12-19T06:49:03.614     69.78   -115.04   -419.16    440.22   0.14   1.67  -0.04
1996-12-19T06:49:03.948     69.68   -114.75   -417.94    438.97   0.15   1.66  -0.04
1996-12-19T06:49:04.281     70.72   -116.18   -417.54    439.13   0.15   1.66  -0.04
1996-12-19T06:49:04.614     72.30   -117.22   -413.90    436.21   0.15   1.66  -0.04
1996-12-19T06:49:04.948     70.60   -115.57   -417.19    438.62   0.15   1.66  -0.04
1996-12-19T06:49:05.281     68.60   -117.67   -416.73    438.43   0.15   1.66  -0.04
1996-12-19T06:49:05.614     70.76   -120.75   -418.19    440.99   0.15   1.66  -0.04
1996-12-19T06:49:05.948     71.85   -117.89   -417.49    439.73   0.15   1.66  -0.04
1996-12-19T06:49:06.281     69.35   -118.89   -416.30    438.46   0.15   1.66  -0.04
1996-12-19T06:49:06.614     70.95   -119.38   -420.21    442.57   0.15   1.66  -0.04
1996-12-19T06:49:06.948     71.44   -120.68   -417.29    440.23   0.15   1.66  -0.04
1996-12-19T06:49:07.281     66.75   -124.20   -418.06    441.20   0.16   1.66  -0.04
1996-12-19T06:49:07.614     66.94   -121.83   -420.54    442.92   0.16   1.66  -0.04
1996-12-19T06:49:07.948     70.39   -120.82   -417.91    440.68   0.16   1.66  -0.04
1996-12-19T06:49:08.281     66.07   -125.32   -419.59    442.86   0.16   1.66  -0.04
1996-12-19T06:49:08.614     67.98   -122.14   -417.43    440.21   0.16   1.65  -0.04
1996-12-19T06:49:08.948     68.01   -118.89   -417.93    439.81   0.16   1.65  -0.04
1996-12-19T06:49:09.281     66.76   -119.91   -421.18    442.98   0.16   1.65  -0.04
1996-12-19T06:49:09.614     70.55   -118.74   -419.75    441.89   0.16   1.65  -0.04
1996-12-19T06:49:09.948     63.06   -125.79   -419.32    442.30   0.16   1.65  -0.04
1996-12-19T06:49:10.281     61.94   -125.21   -416.76    439.54   0.16   1.65  -0.04
1996-12-19T06:49:10.614     60.95   -124.39   -417.43    439.81   0.17   1.65  -0.04
1996-12-19T06:49:10.948     60.70   -126.11   -416.60    439.48   0.17   1.65  -0.04
1996-12-19T06:49:11.281     60.85   -128.40   -416.18    439.77   0.17   1.65  -0.04
1996-12-19T06:49:11.614     61.32   -127.35   -414.17    437.62   0.17   1.65  -0.04
1996-12-19T06:49:11.948     61.06   -127.02   -414.72    438.01   0.17   1.65  -0.04
1996-12-19T06:49:12.281     63.06   -131.35   -413.71    438.62   0.17   1.65  -0.04
1996-12-19T06:49:12.614     63.46   -128.94   -415.59    439.74   0.17   1.65  -0.04
1996-12-19T06:49:12.948     63.48   -125.65   -415.56    438.75   0.17   1.65  -0.04
1996-12-19T06:49:13.281     65.25   -126.98   -414.15    438.07   0.17   1.65  -0.04
1996-12-19T06:49:13.614     64.89   -127.01   -414.10    437.97   0.17   1.64  -0.04
1996-12-19T06:49:13.948     66.54   -125.36   -411.49    435.27   0.18   1.64  -0.04
1996-12-19T06:49:14.281     62.88   -125.04   -411.71    434.85   0.18   1.64  -0.04
1996-12-19T06:49:14.614     63.58   -125.34   -414.16    437.36   0.18   1.64  -0.04
1996-12-19T06:49:14.948     64.24   -123.99   -411.41    434.46   0.18   1.64  -0.04
1996-12-19T06:49:15.281     61.45   -125.51   -411.02    434.13   0.18   1.64  -0.04
1996-12-19T06:49:15.614     62.47   -125.38   -412.56    435.70   0.18   1.64  -0.04
1996-12-19T06:49:15.948     62.43   -126.87   -409.48    433.21   0.18   1.64  -0.04
1996-12-19T06:49:16.281     64.64   -125.05   -413.10    436.42   0.18   1.64  -0.04
1996-12-19T06:49:16.614     64.61   -126.67   -411.66    435.53   0.18   1.64  -0.04
1996-12-19T06:49:16.948     65.04   -126.20   -410.98    434.82   0.18   1.64  -0.04
1996-12-19T06:49:17.281     62.76   -125.55   -411.27    434.57   0.19   1.64  -0.04
1996-12-19T06:49:17.614     64.63   -129.51   -411.70    436.40   0.19   1.64  -0.04
1996-12-19T06:49:17.948     65.58   -126.31   -409.16    433.21   0.19   1.64  -0.04
1996-12-19T06:49:18.281     67.53   -123.33   -410.52    433.93   0.19   1.63  -0.04
1996-12-19T06:49:18.614     67.01   -124.05   -409.36    432.96   0.19   1.63  -0.04
1996-12-19T06:49:18.948     63.34   -125.13   -410.68    433.96   0.19   1.63  -0.04
1996-12-19T06:49:19.281     62.80   -125.36   -410.62    433.90   0.19   1.63  -0.04
1996-12-19T06:49:19.614     65.80   -124.19   -410.09    433.51   0.19   1.63  -0.04
1996-12-19T06:49:19.948     65.26   -123.84   -412.44    435.55   0.19   1.63  -0.04
1996-12-19T06:49:20.281     66.37   -125.84   -412.16    436.02   0.19   1.63  -0.04
1996-12-19T06:49:20.614     64.80   -124.30   -410.92    434.17   0.20   1.63  -0.04
1996-12-19T06:49:20.948     66.43   -124.92   -408.57    432.38   0.20   1.63  -0.04
1996-12-19T06:49:21.281     63.23   -127.47   -409.96    433.95   0.20   1.63  -0.04
1996-12-19T06:49:21.614     68.61   -126.12   -409.82    434.24   0.20   1.63  -0.04
1996-12-19T06:49:21.948     69.58   -127.30   -410.02    434.93   0.20   1.63  -0.04
1996-12-19T06:49:22.281     71.56   -126.56   -411.49    436.42   0.20   1.63  -0.04
1996-12-19T06:49:22.614     71.01   -125.54   -410.37    434.98   0.20   1.63  -0.04
1996-12-19T06:49:22.948     69.59   -126.18   -411.07    435.59   0.20   1.63  -0.04
1996-12-19T06:49:23.281     72.27   -126.14   -409.23    434.29   0.20   1.62  -0.04
1996-12-19T06:49:23.614     72.95   -126.15   -410.98    436.05   0.20   1.62  -0.04
1996-12-19T06:49:23.948     71.37   -127.60   -408.34    433.72   0.21   1.62  -0.04
1996-12-19T06:49:24.281     70.50   -122.83   -410.94    434.67   0.21   1.62  -0.04
1996-12-19T06:49:24.614     74.94   -124.81   -410.40    435.45   0.21   1.62  -0.04
1996-12-19T06:49:24.948     72.30   -123.38   -412.76    436.83   0.21   1.62  -0.04
1996-12-19T06:49:25.281     69.66   -123.98   -408.96    432.98   0.21   1.62  -0.04
1996-12-19T06:49:25.614     74.16   -119.65   -412.09    435.47   0.21   1.62  -0.04
1996-12-19T06:49:25.948     71.52   -123.18   -413.85    437.68   0.21   1.62  -0.04
1996-12-19T06:49:26.281     64.01   -128.07   -415.50    439.48   0.21   1.62  -0.04
1996-12-19T06:49:26.614     63.39   -127.62   -412.61    436.52   0.21   1.62  -0.04
1996-12-19T06:49:26.948     61.89   -123.06   -417.08    439.24   0.21   1.62  -0.04
1996-12-19T06:49:27.281     62.12   -126.94   -415.39    438.77   0.22   1.62  -0.04
1996-12-19T06:49:27.614     63.72   -128.60   -413.89    438.07   0.22   1.62  -0.04
1996-12-19T06:49:27.948     64.53   -126.90   -414.00    437.80   0.22   1.61  -0.04
1996-12-19T06:49:28.281     67.14   -125.77   -414.69    438.52   0.22   1.61  -0.04
1996-12-19T06:49:28.614     70.80   -123.85   -417.41    441.11   0.22   1.61  -0.04
1996-12-19T06:49:28.948     68.10   -125.01   -416.71    440.35   0.22   1.61  -0.04
1996-12-19T06:49:29.281     68.02   -121.32   -415.00    437.68   0.22   1.61  -0.04
1996-12-19T06:49:29.614     62.99   -124.10   -416.67    439.30   0.22   1.61  -0.04
1996-12-19T06:49:29.948     60.99   -127.41   -415.89    439.23   0.22   1.61  -0.04
1996-12-19T06:49:30.281     64.59   -128.61   -414.47    438.75   0.22   1.61  -0.04
1996-12-19T06:49:30.614     62.66   -125.67   -413.19    436.40   0.23   1.61  -0.04
1996-12-19T06:49:30.948     67.53   -125.75   -415.33    439.17   0.23   1.61  -0.04
1996-12-19T06:49:31.281     63.59   -125.72   -414.26    437.57   0.23   1.61  -0.04
1996-12-19T06:49:31.614     69.62   -125.49   -414.10    438.27   0.23   1.61  -0.04
1996-12-19T06:49:31.948     66.37   -124.15   -416.06    439.23   0.23   1.61  -0.04
1996-12-19T06:49:32.281     70.52   -122.13   -415.01    438.31   0.23   1.61  -0.04
1996-12-19T06:49:32.614     68.39   -121.02   -414.00    436.71   0.23   1.61  -0.04
1996-12-19T06:49:32.948     68.54   -122.56   -414.89    438.01   0.23   1.60  -0.04
1996-12-19T06:49:33.281     67.47   -120.03   -415.95    438.15   0.23   1.60  -0.04
1996-12-19T06:49:33.614     63.44   -124.04   -414.88    437.65   0.23   1.60  -0.04
1996-12-19T06:49:33.948     62.71   -126.14   -415.83    439.05   0.24   1.60  -0.04
1996-12-19T06:49:34.281     66.31   -128.37   -415.26    439.68   0.24   1.60  -0.04
1996-12-19T06:49:34.614     72.04   -132.47   -412.74    439.42   0.24   1.60  -0.04
1996-12-19T06:49:34.948     75.80   -132.50   -409.88    437.38   0.24   1.60  -0.04
1996-12-19T06:49:35.281     85.88   -130.95   -410.85    439.68   0.24   1.60  -0.04
1996-12-19T06:49:35.614    100.93   -128.57   -406.62    438.24   0.24   1.60  -0.04
1996-12-19T06:49:35.948     37.52    -85.49   -419.17    429.44   0.24   1.60  -0.04
1996-12-19T06:49:36.281     44.42   -111.26   -423.01    439.64   0.24   1.60  -0.04
1996-12-19T06:49:36.614     56.91   -129.21   -417.57    440.79   0.24   1.60  -0.04
1996-12-19T06:49:36.948     63.77   -131.33   -412.30    437.38   0.24   1.60  -0.04
1996-12-19T06:49:37.281     67.04   -127.57   -411.97    436.45   0.25   1.60  -0.04
1996-12-19T06:49:37.614     65.73   -129.37   -410.77    435.65   0.25   1.60  -0.04
1996-12-19T06:49:37.948     70.64   -127.82   -409.51    434.78   0.25   1.59  -0.04
1996-12-19T06:49:38.281     71.19   -125.75   -411.46    436.09   0.25   1.59  -0.04
1996-12-19T06:49:38.614     67.69   -125.54   -411.23    435.26   0.25   1.59  -0.04
1996-12-19T06:49:38.948     64.71   -126.30   -411.64    435.42   0.25   1.59  -0.04
1996-12-19T06:49:39.281     67.28   -122.55   -414.04    437.00   0.25   1.59  -0.04
1996-12-19T06:49:39.614     65.33   -119.78   -410.84    432.91   0.25   1.59  -0.04
1996-12-19T06:49:39.948     66.27   -118.29   -412.55    434.26   0.25   1.59  -0.04
1996-12-19T06:49:40.281     65.16   -118.78   -412.34    434.03   0.25   1.59  -0.04
1996-12-19T06:49:40.614     64.29   -118.58   -414.38    435.78   0.26   1.59  -0.04
1996-12-19T06:49:40.948     63.38   -120.73   -413.43    435.33   0.26   1.59  -0.04
1996-12-19T06:49:41.281     61.67   -119.42   -414.22    435.47   0.26   1.59  -0.04
1996-12-19T06:49:41.614     59.45   -117.02   -414.00    434.31   0.26   1.59  -0.04
1996-12-19T06:49:41.948     60.57   -120.20   -414.76    436.05   0.26   1.59  -0.04
1996-12-19T06:49:42.281     58.59   -118.71   -414.91    435.51   0.26   1.59  -0.04
1996-12-19T06:49:42.614     63.88   -115.66   -416.11    436.58   0.26   1.58  -0.04
1996-12-19T06:49:42.948     62.64   -118.83   -414.17    435.41   0.26   1.58  -0.04
1996-12-19T06:49:43.281     66.13   -119.81   -414.59    436.59   0.26   1.58  -0.04
1996-12-19T06:49:43.614     68.63   -118.05   -416.52    438.33   0.26   1.58  -0.04
1996-12-19T06:49:43.948     69.23   -118.92   -415.48    437.67   0.27   1.58  -0.04
1996-12-19T06:49:44.281     68.02   -117.68   -415.58    437.24   0.27   1.58  -0.04
1996-12-19T06:49:44.614     66.00   -114.44   -416.37    436.83   0.27   1.58  -0.04
1996-12-19T06:49:44.948     66.04   -115.00   -419.40    439.87   0.27   1.58  -0.04
1996-12-19T06:49:45.281     66.53   -115.62   -418.80    439.53   0.27   1.58  -0.04
1996-12-19T06:49:45.614     65.97   -115.47   -418.63    439.24   0.27   1.58  -0.04
1996-12-19T06:49:45.948     63.74   -117.27   -421.74    442.36   0.27   1.58  -0.04
1996-12-19T06:49:46.281     69.11   -118.47   -421.26    443.03   0.27   1.58  -0.04
1996-12-19T06:49:46.614     67.35   -118.25   -419.02    440.56   0.27   1.58  -0.04
1996-12-19T06:49:46.948     65.32   -118.38   -418.62    439.91   0.27   1.58  -0.04
1996-12-19T06:49:47.281     64.82   -117.37   -420.23    441.10   0.28   1.58  -0.04
1996-12-19T06:49:47.614     67.52   -119.43   -421.63    443.39   0.28   1.57  -0.04
1996-12-19T06:49:47.948     64.24   -123.60   -420.12    442.62   0.28   1.57  -0.04
1996-12-19T06:49:48.281     68.20   -123.20   -418.93    441.97   0.28   1.57  -0.04
1996-12-19T06:49:48.614     67.31   -122.96   -419.23    442.04   0.28   1.57  -0.04
1996-12-19T06:49:48.948     66.47   -121.70   -420.57    442.84   0.28   1.57  -0.04
1996-12-19T06:49:49.281     67.24   -123.95   -416.66    439.87   0.28   1.57  -0.04
1996-12-19T06:49:49.614     66.36   -122.43   -419.87    442.36   0.28   1.57  -0.04
1996-12-19T06:49:49.948     66.51   -121.40   -419.70    441.94   0.28   1.57  -0.04
1996-12-19T06:49:50.281     66.36   -120.66   -422.00    443.90   0.28   1.57  -0.04
1996-12-19T06:49:50.614     68.14   -122.46   -421.43    444.12   0.29   1.57  -0.04
1996-12-19T06:49:50.948     66.14   -121.72   -420.36    442.60   0.29   1.57  -0.04
1996-12-19T06:49:51.281     65.22   -124.80   -418.21    441.28   0.29   1.57  -0.04
1996-12-19T06:49:51.614     66.29   -124.86   -421.33    444.41   0.29   1.57  -0.04
1996-12-19T06:49:51.948     66.38   -123.54   -421.39    444.11   0.29   1.57  -0.04
1996-12-19T06:49:52.281     64.72   -122.84   -421.84    444.10   0.29   1.56  -0.04
1996-12-19T06:49:52.614     68.96   -120.23   -423.32    445.44   0.29   1.56  -0.04
1996-12-19T06:49:52.948     71.96   -118.16   -423.59    445.61   0.29   1.56  -0.04
1996-12-19T06:49:53.281     68.36   -118.32   -423.61    445.10   0.29   1.56  -0.04
1996-12-19T06:49:53.614     68.72   -121.65   -422.32    444.83   0.29   1.56  -0.04
1996-12-19T06:49:53.948     70.56   -118.11   -424.20    445.95   0.30   1.56  -0.04
1996-12-19T06:49:54.281     69.29   -120.76   -422.27    444.63   0.30   1.56  -0.04
1996-12-19T06:49:54.614     72.09   -123.16   -419.29    442.91   0.30   1.56  -0.04
1996-12-19T06:49:54.948     67.22   -121.82   -423.60    445.87   0.30   1.56  -0.04
1996-12-19T06:49:55.281     73.01   -119.93   -422.67    445.38   0.30   1.56  -0.04
1996-12-19T06:49:55.614     73.75   -121.02   -424.56    447.59   0.30   1.56  -0.04
1996-12-19T06:49:55.948     73.08   -119.15   -425.18    447.56   0.30   1.56  -0.04
1996-12-19T06:49:56.281     73.60   -118.63   -423.92    446.31   0.30   1.56  -0.04
1996-12-19T06:49:56.614     68.85   -118.33   -424.66    446.18   0.30   1.56  -0.04
1996-12-19T06:49:56.948     70.78   -120.90   -425.39    447.86   0.30   1.55  -0.04
1996-12-19T06:49:57.281     73.33   -123.43   -423.12    446.82   0.31   1.55  -0.04
1996-12-19T06:49:57.614     69.44   -119.68   -420.03    442.23   0.31   1.55  -0.04
1996-12-19T06:49:57.948     63.38   -119.88   -422.17    443.41   0.31   1.55  -0.04
1996-12-19T06:49:58.281     67.52   -118.70   -422.80    444.31   0.31   1.55  -0.04
1996-12-19T06:49:58.614     65.32   -116.58   -420.31    441.04   0.31   1.55  -0.04
1996-12-19T06:49:58.948     67.01   -118.88   -420.83    442.40   0.31   1.55  -0.04
1996-12-19T06:49:59.281     65.65   -118.03   -420.85    441.99   0.31   1.55  -0.04
1996-12-19T06:49:59.614     65.52   -119.23   -422.18    443.56   0.31   1.55  -0.04
1996-12-19T06:49:59.948     69.59   -120.68   -421.09    443.53   0.31   1.55  -0.04
1996-12-19T06:50:00.281     71.55   -118.34   -418.79    441.03   0.31   1.55  -0.04
1996-12-19T06:50:00.614     70.70   -119.92   -421.66    444.05   0.32   1.55  -0.04
1996-12-19T06:50:00.948     69.15   -119.85   -422.10    444.20   0.32   1.55  -0.04
1996-12-19T06:50:01.281     66.98   -121.58   -419.37    441.74   0.32   1.55  -0.04
1996-12-19T06:50:01.614     69.09   -121.62   -419.61    442.31   0.32   1.55  -0.04
1996-12-19T06:50:01.948     68.73   -119.81   -420.61    442.71   0.32   1.54  -0.04
1996-12-19T06:50:02.281     68.22   -121.71   -421.19    443.70   0.32   1.54  -0.04
1996-12-19T06:50:02.614     66.07   -121.25   -418.87    441.04   0.32   1.54  -0.04
1996-12-19T06:50:02.948     66.99   -120.68   -419.44    441.57   0.32   1.54  -0.04
1996-12-19T06:50:03.281     69.51   -120.83   -420.84    443.32   0.32   1.54  -0.04
1996-12-19T06:50:03.614     68.09   -119.23   -418.76    440.70   0.32   1.54  -0.04
1996-12-19T06:50:03.948     69.85   -117.61   -421.74    443.37   0.33   1.54  -0.04
1996-12-19T06:50:04.281     68.70   -121.91   -417.34    440.17   0.33   1.54  -0.04
1996-12-19T06:50:04.614     66.53   -121.00   -420.47    442.57   0.33   1.54  -0.04
1996-12-19T06:50:04.948     71.64   -124.65   -420.26    444.17   0.33   1.54  -0.04
1996-12-19T06:50:05.281     72.01   -122.28   -419.28    442.65   0.33   1.54  -0.04
1996-12-19T06:50:05.614     72.67   -120.96   -417.74    440.93   0.33   1.54  -0.04
1996-12-19T06:50:05.948     72.35   -118.54   -417.18    439.69   0.33   1.54  -0.04
1996-12-19T06:50:06.281     68.49   -122.73   -421.33    444.15   0.33   1.54  -0.04
1996-12-19T06:50:06.614     70.38   -121.92   -418.76    441.79   0.33   1.53  -0.04
1996-12-19T06:50:06.948     69.30   -123.85   -418.51    441.91   0.33   1.53  -0.04
1996-12-19T06:50:07.281     68.20   -124.21   -420.22    443.47   0.34   1.53  -0.04
1996-12-19T06:50:07.614     68.10   -125.30   -419.23    442.82   0.34   1.53  -0.04
1996-12-19T06:50:07.948     65.72   -123.71   -420.61    443.33   0.34   1.53  -0.04
1996-12-19T06:50:08.281     66.50   -123.38   -419.00    441.83   0.34   1.53  -0.04
1996-12-19T06:50:08.614     66.39   -123.47   -422.86    445.49   0.34   1.53  -0.04
1996-12-19T06:50:08.948     66.56   -121.85   -420.38    442.72   0.34   1.53  -0.04
1996-12-19T06:50:09.281     66.39   -125.69   -420.19    443.58   0.34   1.53  -0.04
1996-12-19T06:50:09.614     67.42   -126.64   -422.19    445.90   0.34   1.53  -0.04
1996-12-19T06:50:09.948     65.19   -124.29   -419.75    442.59   0.34   1.53  -0.04
1996-12-19T06:50:10.281     67.14   -126.70   -420.17    443.96   0.34   1.53  -0.04
1996-12-19T06:50:10.614     66.77   -126.53   -420.66    444.32   0.35   1.53  -0.04
1996-12-19T06:50:10.948     69.40   -126.81   -417.64    441.95   0.35   1.53  -0.04
1996-12-19T06:50:11.281     70.68   -125.84   -421.25    445.29   0.35   1.53  -0.04
1996-12-19T06:50:11.614     64.88   -124.23   -421.63    444.31   0.35   1.52  -0.04
1996-12-19T06:50:11.948     64.14   -123.45   -419.49    441.95   0.35   1.52  -0.04
1996-12-19T06:50:12.281     66.47   -122.59   -420.84    443.34   0.35   1.52  -0.04
1996-12-19T06:50:12.614     64.52   -122.72   -418.83    441.18   0.35   1.52  -0.04
1996-12-19T06:50:12.948     67.49   -126.11   -421.49    445.10   0.35   1.52  -0.04
1996-12-19T06:50:13.281     69.36   -124.71   -421.42    444.93   0.35   1.52  -0.04
1996-12-19T06:50:13.614     66.55   -125.31   -420.98    444.25   0.35   1.52  -0.04
1996-12-19T06:50:13.948     66.22   -123.60   -418.99    441.83   0.36   1.52  -0.04
1996-12-19T06:50:14.281     69.16   -122.91   -419.38    442.46   0.36   1.52  -0.04
1996-12-19T06:50:14.614     67.28   -124.07   -420.58    443.63   0.36   1.52  -0.04
1996-12-19T06:50:14.948     66.12   -124.23   -423.61    446.37   0.36   1.52  -0.04
1996-12-19T06:50:15.281     67.38   -122.90   -420.89    443.62   0.36   1.52  -0.04
1996-12-19T06:50:15.614     67.47   -125.96   -420.17    443.81   0.36   1.52  -0.04
1996-12-19T06:50:15.948     68.02   -125.22   -420.64    444.12   0.36   1.52  -0.04
1996-12-19T06:50:16.281     63.20   -128.99   -421.82    445.61   0.36   1.51  -0.04
1996-12-19T06:50:16.614     64.88   -124.24   -421.50    444.19   0.36   1.51  -0.04
1996-12-19T06:50:16.948     65.22   -121.45   -420.98    442.98   0.36   1.51  -0.04
1996-12-19T06:50:17.281     65.28   -123.35   -420.57    443.12   0.37   1.51  -0.04
1996-12-19T06:50:17.614     65.83   -123.40   -423.05    445.57   0.37   1.51  -0.04
1996-12-19T06:50:17.948     66.61   -122.16   -421.68    444.05   0.37   1.51  -0.04
1996-12-19T06:50:18.281     64.29   -122.15   -420.55    442.63   0.37   1.51  -0.04
1996-12-19T06:50:18.614     65.43   -122.45   -420.86    443.17   0.37   1.51  -0.04
1996-12-19T06:50:18.948     64.51   -122.50   -418.43    440.74   0.37   1.51  -0.04
1996-12-19T06:50:19.281     65.55   -122.19   -419.78    442.09   0.37   1.51  -0.04
1996-12-19T06:50:19.614     69.66   -121.71   -418.09    440.98   0.37   1.51  -0.04
1996-12-19T06:50:19.948     69.54   -124.52   -417.60    441.28   0.37   1.51  -0.04
1996-12-19T06:50:20.281     67.02   -120.43   -416.76    438.96   0.37   1.51  -0.04
1996-12-19T06:50:20.614     70.65   -120.15   -417.38    440.04   0.38   1.51  -0.04
1996-12-19T06:50:20.948     69.76   -122.10   -416.73    439.82   0.38   1.51  -0.04
1996-12-19T06:50:21.281     68.45   -121.34   -418.74    441.31   0.38   1.50  -0.04
1996-12-19T06:50:21.614     66.61   -122.72   -416.65    439.43   0.38   1.50  -0.04
1996-12-19T06:50:21.948     67.26   -119.83   -417.91    439.93   0.38   1.50  -0.03
1996-12-19T06:50:22.281     69.26   -123.06   -420.81    443.87   0.38   1.50  -0.03
1996-12-19T06:50:22.614     67.08   -123.25   -419.61    442.45   0.38   1.50  -0.03
1996-12-19T06:50:22.948     64.26   -122.04   -420.21    442.26   0.38   1.50  -0.03
1996-12-19T06:50:23.281     67.11   -121.53   -418.12    440.57   0.38   1.50  -0.03
1996-12-19T06:50:23.614     63.85   -123.88   -418.90    441.48   0.38   1.50  -0.03
1996-12-19T06:50:23.948     64.19   -122.25   -418.74    440.92   0.39   1.50  -0.03
1996-12-19T06:50:24.281     62.32   -122.04   -417.34    439.26   0.39   1.50  -0.03
1996-12-19T06:50:24.614     63.57   -121.41   -420.13    441.91   0.39   1.50  -0.03
1996-12-19T06:50:24.948     65.79   -122.69   -418.97    441.49   0.39   1.50  -0.03
1996-12-19T06:50:25.281     63.98   -122.94   -419.58    441.88   0.39   1.50  -0.03
1996-12-19T06:50:25.614     62.31   -121.99   -417.39    439.29   0.39   1.50  -0.03
1996-12-19T06:50:25.948     63.80   -120.84   -419.25    440.95   0.39   1.49  -0.03
1996-12-19T06:50:26.281     62.49   -122.52   -417.60    439.67   0.39   1.49  -0.03
1996-12-19T06:50:26.614     67.19   -121.70   -416.33    438.92   0.39   1.49  -0.03
1996-12-19T06:50:26.948     66.37   -123.30   -417.15    440.03   0.39   1.49  -0.03
1996-12-19T06:50:27.281     67.17   -123.32   -416.77    439.79   0.40   1.49  -0.03
1996-12-19T06:50:27.614     65.35   -123.63   -413.97    436.95   0.40   1.49  -0.03
1996-12-19T06:50:27.948     67.54   -124.81   -411.97    435.73   0.40   1.49  -0.03
1996-12-19T06:50:28.281     64.47   -124.55   -413.77    436.90   0.40   1.49  -0.03
1996-12-19T06:50:28.614     67.53   -122.06   -412.46    435.42   0.40   1.49  -0.03
1996-12-19T06:50:28.948     64.17   -122.96   -414.77    437.35   0.40   1.49  -0.03
1996-12-19T06:50:29.281     65.20   -122.95   -412.45    435.29   0.40   1.49  -0.03
1996-12-19T06:50:29.614     66.62   -124.31   -413.11    436.52   0.40   1.49  -0.03
1996-12-19T06:50:29.948     68.71   -124.80   -411.30    435.27   0.40   1.49  -0.03
1996-12-19T06:50:30.281     71.42   -125.49   -413.26    437.76   0.40   1.49  -0.03
1996-12-19T06:50:30.614     68.90   -124.65   -412.46    436.36   0.41   1.48  -0.03
1996-12-19T06:50:30.948     65.20   -127.50   -414.21    438.27   0.41   1.48  -0.03
1996-12-19T06:50:31.281     68.77   -125.29   -413.73    437.72   0.41   1.48  -0.03
1996-12-19T06:50:31.614     71.74   -126.60   -412.05    436.99   0.41   1.48  -0.03
1996-12-19T06:50:31.948     71.96   -125.08   -413.04    437.52   0.41   1.48  -0.03
1996-12-19T06:50:32.281     70.75   -126.09   -411.40    436.07   0.41   1.48  -0.03
1996-12-19T06:50:32.614     72.18   -125.22   -412.52    437.11   0.41   1.48  -0.03
1996-12-19T06:50:32.948     68.08   -125.32   -410.88    434.93   0.41   1.48  -0.03
1996-12-19T06:50:33.281     69.61   -125.44   -411.65    435.93   0.41   1.48  -0.03
1996-12-19T06:50:33.614     66.39   -127.90   -410.79    435.33   0.41   1.48  -0.03
1996-12-19T06:50:33.948     68.11   -129.99   -409.59    435.08   0.42   1.48  -0.03
1996-12-19T06:50:34.281     67.90   -126.75   -409.92    434.41   0.42   1.48  -0.03
1996-12-19T06:50:34.614     69.77   -126.61   -409.26    434.04   0.42   1.48  -0.03
1996-12-19T06:50:34.948     70.59   -127.04   -410.77    435.73   0.42   1.48  -0.03
1996-12-19T06:50:35.281     71.52   -124.82   -410.78    435.24   0.42   1.48  -0.03
1996-12-19T06:50:35.614     69.68   -125.27   -410.05    434.39   0.42   1.47  -0.03
1996-12-19T06:50:35.948     71.84   -126.77   -407.58    432.84   0.42   1.47  -0.03
1996-12-19T06:50:36.281     72.62   -124.38   -410.37    434.91   0.42   1.47  -0.03
1996-12-19T06:50:36.614     70.71   -124.56   -406.30    430.81   0.42   1.47  -0.03
1996-12-19T06:50:36.948     70.83   -124.63   -406.71    431.23   0.42   1.47  -0.03
1996-12-19T06:50:37.281     69.42   -125.30   -409.85    434.16   0.43   1.47  -0.03
1996-12-19T06:50:37.614     66.77   -125.89   -407.01    431.23   0.43   1.47  -0.03
1996-12-19T06:50:37.948     66.10   -126.38   -407.64    431.87   0.43   1.47  -0.03
1996-12-19T06:50:38.281     70.76   -125.91   -410.32    435.00   0.43   1.47  -0.03
1996-12-19T06:50:38.614     70.74   -125.15   -409.06    433.59   0.43   1.47  -0.03
1996-12-19T06:50:38.948     68.75   -126.76   -406.07    430.92   0.43   1.47  -0.03
1996-12-19T06:50:39.281     67.23   -125.18   -406.30    430.43   0.43   1.47  -0.03
1996-12-19T06:50:39.614     67.87   -125.41   -406.91    431.17   0.43   1.47  -0.03
1996-12-19T06:50:39.948     70.91   -126.19   -406.54    431.54   0.43   1.47  -0.03
1996-12-19T06:50:40.281     69.20   -127.08   -406.04    431.06   0.43   1.46  -0.03
1996-12-19T06:50:40.614     66.59   -126.24   -405.06    429.46   0.44   1.46  -0.03
1996-12-19T06:50:40.948     66.63   -125.58   -407.54    431.62   0.44   1.46  -0.03
1996-12-19T06:50:41.281     69.50   -125.22   -404.60    429.20   0.44   1.46  -0.03
1996-12-19T06:50:41.614     72.39   -124.74   -402.75    427.80   0.44   1.46  -0.03
1996-12-19T06:50:41.948     68.22   -123.78   -405.21    429.15   0.44   1.46  -0.03
1996-12-19T06:50:42.281     69.82   -124.68   -404.65    429.14   0.44   1.46  -0.03
1996-12-19T06:50:42.614     66.95   -125.93   -403.51    427.97   0.44   1.46  -0.03
1996-12-19T06:50:42.948     66.73   -126.84   -405.46    430.05   0.44   1.46  -0.03
1996-12-19T06:50:43.281     65.75   -125.04   -406.10    429.97   0.44   1.46  -0.03
1996-12-19T06:50:43.614     67.06   -128.06   -406.10    431.06   0.44   1.46  -0.03
1996-12-19T06:50:43.948     66.66   -128.34   -406.06    431.04   0.45   1.46  -0.03
1996-12-19T06:50:44.281     65.63   -129.48   -404.33    429.60   0.45   1.46  -0.03
1996-12-19T06:50:44.614     63.36   -128.10   -406.48    430.87   0.45   1.46  -0.03
1996-12-19T06:50:44.948     62.61   -128.15   -405.21    429.58   0.45   1.46  -0.03
1996-12-19T06:50:45.281     61.25   -129.75   -407.14    431.69   0.45   1.45  -0.03
1996-12-19T06:50:45.614     60.36   -128.07   -403.61    427.72   0.45   1.45  -0.03
1996-12-19T06:50:45.948     63.16   -128.47   -400.05    424.89   0.45   1.45  -0.03
1996-12-19T06:50:46.281     65.46   -128.34   -401.58    426.65   0.45   1.45  -0.03
1996-12-19T06:50:46.614     63.28   -129.69   -401.21    426.37   0.45   1.45  -0.03
1996-12-19T06:50:46.948     66.55   -128.64   -401.52    426.85   0.45   1.45  -0.03
1996-12-19T06:50:47.281     68.05   -127.30   -400.51    425.73   0.46   1.45  -0.03
1996-12-19T06:50:47.614     69.42   -129.60   -401.45    427.52   0.46   1.45  -0.03
1996-12-19T06:50:47.948     71.23   -126.55   -398.36    424.00   0.46   1.45  -0.03
1996-12-19T06:50:48.281     66.40   -128.65   -398.95    424.41   0.46   1.45  -0.03
1996-12-19T06:50:48.614     70.34   -129.51   -398.81    425.17   0.46   1.45  -0.03
1996-12-19T06:50:48.948     71.80   -125.31   -400.57    425.81   0.46   1.45  -0.03
1996-12-19T06:50:49.281     71.23   -124.63   -398.91    423.95   0.46   1.45  -0.03
1996-12-19T06:50:49.614     74.21   -127.92   -398.90    425.43   0.46   1.45  -0.03
1996-12-19T06:50:49.948     69.85   -127.71   -398.08    423.86   0.46   1.44  -0.03
1996-12-19T06:50:50.281     69.39   -128.31   -397.82    423.72   0.46   1.44  -0.03
1996-12-19T06:50:50.614     69.55   -129.05   -397.60    423.76   0.47   1.44  -0.03
1996-12-19T06:50:50.948     70.62   -129.02   -395.29    421.77   0.47   1.44  -0.03
1996-12-19T06:50:51.281     72.38   -127.78   -397.72    423.96   0.47   1.44  -0.03
1996-12-19T06:50:51.614     72.79   -125.17   -399.23    424.67   0.47   1.44  -0.03
1996-12-19T06:50:51.947     74.74   -122.81   -396.26    421.53   0.47   1.44  -0.03
1996-12-19T06:50:52.281     72.63   -125.32   -397.21    422.79   0.47   1.44  -0.03
1996-12-19T06:50:52.614     71.91   -125.61   -396.90    422.47   0.47   1.44  -0.03
1996-12-19T06:50:52.947     74.18   -125.87   -397.77    423.76   0.47   1.44  -0.03
1996-12-19T06:50:53.281     73.18   -122.42   -394.07    419.09   0.47   1.44  -0.03
1996-12-19T06:50:53.614     72.74   -123.16   -398.11    423.03   0.47   1.44  -0.03
1996-12-19T06:50:53.947     75.91   -125.48   -397.08    423.29   0.48   1.44  -0.03
1996-12-19T06:50:54.281     72.31   -123.54   -399.69    424.55   0.48   1.44  -0.03
1996-12-19T06:50:54.614     72.78   -121.32   -396.43    420.92   0.48   1.43  -0.03
1996-12-19T06:50:54.947     73.93   -122.30   -397.33    422.25   0.48   1.43  -0.03
1996-12-19T06:50:55.281     74.47   -124.29   -397.64    423.21   0.48   1.43  -0.03
1996-12-19T06:50:55.614     73.05   -123.77   -396.25    421.51   0.48   1.43  -0.03
1996-12-19T06:50:55.947     73.70   -124.03   -396.99    422.39   0.48   1.43  -0.03
1996-12-19T06:50:56.281     73.41   -125.21   -393.07    419.01   0.48   1.43  -0.03
1996-12-19T06:50:56.614     72.44   -124.69   -396.17    421.60   0.48   1.43  -0.03
1996-12-19T06:50:56.947     71.94   -122.85   -398.25    422.94   0.48   1.43  -0.03
1996-12-19T06:50:57.281     71.13   -124.49   -397.62    422.68   0.49   1.43  -0.03
1996-12-19T06:50:57.614     73.18   -124.12   -395.49    420.93   0.49   1.43  -0.03
1996-12-19T06:50:57.947     73.22   -123.52   -398.26    423.36   0.49   1.43  -0.03
1996-12-19T06:50:58.281     74.46   -123.87   -396.29    421.83   0.49   1.43  -0.03
1996-12-19T06:50:58.614     72.28   -120.86   -400.68    424.71   0.49   1.43  -0.03
1996-12-19T06:50:58.947     73.26   -122.28   -397.70    422.47   0.49   1.43  -0.03
1996-12-19T06:50:59.281     76.11   -121.87   -399.60    424.65   0.49   1.43  -0.03
1996-12-19T06:50:59.614     73.76   -120.99   -403.19    427.37   0.49   1.42  -0.03
1996-12-19T06:50:59.947     74.24   -117.76   -399.52    423.08   0.49   1.42  -0.03
1996-12-19T06:51:00.281     70.89   -118.76   -400.71    423.91   0.49   1.42  -0.03
1996-12-19T06:51:00.614     68.53   -115.82   -403.72    425.56   0.50   1.42  -0.03
1996-12-19T06:51:00.947     64.73   -121.88   -403.36    426.32   0.50   1.42  -0.03
1996-12-19T06:51:01.281     65.04   -128.25   -403.28    428.15   0.50   1.42  -0.03
1996-12-19T06:51:01.614     65.53   -127.76   -401.48    426.39   0.50   1.42  -0.03
1996-12-19T06:51:01.947     65.14   -131.19   -402.08    427.93   0.50   1.42  -0.03
1996-12-19T06:51:02.281     68.69   -128.68   -396.19    422.19   0.50   1.42  -0.03
1996-12-19T06:51:02.614     68.15   -124.64   -396.22    420.92   0.50   1.42  -0.03
1996-12-19T06:51:02.947     67.84   -125.01   -395.96    420.73   0.50   1.42  -0.03
1996-12-19T06:51:03.281     72.18   -120.85   -395.30    419.62   0.50   1.42  -0.03
1996-12-19T06:51:03.614     70.01   -119.09   -392.99    416.57   0.50   1.42  -0.03
1996-12-19T06:51:03.947     74.35   -115.29   -392.17    415.47   0.51   1.42  -0.03
1996-12-19T06:51:04.281     71.59   -113.85   -392.18    414.60   0.51   1.41  -0.03
1996-12-19T06:51:04.614     67.31   -116.86   -389.97    412.63   0.51   1.41  -0.03
1996-12-19T06:51:04.947     67.68   -113.74   -394.28    415.91   0.51   1.41  -0.03
1996-12-19T06:51:05.281     69.67   -114.52   -393.33    415.55   0.51   1.41  -0.03
1996-12-19T06:51:05.614     69.05   -118.46   -390.29    413.68   0.51   1.41  -0.03
1996-12-19T06:51:05.947     67.28   -117.75   -389.64    412.56   0.51   1.41  -0.03
1996-12-19T06:51:06.281     68.40   -118.14   -391.75    414.86   0.51   1.41  -0.03
1996-12-19T06:51:06.614     65.85   -118.47   -389.78    412.67   0.51   1.41  -0.03
1996-12-19T06:51:06.947     69.89   -117.80   -391.16    414.45   0.51   1.41  -0.03
1996-12-19T06:51:07.281     69.06   -119.78   -392.75    416.38   0.52   1.41  -0.03
1996-12-19T06:51:07.614     70.03   -119.19   -393.22    416.81   0.52   1.41  -0.03
1996-12-19T06:51:07.947     69.50   -121.78   -388.82    413.33   0.52   1.41  -0.03
1996-12-19T06:51:08.281     71.48   -121.69   -389.54    414.32   0.52   1.41  -0.03
1996-12-19T06:51:08.614     69.30   -120.77   -390.18    414.28   0.52   1.41  -0.03
1996-12-19T06:51:08.947     65.37   -120.67   -390.69    414.09   0.52   1.40  -0.03
1996-12-19T06:51:09.281     70.28   -118.39   -393.76    417.13   0.52   1.40  -0.03
1996-12-19T06:51:09.614     73.90   -120.76   -391.73    416.53   0.52   1.40  -0.03
1996-12-19T06:51:09.947     73.51   -121.41   -390.49    415.48   0.52   1.40  -0.03
1996-12-19T06:51:10.281     74.81   -118.42   -393.41    417.60   0.52   1.40  -0.03
1996-12-19T06:51:10.614     70.85   -119.37   -392.36    416.19   0.53   1.40  -0.03
1996-12-19T06:51:10.947     72.74   -116.91   -392.36    415.82   0.53   1.40  -0.03
1996-12-19T06:51:11.281     71.97   -120.87   -391.34    415.86   0.53   1.40  -0.03
1996-12-19T06:51:11.614     70.93   -122.02   -392.75    417.33   0.53   1.40  -0.03
1996-12-19T06:51:11.947     66.44   -124.28   -395.61    419.96   0.53   1.40  -0.03
1996-12-19T06:51:12.281     72.56   -124.41   -393.10    418.65   0.53   1.40  -0.03
1996-12-19T06:51:12.614     69.11   -124.46   -391.00    416.11   0.53   1.40  -0.03
1996-12-19T06:51:12.947     69.53   -119.56   -390.67    414.43   0.53   1.40  -0.03
1996-12-19T06:51:13.281     71.50   -122.47   -389.09    414.13   0.53   1.40  -0.03
1996-12-19T06:51:13.614     72.33   -121.60   -387.69    412.70   0.53   1.39  -0.03
1996-12-19T06:51:13.947     73.14   -121.64   -387.01    412.21   0.54   1.39  -0.03
1996-12-19T06:51:14.281     76.67   -118.72   -386.59    411.62   0.54   1.39  -0.03
1996-12-19T06:51:14.614     79.28   -118.07   -384.28    409.75   0.54   1.39  -0.03
1996-12-19T06:51:14.947     80.42   -119.68   -388.41    414.30   0.54   1.39  -0.03
1996-12-19T06:51:15.281     78.28   -121.12   -386.67    412.69   0.54   1.39  -0.03
1996-12-19T06:51:15.614     76.24   -121.83   -385.04    410.99   0.54   1.39  -0.03
1996-12-19T06:51:15.947     78.71   -120.87   -382.83    409.10   0.54   1.39  -0.03
1996-12-19T06:51:16.281     76.95   -118.61   -386.09    411.17   0.54   1.39  -0.03
1996-12-19T06:51:16.614     77.95   -121.07   -383.01    409.18   0.54   1.39  -0.03
1996-12-19T06:51:16.947     82.56   -124.00   -382.72    410.69   0.54   1.39  -0.03
1996-12-19T06:51:17.281     81.54   -124.02   -385.78    413.35   0.55   1.39  -0.03
1996-12-19T06:51:17.614     79.64   -120.21   -387.96    413.89   0.55   1.39  -0.03
1996-12-19T06:51:17.947     78.11   -117.65   -386.54    411.53   0.55   1.39  -0.03
1996-12-19T06:51:18.281     76.87   -123.77   -387.55    414.03   0.55   1.39  -0.03
1996-12-19T06:51:18.614     75.05   -126.70   -389.75    416.64   0.55   1.38  -0.03
1996-12-19T06:51:18.947     73.60   -127.17   -387.07    414.02   0.55   1.38  -0.03
1996-12-19T06:51:19.281     76.32   -124.33   -386.84    413.43   0.55   1.38  -0.03
1996-12-19T06:51:19.614     71.89   -121.31   -386.72    411.63   0.55   1.38  -0.03
1996-12-19T06:51:19.947     71.47   -121.61   -386.05    411.01   0.55   1.38  -0.03
1996-12-19T06:51:20.281     70.90   -124.37   -386.28    411.95   0.55   1.38  -0.03
1996-12-19T06:51:20.614     71.09   -120.68   -388.16    412.66   0.55   1.38  -0.03
1996-12-19T06:51:20.947     72.42   -124.95   -389.16    415.09   0.56   1.38  -0.03
1996-12-19T06:51:21.281     70.58   -123.52   -385.58    410.99   0.56   1.38  -0.03
1996-12-19T06:51:21.614     75.79   -124.04   -382.74    409.42   0.56   1.38  -0.03
1996-12-19T06:51:21.947     73.78   -126.55   -385.20    412.11   0.56   1.38  -0.03
1996-12-19T06:51:22.281     73.29   -127.31   -383.96    411.10   0.56   1.38  -0.03
1996-12-19T06:51:22.614     70.70   -129.37   -381.96    409.43   0.56   1.38  -0.03
1996-12-19T06:51:22.947     71.02   -125.73   -382.57    408.91   0.56   1.38  -0.03
1996-12-19T06:51:23.281     66.27   -127.77   -384.68    410.73   0.56   1.37  -0.03
1996-12-19T06:51:23.614     70.47   -125.59   -381.74    408.00   0.56   1.37  -0.03
1996-12-19T06:51:23.947     70.35   -127.84   -383.96    410.75   0.56   1.37  -0.03
1996-12-19T06:51:24.281     70.65   -124.35   -383.93    409.70   0.57   1.37  -0.03
1996-12-19T06:51:24.614     76.40   -124.95   -386.30    413.13   0.57   1.37  -0.03
1996-12-19T06:51:24.947     76.62   -122.87   -382.26    408.76   0.57   1.37  -0.03
1996-12-19T06:51:25.281     76.26   -125.95   -384.14    411.39   0.57   1.37  -0.03
1996-12-19T06:51:25.614     78.24   -122.81   -382.14    408.94   0.57   1.37  -0.03
1996-12-19T06:51:25.947     78.43   -120.97   -384.72    410.85   0.57   1.37  -0.03
1996-12-19T06:51:26.281     74.71   -118.58   -384.96    409.68   0.57   1.37  -0.03
1996-12-19T06:51:26.614     73.68   -125.26   -383.65    410.25   0.57   1.37  -0.03
1996-12-19T06:51:26.947     70.85   -123.10   -386.42    411.70   0.57   1.37  -0.03
1996-12-19T06:51:27.281     68.68   -124.79   -385.06    410.56   0.57   1.37  -0.03
1996-12-19T06:51:27.614     62.82   -129.99   -382.65    408.98   0.58   1.37  -0.03
1996-12-19T06:51:27.947     65.36   -128.95   -385.08    411.32   0.58   1.36  -0.03
1996-12-19T06:51:28.281     69.39   -129.27   -386.27    413.20   0.58   1.36  -0.03
1996-12-19T06:51:28.614     71.23   -124.20   -383.22    409.09   0.58   1.36  -0.03
1996-12-19T06:51:28.947     69.02   -128.29   -385.92    412.50   0.58   1.36  -0.03
1996-12-19T06:51:29.281     70.11   -124.37   -383.88    409.56   0.58   1.36  -0.03
1996-12-19T06:51:29.614     72.49   -123.84   -384.14    410.06   0.58   1.36  -0.03
1996-12-19T06:51:29.947     69.91   -126.50   -383.82    410.13   0.58   1.36  -0.03
1996-12-19T06:51:30.281     69.41   -125.37   -384.94    410.75   0.58   1.36  -0.03
1996-12-19T06:51:30.614     71.08   -123.16   -382.67    408.24   0.58   1.36  -0.03
1996-12-19T06:51:30.947     71.02   -124.57   -385.39    411.20   0.59   1.36  -0.03
1996-12-19T06:51:31.281     66.45   -121.46   -382.62    406.89   0.59   1.36  -0.03
1996-12-19T06:51:31.614     66.91   -122.29   -384.37    408.87   0.59   1.36  -0.03
1996-12-19T06:51:31.947     64.37   -124.95   -382.96    407.94   0.59   1.36  -0.03
1996-12-19T06:51:32.281     63.98   -126.68   -381.84    407.36   0.59   1.36  -0.03
1996-12-19T06:51:32.614     64.11   -131.92   -380.72    408.00   0.59   1.36  -0.03
1996-12-19T06:51:32.947     71.00   -126.35   -382.94    409.45   0.59   1.35  -0.03
1996-12-19T06:51:33.281     68.48   -127.17   -380.75    407.22   0.59   1.35  -0.03
1996-12-19T06:51:33.614     68.14   -129.52   -379.94    407.15   0.59   1.35  -0.03
1996-12-19T06:51:33.947     66.15   -132.34   -380.62    408.36   0.59   1.35  -0.03
1996-12-19T06:51:34.281     69.12   -131.11   -380.19    408.06   0.60   1.35  -0.03
1996-12-19T06:51:34.614     68.35   -134.98   -381.97    410.84   0.60   1.35  -0.03
1996-12-19T06:51:34.947     64.82   -134.53   -381.96    410.11   0.60   1.35  -0.03
1996-12-19T06:51:35.281     68.24   -134.30   -381.50    410.16   0.60   1.35  -0.03
1996-12-19T06:51:35.614     70.88   -138.09   -377.68    408.33   0.60   1.35  -0.03
1996-12-19T06:51:35.947     69.32   -137.16   -380.72    410.57   0.60   1.35  -0.03
1996-12-19T06:51:36.281     71.49   -134.51   -377.79    407.34   0.60   1.35  -0.03
1996-12-19T06:51:36.614     73.29   -136.40   -375.89    406.54   0.60   1.35  -0.03
1996-12-19T06:51:36.947     75.83   -136.16   -378.08    408.94   0.60   1.35  -0.03
1996-12-19T06:51:37.281     76.18   -133.94   -375.84    406.20   0.60   1.35  -0.03
1996-12-19T06:51:37.614     81.79   -131.63   -378.59    409.08   0.61   1.34  -0.03
1996-12-19T06:51:37.947     83.98   -128.07   -378.72    408.51   0.61   1.34  -0.03
1996-12-19T06:51:38.281     79.46   -116.47   -380.47    405.75   0.61   1.34  -0.03
1996-12-19T06:51:38.614     70.08   -120.75   -384.78    409.32   0.61   1.34  -0.03
1996-12-19T06:51:38.947     70.23   -133.45   -378.83    407.74   0.61   1.34  -0.03
1996-12-19T06:51:39.281     70.15   -135.71   -378.06    407.75   0.61   1.34  -0.03
1996-12-19T06:51:39.614     69.99   -140.77   -375.17    406.78   0.61   1.34  -0.03
1996-12-19T06:51:39.947     75.55   -149.75   -368.20    404.61   0.61   1.34  -0.03
1996-12-19T06:51:40.281     74.87   -155.89   -366.55    405.30   0.61   1.34  -0.03
1996-12-19T06:51:40.614     73.09   -159.60   -362.71    402.95   0.61   1.34  -0.03
1996-12-19T06:51:40.947     71.94   -144.65   -362.11    396.52   0.62   1.34  -0.03
1996-12-19T06:51:41.281     47.09    -65.38   -383.77    392.13   0.62   1.34  -0.03
1996-12-19T06:51:41.614     47.19    -44.01   -394.01    399.26   0.62   1.34  -0.03
1996-12-19T06:51:41.947     66.06    -73.91   -388.78    401.22   0.62   1.34  -0.03
1996-12-19T06:51:42.281     74.39    -95.11   -385.88    404.34   0.62   1.33  -0.03
1996-12-19T06:51:42.614     76.34   -107.69   -379.88    402.16   0.62   1.33  -0.03
1996-12-19T06:51:42.947     75.80   -110.48   -380.34    403.25   0.62   1.33  -0.03
1996-12-19T06:51:43.281     73.60   -110.70   -380.29    402.86   0.62   1.33  -0.03
1996-12-19T06:51:43.614     75.30   -116.80   -379.71    404.34   0.62   1.33  -0.03
1996-12-19T06:51:43.947     75.71   -116.87   -379.38    404.13   0.62   1.33  -0.03
1996-12-19T06:51:44.281     76.43   -120.03   -380.30    406.05   0.63   1.33  -0.03
1996-12-19T06:51:44.614     76.85   -122.88   -381.34    407.95   0.63   1.33  -0.03
1996-12-19T06:51:44.947     79.72   -122.98   -378.83    406.19   0.63   1.33  -0.03
1996-12-19T06:51:45.281     81.04   -120.43   -380.75    407.48   0.63   1.33  -0.03
1996-12-19T06:51:45.614     76.07   -127.98   -380.67    408.75   0.63   1.33  -0.03
1996-12-19T06:51:45.947     78.27   -129.53   -381.49    410.41   0.63   1.33  -0.03
1996-12-19T06:51:46.281     80.02   -132.35   -378.56    408.94   0.63   1.33  -0.03
1996-12-19T06:51:46.614     83.40   -132.84   -377.36    408.66   0.63   1.33  -0.03
1996-12-19T06:51:46.947     83.21   -131.09   -379.67    410.19   0.63   1.32  -0.03
1996-12-19T06:51:47.281     86.95   -129.95   -378.25    409.29   0.63   1.32  -0.03
1996-12-19T06:51:47.614     88.35   -127.78   -379.77    410.31   0.64   1.32  -0.03
1996-12-19T06:51:47.947     89.71   -118.84   -379.97    408.11   0.64   1.32  -0.03
1996-12-19T06:51:48.281     85.73   -115.70   -383.33    409.49   0.64   1.32  -0.03
1996-12-19T06:51:48.614     85.67   -109.57   -386.88    411.13   0.64   1.32  -0.03
1996-12-19T06:51:48.947     81.82   -109.24   -386.43    409.82   0.64   1.32  -0.03
1996-12-19T06:51:49.281     80.41   -108.50   -388.03    410.86   0.64   1.32  -0.03
1996-12-19T06:51:49.614     78.25   -109.57   -387.38    410.11   0.64   1.32  -0.03
1996-12-19T06:51:49.947     78.97   -112.25   -387.90    411.47   0.64   1.32  -0.03
1996-12-19T06:51:50.281     80.09   -110.82   -388.00    411.39   0.64   1.32  -0.03
1996-12-19T06:51:50.614     82.20   -110.13   -386.83    410.51   0.64   1.32  -0.03
1996-12-19T06:51:50.947     83.53   -111.67   -384.33    408.85   0.65   1.32  -0.03
1996-12-19T06:51:51.281     84.37   -113.38   -387.16    412.15   0.65   1.32  -0.03
1996-12-19T06:51:51.614     84.84   -113.24   -385.67    410.81   0.65   1.31  -0.03
1996-12-19T06:51:51.947     81.88   -114.35   -387.32    412.06   0.65   1.31  -0.03
1996-12-19T06:51:52.281     79.93   -112.23   -387.06    410.85   0.65   1.31  -0.03
1996-12-19T06:51:52.614     80.21   -113.37   -382.34    406.78   0.65   1.31  -0.03
1996-12-19T06:51:52.947     76.71   -115.30   -385.17    409.30   0.65   1.31  -0.03
1996-12-19T06:51:53.281     75.21   -116.20   -386.84    410.86   0.65   1.31  -0.03
1996-12-19T06:51:53.614     72.14   -116.72   -385.42    409.12   0.65   1.31  -0.03
1996-12-19T06:51:53.947     71.12   -117.72   -386.70    410.43   0.65   1.31  -0.03
1996-12-19T06:51:54.281     72.07   -116.97   -387.82    411.43   0.66   1.31  -0.03
1996-12-19T06:51:54.614     75.57   -116.77   -382.84    407.32   0.66   1.31  -0.03
1996-12-19T06:51:54.947     74.45   -118.77   -383.45    408.27   0.66   1.31  -0.03
1996-12-19T06:51:55.281     72.75   -119.16   -382.63    407.31   0.66   1.31  -0.03
1996-12-19T06:51:55.614     70.02   -117.13   -382.71    406.31   0.66   1.31  -0.03
1996-12-19T06:51:55.947     73.08   -120.78   -382.11    407.36   0.66   1.31  -0.03
1996-12-19T06:51:56.281     74.99   -121.45   -380.42    406.32   0.66   1.31  -0.03
1996-12-19T06:51:56.614     77.76   -119.68   -385.28    410.86   0.66   1.30  -0.03
1996-12-19T06:51:56.947     86.10   -135.73   -367.04    400.69   0.66   1.30  -0.03
1996-12-19T06:51:57.281     82.44   -165.91   -356.46    401.73   0.66   1.30  -0.03
1996-12-19T06:51:57.614     70.82   -146.92   -374.73    408.69   0.67   1.30  -0.03
1996-12-19T06:51:57.947     66.62   -117.11   -385.50    408.37   0.67   1.30  -0.03
1996-12-19T06:51:58.281     68.01   -118.88   -386.89    410.41   0.67   1.30  -0.03
1996-12-19T06:51:58.614     74.06   -121.18   -385.09    410.44   0.67   1.30  -0.03
1996-12-19T06:51:58.947     78.15   -123.13   -384.63    411.35   0.67   1.30  -0.03
1996-12-19T06:51:59.281     76.91   -122.18   -383.26    409.55   0.67   1.30  -0.03
1996-12-19T06:51:59.614     76.13   -123.38   -380.39    407.08   0.67   1.30  -0.03
1996-12-19T06:51:59.947     78.08   -121.33   -383.64    409.88   0.67   1.30  -0.03
1996-12-19T06:52:00.281     80.67   -122.54   -384.99    411.99   0.67   1.30  -0.03
1996-12-19T06:52:00.614     80.32   -126.15   -384.56    412.61   0.67   1.30  -0.03
1996-12-19T06:52:00.947     78.88   -127.55   -383.89    412.14   0.68   1.30  -0.03
1996-12-19T06:52:01.281     83.84   -126.29   -385.62    414.34   0.68   1.29  -0.03
1996-12-19T06:52:01.614     84.59   -125.25   -384.95    413.56   0.68   1.29  -0.03
1996-12-19T06:52:01.947     82.53   -121.12   -384.34    411.34   0.68   1.29  -0.03
1996-12-19T06:52:02.281     82.49   -122.36   -386.74    413.94   0.68   1.29  -0.03
1996-12-19T06:52:02.614     79.11   -122.67   -386.18    412.84   0.68   1.29  -0.03
1996-12-19T06:52:02.947     78.64   -120.77   -386.74    412.72   0.68   1.29  -0.03
1996-12-19T06:52:03.281     78.39   -117.96   -384.04    409.33   0.68   1.29  -0.03
1996-12-19T06:52:03.614     77.41   -119.74   -388.41    413.75   0.68   1.29  -0.03
1996-12-19T06:52:03.947     71.34   -121.51   -386.50    411.38   0.68   1.29  -0.03
1996-12-19T06:52:04.281     71.43   -122.93   -388.61    413.80   0.69   1.29  -0.03
1996-12-19T06:52:04.614     70.78   -126.49   -387.79    413.99   0.69   1.29  -0.03
1996-12-19T06:52:04.947     71.73   -128.67   -384.07    411.35   0.69   1.29  -0.03
1996-12-19T06:52:05.281     73.24   -130.92   -384.62    412.84   0.69   1.29  -0.03
1996-12-19T06:52:05.614     77.06   -135.38   -382.73    413.22   0.69   1.29  -0.03
1996-12-19T06:52:05.947     79.63   -136.30   -382.81    414.08   0.69   1.28  -0.03
1996-12-19T06:52:06.281     83.22   -136.66   -381.99    414.15   0.69   1.28  -0.03
1996-12-19T06:52:06.614     83.95   -135.81   -382.39    414.38   0.69   1.28  -0.03
1996-12-19T06:52:06.947     86.12   -134.36   -383.75    415.61   0.69   1.28  -0.03
1996-12-19T06:52:07.281     87.53   -129.67   -381.62    412.44   0.69   1.28  -0.03
1996-12-19T06:52:07.614     85.93   -127.69   -382.89    412.67   0.70   1.28  -0.03
1996-12-19T06:52:07.947     82.41   -126.57   -383.56    412.22   0.70   1.28  -0.03
1996-12-19T06:52:08.281     82.42   -125.38   -385.14    413.34   0.70   1.28  -0.03
1996-12-19T06:52:08.614     85.44   -124.12   -387.59    415.85   0.70   1.28  -0.03
1996-12-19T06:52:08.947     87.59   -122.20   -385.94    414.19   0.70   1.28  -0.03
1996-12-19T06:52:09.281     84.38   -124.26   -386.40    414.56   0.70   1.28  -0.03
1996-12-19T06:52:09.614     82.79   -125.20   -387.99    416.01   0.70   1.28  -0.03
1996-12-19T06:52:09.947     85.60   -123.91   -388.49    416.66   0.70   1.28  -0.03
1996-12-19T06:52:10.281     87.35   -121.61   -387.07    415.02   0.70   1.28  -0.03
1996-12-19T06:52:10.614     83.06   -122.85   -388.00    415.37   0.70   1.27  -0.03
1996-12-19T06:52:10.947     83.32   -125.12   -387.32    415.47   0.71   1.27  -0.03
1996-12-19T06:52:11.281     83.56   -128.55   -386.86    416.14   0.71   1.27  -0.03
1996-12-19T06:52:11.614     83.22   -126.83   -383.58    412.49   0.71   1.27  -0.03
1996-12-19T06:52:11.947     83.97   -130.15   -385.52    415.48   0.71   1.27  -0.03
1996-12-19T06:52:12.281     82.80   -126.10   -385.08    413.57   0.71   1.27  -0.03
1996-12-19T06:52:12.614     82.91   -130.19   -383.63    413.52   0.71   1.27  -0.03
1996-12-19T06:52:12.947     81.53   -127.11   -384.83    413.40   0.71   1.27  -0.03
1996-12-19T06:52:13.281     84.71   -128.11   -384.89    414.40   0.71   1.27  -0.03
1996-12-19T06:52:13.614     86.00   -128.47   -385.33    415.19   0.71   1.27  -0.03
1996-12-19T06:52:13.947     84.28   -131.67   -382.69    413.39   0.71   1.27  -0.03
1996-12-19T06:52:14.281     91.04   -121.39   -383.22    412.16   0.72   1.27  -0.03
1996-12-19T06:52:14.614     89.84   -115.69   -385.23    412.14   0.72   1.27  -0.03
1996-12-19T06:52:14.947     89.39   -116.73   -383.91    411.10   0.72   1.27  -0.03
1996-12-19T06:52:15.281     91.17   -119.70   -383.36    411.83   0.72   1.26  -0.03
1996-12-19T06:52:15.614     88.38   -119.29   -385.58    413.18   0.72   1.26  -0.03
1996-12-19T06:52:15.947     93.23   -119.94   -386.74    415.50   0.72   1.26  -0.03
1996-12-19T06:52:16.281     86.57   -123.11   -385.88    414.19   0.72   1.26  -0.03
1996-12-19T06:52:16.614     88.02   -122.46   -385.13    413.61   0.72   1.26  -0.03
1996-12-19T06:52:16.947     86.81   -124.24   -385.05    413.81   0.72   1.26  -0.03
1996-12-19T06:52:17.281     85.36   -123.79   -386.95    415.14   0.72   1.26  -0.03
1996-12-19T06:52:17.614     86.63   -124.57   -387.08    415.76   0.73   1.26  -0.03
1996-12-19T06:52:17.947     88.59   -125.94   -387.31    416.79   0.73   1.26  -0.03
1996-12-19T06:52:18.281     86.43   -125.99   -385.88    415.03   0.73   1.26  -0.03
1996-12-19T06:52:18.614     87.00   -122.51   -387.84    415.93   0.73   1.26  -0.03
1996-12-19T06:52:18.947     86.89   -127.53   -387.86    417.43   0.73   1.26  -0.03
1996-12-19T06:52:19.281     86.93   -124.93   -388.23    416.99   0.73   1.26  -0.03
1996-12-19T06:52:19.614     87.31   -126.49   -386.98    416.39   0.73   1.26  -0.03
1996-12-19T06:52:19.947     86.07   -126.11   -387.98    416.94   0.73   1.25  -0.03
1996-12-19T06:52:20.281     84.66   -128.57   -383.93    413.64   0.73   1.25  -0.03
1996-12-19T06:52:20.614     84.70   -129.74   -384.85    414.87   0.73   1.25  -0.03
1996-12-19T06:52:20.947     81.68   -128.76   -383.98    413.15   0.74   1.25  -0.03
1996-12-19T06:52:21.281     85.62   -131.12   -383.12    413.88   0.74   1.25  -0.03
1996-12-19T06:52:21.614     84.05   -130.23   -385.07    415.09   0.74   1.25  -0.03
1996-12-19T06:52:21.947     83.70   -128.87   -386.61    416.03   0.74   1.25  -0.03
1996-12-19T06:52:22.281     86.35   -130.37   -385.18    415.71   0.74   1.25  -0.03
1996-12-19T06:52:22.614     84.20   -129.88   -385.20    415.14   0.74   1.25  -0.03
1996-12-19T06:52:22.947     85.53   -128.06   -386.99    416.50   0.74   1.25  -0.03
1996-12-19T06:52:23.281     83.42   -127.81   -385.58    414.68   0.74   1.25  -0.03
1996-12-19T06:52:23.614     81.95   -127.69   -387.13    415.80   0.74   1.25  -0.03
1996-12-19T06:52:23.947     80.01   -128.64   -385.73    414.41   0.74   1.25  -0.03
1996-12-19T06:52:24.281     81.52   -128.52   -386.13    415.04   0.74   1.25  -0.03
1996-12-19T06:52:24.614     82.43   -129.86   -388.52    417.86   0.75   1.24  -0.03
1996-12-19T06:52:24.947     82.91   -130.29   -385.94    415.69   0.75   1.24  -0.03
1996-12-19T06:52:25.281     86.23   -127.37   -386.53    416.01   0.75   1.24  -0.03
1996-12-19T06:52:25.614     85.17   -131.96   -386.69    417.37   0.75   1.24  -0.03
1996-12-19T06:52:25.947     88.16   -129.42   -385.28    415.89   0.75   1.24  -0.03
1996-12-19T06:52:26.281     87.63   -129.48   -384.76    415.31   0.75   1.24  -0.03
1996-12-19T06:52:26.614     90.21   -129.67   -384.64    415.82   0.75   1.24  -0.03
1996-12-19T06:52:26.947     86.11   -128.46   -383.25    413.28   0.75   1.24  -0.03
1996-12-19T06:52:27.281     86.87   -130.30   -385.49    416.08   0.75   1.24  -0.03
1996-12-19T06:52:27.614     86.15   -130.72   -387.41    417.84   0.75   1.24  -0.03
1996-12-19T06:52:27.947     86.16   -126.45   -386.81    415.98   0.76   1.24  -0.03
1996-12-19T06:52:28.281     84.44   -128.45   -386.87    416.29   0.76   1.24  -0.03
1996-12-19T06:52:28.614     86.80   -129.54   -383.12    413.64   0.76   1.24  -0.03
1996-12-19T06:52:28.947     86.20   -126.40   -387.70    416.80   0.76   1.24  -0.03
1996-12-19T06:52:29.281     85.28   -125.67   -388.20    416.86   0.76   1.24  -0.03
1996-12-19T06:52:29.614     84.54   -126.74   -388.80    417.58   0.76   1.23  -0.03
1996-12-19T06:52:29.947     83.36   -127.54   -387.37    416.25   0.76   1.23  -0.03
1996-12-19T06:52:30.281     83.04   -126.32   -386.86    415.35   0.76   1.23  -0.03
1996-12-19T06:52:30.614     83.52   -128.04   -385.36    414.57   0.76   1.23  -0.03
1996-12-19T06:52:30.947     84.40   -127.26   -386.39    415.48   0.76   1.23  -0.03
1996-12-19T06:52:31.281     86.83   -125.34   -387.14    416.09   0.77   1.23  -0.03
1996-12-19T06:52:31.614     89.22   -127.78   -386.18    416.44   0.77   1.23  -0.03
1996-12-19T06:52:31.947     87.74   -126.79   -387.57    417.12   0.77   1.23  -0.03
1996-12-19T06:52:32.281     86.20   -123.97   -389.42    417.66   0.77   1.23  -0.03
1996-12-19T06:52:32.614     85.55   -126.54   -385.54    414.70   0.77   1.23  -0.03
1996-12-19T06:52:32.947     85.52   -125.81   -387.70    416.48   0.77   1.23  -0.03
1996-12-19T06:52:33.281     85.31   -126.94   -385.32    414.56   0.77   1.23  -0.03
1996-12-19T06:52:33.614     83.76   -129.64   -385.34    415.10   0.77   1.23  -0.03
1996-12-19T06:52:33.947     84.72   -129.70   -386.22    416.13   0.77   1.23  -0.03
1996-12-19T06:52:34.281     83.49   -129.60   -386.74    416.33   0.77   1.22  -0.03
1996-12-19T06:52:34.614     87.63   -128.66   -387.28    417.40   0.78   1.22  -0.03
1996-12-19T06:52:34.947     87.04   -127.19   -387.84    417.34   0.78   1.22  -0.03
1996-12-19T06:52:35.281     85.26   -132.76   -385.73    416.75   0.78   1.22  -0.03
1996-12-19T06:52:35.614     82.25   -129.17   -385.17    414.50   0.78   1.22  -0.03
1996-12-19T06:52:35.947     85.71   -131.47   -387.04    417.65   0.78   1.22  -0.03
1996-12-19T06:52:36.281     85.90   -132.65   -383.72    414.99   0.78   1.22  -0.03
1996-12-19T06:52:36.614     83.75   -130.09   -386.76    416.56   0.78   1.22  -0.03
1996-12-19T06:52:36.947     87.09   -130.22   -385.41    416.04   0.78   1.22  -0.03
1996-12-19T06:52:37.281     86.96   -129.95   -385.92    416.40   0.78   1.22  -0.03
1996-12-19T06:52:37.614     85.16   -131.14   -385.38    415.89   0.78   1.22  -0.03
1996-12-19T06:52:37.947     83.09   -129.20   -386.03    415.47   0.79   1.22  -0.03
1996-12-19T06:52:38.281     87.10   -132.85   -386.97    418.31   0.79   1.22  -0.03
1996-12-19T06:52:38.614     83.23   -132.62   -384.97    415.59   0.79   1.22  -0.03
1996-12-19T06:52:38.947     84.83   -134.25   -387.52    418.79   0.79   1.21  -0.03
1996-12-19T06:52:39.281     82.14   -132.10   -386.16    416.32   0.79   1.21  -0.03
1996-12-19T06:52:39.614     85.70   -132.21   -384.24    415.29   0.79   1.21  -0.03
1996-12-19T06:52:39.947     84.12   -131.09   -385.47    415.75   0.79   1.21  -0.03
1996-12-19T06:52:40.281     83.47   -130.99   -386.92    416.94   0.79   1.21  -0.03
1996-12-19T06:52:40.614     82.12   -130.34   -384.61    414.31   0.79   1.21  -0.03
1996-12-19T06:52:40.947     81.25   -131.77   -386.43    416.29   0.79   1.21  -0.03
1996-12-19T06:52:41.281     84.20   -132.27   -385.39    416.06   0.80   1.21  -0.03
1996-12-19T06:52:41.614     83.94   -133.81   -386.56    417.59   0.80   1.21  -0.03
1996-12-19T06:52:41.947     83.11   -130.35   -383.67    413.64   0.80   1.21  -0.03
1996-12-19T06:52:42.281     84.66   -132.87   -382.78    413.93   0.80   1.21  -0.03
1996-12-19T06:52:42.614     86.11   -131.88   -384.23    415.26   0.80   1.21  -0.03
1996-12-19T06:52:42.947     82.52   -132.52   -383.30    413.87   0.80   1.21  -0.03
1996-12-19T06:52:43.281     80.81   -134.09   -384.10    414.78   0.80   1.21  -0.03
1996-12-19T06:52:43.614     82.97   -131.38   -383.43    413.72   0.80   1.20  -0.03
1996-12-19T06:52:43.947     81.38   -132.36   -384.67    414.86   0.80   1.20  -0.03
1996-12-19T06:52:44.281     87.73   -131.24   -383.57    414.78   0.80   1.20  -0.03
1996-12-19T06:52:44.614     86.73   -131.95   -386.33    417.36   0.81   1.20  -0.03
1996-12-19T06:52:44.947     85.80   -132.47   -384.33    415.48   0.81   1.20  -0.03
1996-12-19T06:52:45.281     88.28   -132.27   -387.67    419.02   0.81   1.20  -0.03
1996-12-19T06:52:45.614     86.50   -133.77   -383.94    415.68   0.81   1.20  -0.03
1996-12-19T06:52:45.947     89.64   -130.30   -383.45    414.78   0.81   1.20  -0.03
1996-12-19T06:52:46.281     89.43   -128.23   -384.71    415.27   0.81   1.20  -0.03
1996-12-19T06:52:46.614     86.95   -132.18   -385.68    416.87   0.81   1.20  -0.03
1996-12-19T06:52:46.947     92.14   -127.95   -385.50    416.51   0.81   1.20  -0.03
1996-12-19T06:52:47.281     90.91   -127.67   -385.98    416.58   0.81   1.20  -0.03
1996-12-19T06:52:47.614     92.31   -128.30   -386.62    417.68   0.81   1.20  -0.03
1996-12-19T06:52:47.947     92.25   -130.60   -385.22    417.09   0.82   1.20  -0.03
1996-12-19T06:52:48.281     91.48   -130.43   -386.81    418.33   0.82   1.19  -0.03
1996-12-19T06:52:48.614     93.64   -130.75   -387.59    419.63   0.82   1.19  -0.03
1996-12-19T06:52:48.947     94.65   -130.03   -385.72    417.91   0.82   1.19  -0.03
1996-12-19T06:52:49.281     93.48   -129.82   -384.97    416.89   0.82   1.19  -0.03
1996-12-19T06:52:49.614     91.85   -128.75   -383.94    415.24   0.82   1.19  -0.03
1996-12-19T06:52:49.947     96.70   -128.37   -381.66    414.12   0.82   1.19  -0.03
1996-12-19T06:52:50.281     92.82   -132.56   -385.86    418.42   0.82   1.19  -0.03
1996-12-19T06:52:50.614     93.68   -132.45   -385.60    418.34   0.82   1.19  -0.03
1996-12-19T06:52:50.947     90.76   -135.07   -386.45    419.32   0.82   1.19  -0.03
1996-12-19T06:52:51.281     94.46   -133.31   -387.27    420.33   0.83   1.19  -0.03
1996-12-19T06:52:51.614     91.74   -134.53   -387.48    420.30   0.83   1.19  -0.03
1996-12-19T06:52:51.947     89.36   -133.62   -386.35    418.46   0.83   1.19  -0.03
1996-12-19T06:52:52.281     89.73   -133.61   -389.03    421.00   0.83   1.19  -0.03
1996-12-19T06:52:52.614     89.16   -136.89   -387.52    420.55   0.83   1.19  -0.03
1996-12-19T06:52:52.947     91.80   -134.66   -389.04    421.80   0.83   1.18  -0.03
1996-12-19T06:52:53.281     92.98   -133.90   -390.21    422.89   0.83   1.18  -0.03
1996-12-19T06:52:53.614     91.78   -138.49   -391.10    424.93   0.83   1.18  -0.03
1996-12-19T06:52:53.947     89.95   -143.82   -389.03    424.41   0.83   1.18  -0.03
1996-12-19T06:52:54.281     86.77   -138.86   -390.60    423.53   0.83   1.18  -0.03
1996-12-19T06:52:54.614     91.41   -135.53   -391.12    423.91   0.84   1.18  -0.03
1996-12-19T06:52:54.947     85.71   -138.40   -390.57    423.14   0.84   1.18  -0.03
1996-12-19T06:52:55.281     90.47   -135.35   -392.66    425.08   0.84   1.18  -0.03
1996-12-19T06:52:55.614     91.73   -132.48   -392.71    424.49   0.84   1.18  -0.03
1996-12-19T06:52:55.947     89.41   -132.50   -391.93    423.27   0.84   1.18  -0.03
1996-12-19T06:52:56.281     93.01   -130.04   -390.10    421.60   0.84   1.18  -0.03
1996-12-19T06:52:56.614     93.44   -132.75   -390.05    422.48   0.84   1.18  -0.03
1996-12-19T06:52:56.947     90.62   -132.87   -390.01    421.87   0.84   1.18  -0.03
1996-12-19T06:52:57.281     88.96   -135.93   -388.37    420.98   0.84   1.18  -0.03
1996-12-19T06:52:57.614     87.82   -133.53   -386.33    418.09   0.84   1.17  -0.03
1996-12-19T06:52:57.947     90.69   -136.21   -385.75    419.02   0.85   1.17  -0.03
1996-12-19T06:52:58.281     88.64   -135.28   -387.21    419.63   0.85   1.17  -0.03
1996-12-19T06:52:58.614     88.23   -136.31   -387.27    419.93   0.85   1.17  -0.03
1996-12-19T06:52:58.947     86.35   -136.45   -388.39    420.62   0.85   1.17  -0.03
1996-12-19T06:52:59.281     88.25   -140.03   -392.95    426.39   0.85   1.17  -0.03
1996-12-19T06:52:59.614     86.37   -139.20   -391.66    424.54   0.85   1.17  -0.03
1996-12-19T06:52:59.947     84.68   -134.85   -389.47    420.77   0.85   1.17  -0.03
1996-12-19T06:53:00.281     77.37   -126.94   -387.89    415.40   0.85   1.17  -0.03
1996-12-19T06:53:00.614     78.58   -123.92   -381.33    408.59   0.85   1.17  -0.03
1996-12-19T06:53:00.947     80.84   -129.93   -385.88    415.12   0.85   1.17  -0.03
1996-12-19T06:53:01.281     84.21   -136.72   -387.82    419.75   0.86   1.17  -0.03
1996-12-19T06:53:01.614     82.54   -140.70   -392.02    424.61   0.86   1.17  -0.03
1996-12-19T06:53:01.947     83.44   -138.01   -391.48    423.40   0.86   1.17  -0.03
1996-12-19T06:53:02.281     80.84   -134.87   -389.18    419.74   0.86   1.16  -0.03
1996-12-19T06:53:02.614     84.59   -139.07   -388.87    421.56   0.86   1.16  -0.03
1996-12-19T06:53:02.947     83.32   -138.70   -388.45    420.80   0.86   1.16  -0.03
1996-12-19T06:53:03.281     82.33   -139.27   -389.54    421.80   0.86   1.16  -0.03
1996-12-19T06:53:03.614     84.48   -137.61   -391.40    423.40   0.86   1.16  -0.03
1996-12-19T06:53:03.947     84.11   -138.05   -390.35    422.49   0.86   1.16  -0.03
1996-12-19T06:53:04.281     82.81   -136.99   -390.02    421.59   0.86   1.16  -0.03
1996-12-19T06:53:04.614     82.83   -139.38   -390.56    422.88   0.86   1.16  -0.03
1996-12-19T06:53:04.947     79.53   -136.83   -391.20    422.00   0.87   1.16  -0.03
1996-12-19T06:53:05.281     77.10   -136.78   -380.87    411.96   0.87   1.16  -0.03
1996-12-19T06:53:05.614     77.56   -132.37   -374.86    405.04   0.87   1.16  -0.03
1996-12-19T06:53:05.947     83.94   -125.12   -371.37    400.76   0.87   1.16  -0.03
1996-12-19T06:53:06.281     82.69   -134.62   -380.14    411.66   0.87   1.16  -0.03
1996-12-19T06:53:06.614     80.70   -137.99   -384.66    416.56   0.87   1.16  -0.03
1996-12-19T06:53:06.947     81.34   -134.16   -386.25    416.90   0.87   1.15  -0.03
1996-12-19T06:53:07.281     80.27   -132.89   -387.02    417.00   0.87   1.15  -0.03
1996-12-19T06:53:07.614     81.81   -135.62   -385.42    416.70   0.87   1.15  -0.03
1996-12-19T06:53:07.947     85.18   -137.22   -389.53    421.68   0.87   1.15  -0.03
1996-12-19T06:53:08.281     84.62   -135.10   -388.95    420.35   0.88   1.15  -0.03
1996-12-19T06:53:08.614     86.12   -138.83   -389.31    422.20   0.88   1.15  -0.03
1996-12-19T06:53:08.947     85.54   -136.97   -388.38    420.61   0.88   1.15  -0.03
1996-12-19T06:53:09.281     85.80   -140.42   -388.30    421.73   0.88   1.15  -0.03
1996-12-19T06:53:09.614     88.06   -139.21   -389.80    423.18   0.88   1.15  -0.03
1996-12-19T06:53:09.947     88.18   -139.91   -388.56    422.29   0.88   1.15  -0.03
1996-12-19T06:53:10.281     89.14   -137.39   -389.95    422.95   0.88   1.15  -0.03
1996-12-19T06:53:10.614     87.93   -139.08   -389.16    422.52   0.88   1.15  -0.03
1996-12-19T06:53:10.947     85.71   -138.78   -389.36    422.15   0.88   1.15  -0.03
1996-12-19T06:53:11.281     85.41   -139.33   -388.35    421.33   0.88   1.15  -0.03
1996-12-19T06:53:11.614     85.68   -137.67   -389.00    421.44   0.89   1.14  -0.03
1996-12-19T06:53:11.947     84.06   -138.61   -387.86    420.37   0.89   1.14  -0.03
1996-12-19T06:53:12.281     81.96   -139.98   -388.24    420.76   0.89   1.14  -0.03
1996-12-19T06:53:12.614     84.54   -138.87   -389.72    422.27   0.89   1.14  -0.03
1996-12-19T06:53:12.947     81.44   -142.00   -389.14    422.16   0.89   1.14  -0.03
1996-12-19T06:53:13.281     86.00   -138.51   -388.11    420.96   0.89   1.14  -0.03
1996-12-19T06:53:13.614     88.66   -134.89   -391.56    423.52   0.89   1.14  -0.03
1996-12-19T06:53:13.947     87.31   -136.13   -391.61    423.69   0.89   1.14  -0.03
1996-12-19T06:53:14.281     86.60   -138.07   -389.94    422.63   0.89   1.14  -0.03
1996-12-19T06:53:14.614     84.80   -138.57   -389.96    422.44   0.89   1.14  -0.03
1996-12-19T06:53:14.947     88.96   -137.31   -389.10    422.10   0.90   1.14  -0.03
1996-12-19T06:53:15.281     89.12   -135.54   -390.36    422.73   0.90   1.14  -0.03
1996-12-19T06:53:15.614     89.25   -135.94   -388.02    420.72   0.90   1.14  -0.03
1996-12-19T06:53:15.947     88.61   -137.05   -390.68    423.40   0.90   1.14  -0.03
1996-12-19T06:53:16.281     90.41   -135.26   -386.82    419.64   0.90   1.13  -0.03
1996-12-19T06:53:16.614     89.08   -135.60   -388.24    420.77   0.90   1.13  -0.03
1996-12-19T06:53:16.947     88.39   -137.99   -387.14    420.39   0.90   1.13  -0.03
1996-12-19T06:53:17.281     86.77   -139.36   -387.02    420.40   0.90   1.13  -0.03
1996-12-19T06:53:17.614     87.07   -138.11   -385.95    419.06   0.90   1.13  -0.03
1996-12-19T06:53:17.947     88.35   -135.09   -385.38    417.81   0.90   1.13  -0.03
1996-12-19T06:53:18.281     92.23   -139.95   -385.89    420.72   0.91   1.13  -0.03
1996-12-19T06:53:18.614     92.60   -140.29   -385.80    420.83   0.91   1.13  -0.03
1996-12-19T06:53:18.947     92.11   -137.81   -387.46    421.43   0.91   1.13  -0.03
1996-12-19T06:53:19.281     90.71   -139.55   -387.31    421.56   0.91   1.13  -0.03
1996-12-19T06:53:19.614     86.66   -142.33   -387.99    422.26   0.91   1.13  -0.03
1996-12-19T06:53:19.947     91.39   -141.27   -388.39    423.27   0.91   1.13  -0.03
1996-12-19T06:53:20.281     91.72   -142.03   -385.77    421.20   0.91   1.13  -0.03
1996-12-19T06:53:20.614     93.07   -142.09   -384.67    420.50   0.91   1.13  -0.03
1996-12-19T06:53:20.947     89.93   -140.01   -385.46    419.85   0.91   1.12  -0.03
1996-12-19T06:53:21.281     92.34   -138.80   -384.89    419.44   0.91   1.12  -0.03
1996-12-19T06:53:21.614     93.41   -142.18   -382.18    418.33   0.92   1.12  -0.03
1996-12-19T06:53:21.947     94.41   -141.00   -386.36    421.98   0.92   1.12  -0.03
1996-12-19T06:53:22.281     90.50   -142.30   -385.80    421.05   0.92   1.12  -0.03
1996-12-19T06:53:22.614     91.78   -139.09   -383.84    418.46   0.92   1.12  -0.03
1996-12-19T06:53:22.947     93.66   -142.73   -384.89    421.05   0.92   1.12  -0.03
1996-12-19T06:53:23.281     95.27   -140.91   -385.05    420.95   0.92   1.12  -0.03
1996-12-19T06:53:23.614     92.95   -140.20   -386.93    421.91   0.92   1.12  -0.03
1996-12-19T06:53:23.947     90.77   -144.61   -385.47    421.59   0.92   1.12  -0.03
1996-12-19T06:53:24.281     94.00   -144.06   -383.74    420.53   0.92   1.12  -0.03
1996-12-19T06:53:24.614     91.77   -147.16   -383.05    420.48   0.92   1.12  -0.03
1996-12-19T06:53:24.947     89.27   -143.09   -385.96    421.20   0.93   1.12  -0.03
1996-12-19T06:53:25.281     88.38   -144.79   -383.74    419.56   0.93   1.12  -0.03
1996-12-19T06:53:25.614     90.82   -145.73   -384.84    421.42   0.93   1.11  -0.03
1996-12-19T06:53:25.947     91.76   -143.76   -384.14    420.30   0.93   1.11  -0.03
1996-12-19T06:53:26.281     92.46   -143.33   -386.57    422.53   0.93   1.11  -0.03
1996-12-19T06:53:26.614     93.33   -141.92   -381.35    417.47   0.93   1.11  -0.03
1996-12-19T06:53:26.947     94.02   -141.19   -385.14    420.84   0.93   1.11  -0.03
1996-12-19T06:53:27.281     94.11   -143.00   -382.34    418.92   0.93   1.11  -0.03
1996-12-19T06:53:27.614     95.05   -144.12   -383.55    420.62   0.93   1.11  -0.03
1996-12-19T06:53:27.947     94.38   -142.04   -382.69    418.97   0.93   1.11  -0.03
1996-12-19T06:53:28.281     93.70   -143.57   -382.39    419.06   0.94   1.11  -0.03
1996-12-19T06:53:28.614     93.69   -144.90   -381.58    418.78   0.94   1.11  -0.03
1996-12-19T06:53:28.947     94.95   -145.81   -382.11    419.86   0.94   1.11  -0.03
1996-12-19T06:53:29.281     96.83   -146.62   -380.72    419.31   0.94   1.11  -0.03
1996-12-19T06:53:29.614     96.04   -148.04   -379.81    418.80   0.94   1.11  -0.03
1996-12-19T06:53:29.947     94.07   -148.79   -382.03    420.64   0.94   1.11  -0.03
1996-12-19T06:53:30.281     93.26   -146.91   -380.08    418.02   0.94   1.10  -0.03
1996-12-19T06:53:30.614     96.71   -144.42   -385.15    422.55   0.94   1.10  -0.03
1996-12-19T06:53:30.947     96.26   -144.13   -380.83    418.42   0.94   1.10  -0.03
1996-12-19T06:53:31.281     94.76   -146.29   -380.77    418.77   0.94   1.10  -0.03
1996-12-19T06:53:31.614     92.84   -148.62   -383.91    422.01   0.95   1.10  -0.03
1996-12-19T06:53:31.947     89.97   -149.50   -383.96    421.75   0.95   1.10  -0.03
1996-12-19T06:53:32.281     90.40   -149.03   -383.42    421.18   0.95   1.10  -0.03
1996-12-19T06:53:32.614     92.34   -148.65   -380.81    419.09   0.95   1.10  -0.03
1996-12-19T06:53:32.947     91.46   -152.92   -381.25    420.83   0.95   1.10  -0.03
1996-12-19T06:53:33.281     86.70   -150.80   -380.54    418.42   0.95   1.10  -0.03
1996-12-19T06:53:33.614     93.71   -148.63   -379.00    417.75   0.95   1.10  -0.03
1996-12-19T06:53:33.947     91.50   -148.74   -377.00    415.48   0.95   1.10  -0.03
1996-12-19T06:53:34.281     90.75   -147.05   -376.81    414.54   0.95   1.10  -0.03
1996-12-19T06:53:34.614     94.45   -147.03   -378.09    416.52   0.95   1.10  -0.03
1996-12-19T06:53:34.947     94.07   -145.80   -380.97    418.62   0.95   1.09  -0.03
1996-12-19T06:53:35.281     92.41   -148.01   -379.25    417.47   0.96   1.09  -0.03
1996-12-19T06:53:35.614     90.24   -148.33   -376.23    414.36   0.96   1.09  -0.03
1996-12-19T06:53:35.947     90.68   -148.19   -378.03    416.04   0.96   1.09  -0.03
1996-12-19T06:53:36.281     87.49   -148.52   -376.37    413.96   0.96   1.09  -0.03
1996-12-19T06:53:36.614     88.66   -148.98   -375.53    413.61   0.96   1.09  -0.03
1996-12-19T06:53:36.947     91.41   -146.03   -378.99    416.31   0.96   1.09  -0.03
1996-12-19T06:53:37.281     88.71   -147.05   -376.02    413.38   0.96   1.09  -0.03
1996-12-19T06:53:37.614     88.96   -147.82   -381.07    418.31   0.96   1.09  -0.03
1996-12-19T06:53:37.947     86.82   -149.20   -379.68    417.08   0.96   1.09  -0.03
1996-12-19T06:53:38.281     90.61   -148.29   -380.00    417.85   0.96   1.09  -0.03
1996-12-19T06:53:38.614     91.46   -146.05   -376.77    414.31   0.97   1.09  -0.03
1996-12-19T06:53:38.947     92.00   -147.91   -380.95    418.88   0.97   1.09  -0.03
1996-12-19T06:53:39.281     91.91   -149.19   -379.00    417.55   0.97   1.09  -0.03
1996-12-19T06:53:39.614     90.24   -149.44   -377.62    416.02   0.97   1.08  -0.03
1996-12-19T06:53:39.947     91.66   -147.07   -379.48    417.18   0.97   1.08  -0.03
1996-12-19T06:53:40.281     89.44   -150.29   -377.96    416.47   0.97   1.08  -0.03
1996-12-19T06:53:40.614     86.82   -149.43   -380.82    418.20   0.97   1.08  -0.03
1996-12-19T06:53:40.947     89.70   -149.17   -380.52    418.44   0.97   1.08  -0.03
1996-12-19T06:53:41.281     88.90   -148.41   -381.58    418.97   0.97   1.08  -0.03
1996-12-19T06:53:41.614     88.18   -151.82   -377.69    416.50   0.97   1.08  -0.03
1996-12-19T06:53:41.947     90.80   -150.06   -379.59    418.15   0.98   1.08  -0.03
1996-12-19T06:53:42.281     92.71   -149.47   -378.94    417.77   0.98   1.08  -0.03
1996-12-19T06:53:42.614     94.81   -147.85   -377.38    416.25   0.98   1.08  -0.03
1996-12-19T06:53:42.947     92.97   -147.46   -377.47    415.78   0.98   1.08  -0.03
1996-12-19T06:53:43.281     89.62   -145.39   -379.91    416.53   0.98   1.08  -0.03
1996-12-19T06:53:43.614     89.97   -148.73   -377.43    415.53   0.98   1.08  -0.03
1996-12-19T06:53:43.947     92.65   -144.89   -379.26    416.43   0.98   1.08  -0.03
1996-12-19T06:53:44.281     92.75   -146.42   -377.68    415.55   0.98   1.07  -0.03
1996-12-19T06:53:44.614     90.05   -146.34   -373.48    411.11   0.98   1.07  -0.03
1996-12-19T06:53:44.947     91.95   -145.35   -379.03    416.23   0.98   1.07  -0.03
1996-12-19T06:53:45.281     92.58   -143.25   -378.20    414.88   0.99   1.07  -0.03
1996-12-19T06:53:45.614     93.27   -141.99   -379.14    415.46   0.99   1.07  -0.03
1996-12-19T06:53:45.947     93.88   -141.94   -378.49    414.99   0.99   1.07  -0.03
1996-12-19T06:53:46.281     94.46   -143.09   -377.71    414.81   0.99   1.07  -0.03
1996-12-19T06:53:46.614     94.95   -144.95   -378.00    415.82   0.99   1.07  -0.03
1996-12-19T06:53:46.947     94.02   -144.17   -377.24    414.65   0.99   1.07  -0.03
1996-12-19T06:53:47.281     93.65   -145.13   -375.87    413.66   0.99   1.07  -0.03
1996-12-19T06:53:47.614     90.89   -136.03   -372.26    406.62   0.99   1.07  -0.03
1996-12-19T06:53:47.947     90.63   -137.94   -370.00    405.14   0.99   1.07  -0.03
1996-12-19T06:53:48.281     91.82   -138.81   -372.85    408.31   0.99   1.07  -0.03
1996-12-19T06:53:48.614     89.39   -143.97   -375.22    411.72   1.00   1.07  -0.03
1996-12-19T06:53:48.947     89.94   -144.19   -377.53    414.02   1.00   1.06  -0.03
1996-12-19T06:53:49.281     92.55   -143.05   -378.78    415.33   1.00   1.06  -0.03
1996-12-19T06:53:49.614     90.44   -146.18   -378.40    415.61   1.00   1.06  -0.03
1996-12-19T06:53:49.947     93.23   -141.97   -379.37    415.65   1.00   1.06  -0.03
1996-12-19T06:53:50.281     92.14   -142.20   -382.90    418.71   1.00   1.06  -0.03
1996-12-19T06:53:50.614     86.77   -145.69   -385.19    420.86   1.00   1.06  -0.03
1996-12-19T06:53:50.947     89.90   -146.37   -383.76    420.45   1.00   1.06  -0.03
1996-12-19T06:53:51.281     93.21   -144.68   -383.27    420.13   1.00   1.06  -0.03
1996-12-19T06:53:51.614     90.34   -145.84   -383.31    419.95   1.00   1.06  -0.03
1996-12-19T06:53:51.947     90.50   -146.11   -387.12    423.55   1.01   1.06  -0.03
1996-12-19T06:53:52.281     87.33   -149.10   -381.93    419.20   1.01   1.06  -0.03
1996-12-19T06:53:52.614     90.01   -144.76   -383.62    419.79   1.01   1.06  -0.03
1996-12-19T06:53:52.947     89.68   -147.58   -379.73    417.15   1.01   1.06  -0.03
1996-12-19T06:53:53.281     92.22   -143.90   -378.57    415.37   1.01   1.06  -0.03
1996-12-19T06:53:53.614     92.07   -145.60   -379.04    416.35   1.01   1.05  -0.03
1996-12-19T06:53:53.947     89.27   -145.06   -378.71    415.25   1.01   1.05  -0.03
1996-12-19T06:53:54.281     88.21   -144.63   -379.25    415.37   1.01   1.05  -0.03
1996-12-19T06:53:54.614     88.48   -144.63   -379.14    415.33   1.01   1.05  -0.03
1996-12-19T06:53:54.947     88.65   -142.55   -380.12    415.53   1.01   1.05  -0.03
1996-12-19T06:53:55.281     95.32   -137.80   -379.48    414.83   1.02   1.05  -0.03
1996-12-19T06:53:55.614     83.91   -150.84   -372.10    410.18   1.02   1.05  -0.03
1996-12-19T06:53:55.947     72.80   -169.90   -367.16    411.06   1.02   1.05  -0.03
1996-12-19T06:53:56.281     82.34   -152.05   -376.64    414.43   1.02   1.05  -0.03
1996-12-19T06:53:56.614     89.48   -150.22   -378.63    417.06   1.02   1.05  -0.03
1996-12-19T06:53:56.947     90.65   -150.59   -379.87    418.56   1.02   1.05  -0.03
1996-12-19T06:53:57.281     92.33   -149.64   -381.41    419.99   1.02   1.05  -0.03
1996-12-19T06:53:57.614     91.76   -147.98   -378.94    417.03   1.02   1.05  -0.03
1996-12-19T06:53:57.947     91.05   -147.96   -380.35    418.15   1.02   1.05  -0.03
1996-12-19T06:53:58.281     92.83   -148.52   -379.57    418.03   1.02   1.04  -0.03
1996-12-19T06:53:58.614     93.66   -148.70   -379.66    418.36   1.02   1.04  -0.03
1996-12-19T06:53:58.947     92.01   -148.16   -378.62    416.86   1.03   1.04  -0.03
1996-12-19T06:53:59.281     94.16   -148.25   -380.22    418.83   1.03   1.04  -0.03
1996-12-19T06:53:59.614     91.82   -148.19   -380.57    418.60   1.03   1.04  -0.03
1996-12-19T06:53:59.947     91.47   -149.61   -381.46    419.83   1.03   1.04  -0.03
1996-12-19T06:54:00.281     91.48   -152.26   -382.79    421.99   1.03   1.04  -0.03
1996-12-19T06:54:00.614     92.85   -149.54   -384.80    423.15   1.03   1.04  -0.03
1996-12-19T06:54:00.947     92.34   -151.64   -381.63    420.90   1.03   1.04  -0.03
1996-12-19T06:54:01.281     93.57   -152.56   -381.45    421.35   1.03   1.04  -0.03
1996-12-19T06:54:01.614     94.85   -147.49   -383.20    421.42   1.03   1.04  -0.03
1996-12-19T06:54:01.947     95.48   -150.57   -383.30    422.74   1.03   1.04  -0.03
1996-12-19T06:54:02.281     91.77   -149.23   -383.88    421.96   1.04   1.04  -0.03
1996-12-19T06:54:02.614     94.73   -152.58   -382.09    422.20   1.04   1.04  -0.03
1996-12-19T06:54:02.947     93.39   -151.47   -383.22    422.52   1.04   1.03  -0.03
1996-12-19T06:54:03.281     95.17   -149.42   -381.01    420.18   1.04   1.03  -0.03
1996-12-19T06:54:03.614     93.26   -152.25   -379.42    419.33   1.04   1.03  -0.03
1996-12-19T06:54:03.947     95.98   -153.24   -381.15    421.87   1.04   1.03  -0.03
1996-12-19T06:54:04.281     94.47   -150.93   -380.41    420.02   1.04   1.03  -0.03
1996-12-19T06:54:04.614     94.39   -153.92   -378.90    419.72   1.04   1.03  -0.03
1996-12-19T06:54:04.947     95.36   -156.13   -377.58    419.57   1.04   1.03  -0.03
1996-12-19T06:54:05.281     91.91   -160.46   -377.62    420.47   1.04   1.03  -0.03
1996-12-19T06:54:05.614     91.25   -168.27   -374.00    420.14   1.05   1.03  -0.03
1996-12-19T06:54:05.947    102.36   -148.64   -382.24    422.71   1.05   1.03  -0.03
1996-12-19T06:54:06.281    112.81   -132.81   -385.28    422.85   1.05   1.03  -0.03
1996-12-19T06:54:06.614    109.82   -142.93   -383.43    423.68   1.05   1.03  -0.03
1996-12-19T06:54:06.947    108.60   -145.38   -381.48    422.44   1.05   1.03  -0.03
1996-12-19T06:54:07.281    107.51   -145.61   -384.16    424.67   1.05   1.03  -0.03
1996-12-19T06:54:07.614    101.44   -146.33   -382.95    422.32   1.05   1.02  -0.03
1996-12-19T06:54:07.947     95.96   -151.99   -381.37    421.60   1.05   1.02  -0.03
1996-12-19T06:54:08.281     95.25   -153.01   -382.19    422.55   1.05   1.02  -0.03
1996-12-19T06:54:08.614     91.72   -153.23   -383.53    423.07   1.05   1.02  -0.03
1996-12-19T06:54:08.947     93.63   -150.74   -382.41    421.57   1.06   1.02  -0.03
1996-12-19T06:54:09.281     93.62   -152.53   -383.15    422.89   1.06   1.02  -0.03
1996-12-19T06:54:09.614     92.59   -152.34   -381.37    420.98   1.06   1.02  -0.03
1996-12-19T06:54:09.947     90.71   -152.58   -383.60    422.68   1.06   1.02  -0.03
1996-12-19T06:54:10.281     94.98   -150.65   -382.32    421.77   1.06   1.02  -0.03
1996-12-19T06:54:10.614     92.45   -150.34   -383.59    422.24   1.06   1.02  -0.03
1996-12-19T06:54:10.947     92.68   -151.60   -384.35    423.43   1.06   1.02  -0.03
1996-12-19T06:54:11.281     95.09   -149.89   -384.52    423.52   1.06   1.02  -0.03
1996-12-19T06:54:11.614     94.40   -151.10   -380.45    420.10   1.06   1.02  -0.03
1996-12-19T06:54:11.947     95.04   -149.51   -383.23    422.20   1.06   1.02  -0.03
1996-12-19T06:54:12.281     93.31   -148.32   -383.63    421.76   1.07   1.01  -0.03
1996-12-19T06:54:12.614     90.09   -149.89   -384.65    422.54   1.07   1.01  -0.03
1996-12-19T06:54:12.947     91.48   -146.64   -384.58    421.64   1.07   1.01  -0.03
1996-12-19T06:54:13.281     91.52   -146.77   -384.47    421.59   1.07   1.01  -0.03
1996-12-19T06:54:13.614     91.49   -151.44   -382.65    421.57   1.07   1.01  -0.03
1996-12-19T06:54:13.947     88.96   -151.78   -384.22    422.58   1.07   1.01  -0.03
1996-12-19T06:54:14.281     89.88   -152.55   -383.87    422.74   1.07   1.01  -0.03
1996-12-19T06:54:14.614     88.54   -153.86   -385.82    424.70   1.07   1.01  -0.03
1996-12-19T06:54:14.947     89.70   -155.04   -382.67    422.51   1.07   1.01  -0.03
1996-12-19T06:54:15.281     90.45   -147.42   -385.04    422.10   1.07   1.01  -0.03
1996-12-19T06:54:15.614     96.68   -151.22   -382.82    422.81   1.08   1.01  -0.03
1996-12-19T06:54:15.947     96.19   -150.94   -384.37    424.00   1.08   1.01  -0.03
1996-12-19T06:54:16.281     91.65   -154.23   -382.87    422.82   1.08   1.01  -0.03
1996-12-19T06:54:16.614     89.84   -157.04   -382.02    422.70   1.08   1.00  -0.03
1996-12-19T06:54:16.947     92.92   -150.33   -384.32    423.01   1.08   1.00  -0.03
1996-12-19T06:54:17.281     93.53   -152.55   -383.39    423.10   1.08   1.00  -0.03
1996-12-19T06:54:17.614     91.93   -157.60   -381.15    422.56   1.08   1.00  -0.03
1996-12-19T06:54:17.947     92.44   -151.19   -385.34    424.13   1.08   1.00  -0.03
1996-12-19T06:54:18.281     95.33   -152.02   -386.14    425.79   1.08   1.00  -0.03
1996-12-19T06:54:18.614     89.09   -159.28   -383.61    424.82   1.08   1.00  -0.03
1996-12-19T06:54:18.947     92.37   -160.37   -382.68    425.08   1.08   1.00  -0.03
1996-12-19T06:54:19.281     97.48   -155.90   -383.06    424.90   1.09   1.00  -0.03
1996-12-19T06:54:19.614     95.41   -153.81   -382.99    423.61   1.09   1.00  -0.03
1996-12-19T06:54:19.947     95.40   -155.97   -385.17    426.36   1.09   1.00  -0.03
1996-12-19T06:54:20.281     94.89   -158.07   -385.34    427.18   1.09   1.00  -0.03
1996-12-19T06:54:20.614     97.14   -156.88   -386.30    428.10   1.09   1.00  -0.03
1996-12-19T06:54:20.947    100.12   -156.91   -386.03    428.56   1.09   1.00  -0.03
1996-12-19T06:54:21.281     99.60   -160.08   -385.00    428.69   1.09   0.99  -0.03
1996-12-19T06:54:21.614     96.41   -159.27   -385.13    427.77   1.09   0.99  -0.03
1996-12-19T06:54:21.947     92.98   -158.05   -386.09    427.42   1.09   0.99  -0.03
1996-12-19T06:54:22.281     98.21   -157.11   -385.69    427.89   1.09   0.99  -0.03
1996-12-19T06:54:22.614     99.69   -156.86   -383.85    426.48   1.10   0.99  -0.03
1996-12-19T06:54:22.947     99.37   -156.09   -384.82    426.99   1.10   0.99  -0.03
1996-12-19T06:54:23.281     96.03   -156.83   -385.32    426.95   1.10   0.99  -0.03
1996-12-19T06:54:23.614     97.11   -154.14   -381.06    422.37   1.10   0.99  -0.03
1996-12-19T06:54:23.947     97.55   -156.54   -377.91    420.52   1.10   0.99  -0.03
1996-12-19T06:54:24.281    102.95   -157.88   -381.01    425.08   1.10   0.99  -0.03
1996-12-19T06:54:24.614    102.33   -159.87   -381.03    425.69   1.10   0.99  -0.03
1996-12-19T06:54:24.947    101.18   -155.25   -382.53    425.06   1.10   0.99  -0.03
1996-12-19T06:54:25.281    101.82   -157.00   -379.85    423.44   1.10   0.99  -0.03
1996-12-19T06:54:25.614     99.93   -160.54   -384.68    428.65   1.10   0.99  -0.03
1996-12-19T06:54:25.947    101.29   -159.56   -386.22    429.98   1.11   0.98  -0.03
1996-12-19T06:54:26.281    100.99   -159.97   -385.81    429.70   1.11   0.98  -0.03
1996-12-19T06:54:26.614     99.21   -161.68   -386.46    430.51   1.11   0.98  -0.03
1996-12-19T06:54:26.947     95.94   -159.83   -384.51    427.32   1.11   0.98  -0.03
1996-12-19T06:54:27.281     94.91   -158.79   -386.38    428.38   1.11   0.98  -0.03
1996-12-19T06:54:27.614     99.49   -156.51   -385.61    427.88   1.11   0.98  -0.03
1996-12-19T06:54:27.947     98.98   -158.39   -385.02    427.93   1.11   0.98  -0.03
1996-12-19T06:54:28.281     95.94   -154.99   -382.35    423.58   1.11   0.98  -0.03
1996-12-19T06:54:28.614     92.96   -156.36   -377.29    418.86   1.11   0.98  -0.03
1996-12-19T06:54:28.947     93.09   -161.06   -376.08    419.58   1.11   0.98  -0.03
1996-12-19T06:54:29.281     96.46   -155.11   -380.06    421.67   1.12   0.98  -0.03
1996-12-19T06:54:29.614     92.19   -157.04   -380.48    421.82   1.12   0.98  -0.03
1996-12-19T06:54:29.947     91.24   -156.76   -382.96    423.74   1.12   0.98  -0.03
1996-12-19T06:54:30.281     87.89   -161.20   -386.57    427.96   1.12   0.98  -0.03
1996-12-19T06:54:30.614     94.09   -160.71   -386.53    429.06   1.12   0.97  -0.03
1996-12-19T06:54:30.947     93.08   -162.21   -384.97    427.99   1.12   0.97  -0.03
1996-12-19T06:54:31.281     90.69   -159.91   -386.51    428.01   1.12   0.97  -0.03
1996-12-19T06:54:31.614     95.71   -158.36   -386.14    428.18   1.12   0.97  -0.03
1996-12-19T06:54:31.947     95.55   -158.71   -389.11    430.96   1.12   0.97  -0.03
1996-12-19T06:54:32.281     92.00   -158.04   -385.15    426.36   1.12   0.97  -0.03
1996-12-19T06:54:32.614     93.31   -161.91   -386.87    429.64   1.13   0.97  -0.03
1996-12-19T06:54:32.947     88.11   -160.56   -385.58    426.87   1.13   0.97  -0.03
1996-12-19T06:54:33.281     91.01   -160.71   -385.20    427.19   1.13   0.97  -0.03
1996-12-19T06:54:33.614     90.66   -161.59   -387.06    429.12   1.13   0.97  -0.03
1996-12-19T06:54:33.947     88.87   -160.31   -384.88    426.30   1.13   0.97  -0.03
1996-12-19T06:54:34.281     86.84   -160.23   -387.60    428.31   1.13   0.97  -0.03
1996-12-19T06:54:34.614     90.23   -157.03   -388.63    428.76   1.13   0.97  -0.03
1996-12-19T06:54:34.947     89.37   -150.78   -386.08    424.01   1.13   0.97  -0.03
1996-12-19T06:54:35.281     76.44   -175.17   -364.13    411.24   1.13   0.96  -0.03
1996-12-19T06:54:35.614     77.45   -168.82   -365.74    410.20   1.13   0.96  -0.03
1996-12-19T06:54:35.947     85.71   -159.82   -380.90    421.87   1.14   0.96  -0.03
1996-12-19T06:54:36.281     90.74   -159.32   -385.34    426.73   1.14   0.96  -0.03
1996-12-19T06:54:36.614     93.12   -159.25   -386.55    428.32   1.14   0.96  -0.03
1996-12-19T06:54:36.947     98.41   -155.28   -388.76    430.04   1.14   0.96  -0.03
1996-12-19T06:54:37.281     99.60   -157.68   -391.40    433.56   1.14   0.96  -0.03
1996-12-19T06:54:37.614     98.26   -156.94   -390.22    431.93   1.14   0.96  -0.03
1996-12-19T06:54:37.947     97.22   -157.47   -392.34    433.80   1.14   0.96  -0.03
1996-12-19T06:54:38.281     96.12   -159.26   -393.00    434.80   1.14   0.96  -0.03
1996-12-19T06:54:38.614     95.17   -159.10   -389.09    431.00   1.14   0.96  -0.03
1996-12-19T06:54:38.947     96.19   -158.90   -390.82    432.71   1.14   0.96  -0.03
1996-12-19T06:54:39.281     95.31   -159.34   -387.12    429.35   1.14   0.96  -0.03
1996-12-19T06:54:39.614     98.83   -156.97   -386.90    429.07   1.15   0.96  -0.03
1996-12-19T06:54:39.947     94.18   -155.77   -379.46    420.86   1.15   0.95  -0.03
1996-12-19T06:54:40.281     88.91   -158.77   -378.22    419.72   1.15   0.95  -0.03
1996-12-19T06:54:40.614     95.10   -160.17   -380.74    423.86   1.15   0.95  -0.03
1996-12-19T06:54:40.947     96.33   -154.66   -383.03    424.16   1.15   0.95  -0.03
1996-12-19T06:54:41.281     96.84   -154.55   -375.73    417.66   1.15   0.95  -0.03
1996-12-19T06:54:41.614     94.63   -158.71   -373.07    416.32   1.15   0.95  -0.03
1996-12-19T06:54:41.947     93.93   -156.35   -375.37    417.34   1.15   0.95  -0.03
1996-12-19T06:54:42.281     96.39   -153.16   -376.39    417.63   1.15   0.95  -0.03
1996-12-19T06:54:42.614     96.52   -157.08   -375.77    418.56   1.15   0.95  -0.03
1996-12-19T06:54:42.947     98.99   -158.98   -375.24    419.38   1.16   0.95  -0.03
1996-12-19T06:54:43.281     98.81   -163.86   -376.40    422.25   1.16   0.95  -0.03
1996-12-19T06:54:43.614     97.43   -164.96   -376.10    422.08   1.16   0.95  -0.03
1996-12-19T06:54:43.947     94.62   -161.67   -380.31    423.94   1.16   0.95  -0.03
1996-12-19T06:54:44.281     95.98   -164.18   -379.23    424.24   1.16   0.95  -0.03
1996-12-19T06:54:44.614     93.22   -167.84   -379.28    425.10   1.16   0.94  -0.03
1996-12-19T06:54:44.947     95.02   -167.18   -379.45    425.40   1.16   0.94  -0.03
1996-12-19T06:54:45.281     93.41   -166.25   -378.97    424.25   1.16   0.94  -0.03
1996-12-19T06:54:45.614     93.62   -165.19   -378.62    423.57   1.16   0.94  -0.03
1996-12-19T06:54:45.947     94.86   -162.78   -377.11    421.55   1.16   0.94  -0.03
1996-12-19T06:54:46.281     99.31   -165.30   -375.95    422.52   1.17   0.94  -0.03
1996-12-19T06:54:46.614    101.65   -166.44   -371.28    419.38   1.17   0.94  -0.03
1996-12-19T06:54:46.947    104.08   -160.53   -371.21    417.61   1.17   0.94  -0.03
1996-12-19T06:54:47.281    103.35   -158.85   -367.90    413.84   1.17   0.94  -0.03
1996-12-19T06:54:47.614    101.52   -160.39   -364.43    410.90   1.17   0.94  -0.03
1996-12-19T06:54:47.947    104.75   -161.34   -363.04    410.85   1.17   0.94  -0.03
1996-12-19T06:54:48.281    104.05   -155.80   -362.37    407.93   1.17   0.94  -0.03
1996-12-19T06:54:48.614    101.44   -158.37   -360.95    407.01   1.17   0.94  -0.03
1996-12-19T06:54:48.947    103.93   -155.65   -369.58    414.27   1.17   0.93  -0.03
1996-12-19T06:54:49.281    104.60   -155.34   -371.26    415.82   1.17   0.93  -0.03
1996-12-19T06:54:49.614    101.17   -161.55   -376.86    422.32   1.18   0.93  -0.03
1996-12-19T06:54:49.947    100.41   -160.58   -380.66    425.17   1.18   0.93  -0.03
1996-12-19T06:54:50.281    100.82   -163.52   -381.22    426.88   1.18   0.93  -0.03
1996-12-19T06:54:50.614     98.41   -159.67   -385.71    428.90   1.18   0.93  -0.03
1996-12-19T06:54:50.947    103.43   -164.05   -387.04    432.91   1.18   0.93  -0.03
1996-12-19T06:54:51.281    102.12   -161.71   -388.90    433.39   1.18   0.93  -0.03
1996-12-19T06:54:51.614    101.13   -162.95   -387.14    432.04   1.18   0.93  -0.03
1996-12-19T06:54:51.947     99.88   -161.20   -388.19    432.03   1.18   0.93  -0.03
1996-12-19T06:54:52.281     99.65   -163.82   -387.08    431.97   1.18   0.93  -0.03
1996-12-19T06:54:52.614     98.95   -161.13   -384.46    428.45   1.18   0.93  -0.03
1996-12-19T06:54:52.947     98.71   -160.59   -385.08    428.75   1.19   0.93  -0.03
1996-12-19T06:54:53.281     93.64   -160.63   -388.12    430.35   1.19   0.93  -0.03
1996-12-19T06:54:53.614     91.46   -159.42   -384.31    425.99   1.19   0.92  -0.03
1996-12-19T06:54:53.947     91.71   -161.91   -382.02    424.93   1.19   0.92  -0.03
1996-12-19T06:54:54.281     91.12   -164.22   -381.54    425.25   1.19   0.92  -0.03
1996-12-19T06:54:54.614     93.12   -163.24   -383.76    427.31   1.19   0.92  -0.03
1996-12-19T06:54:54.947     91.28   -164.16   -382.61    426.23   1.19   0.92  -0.03
1996-12-19T06:54:55.281     94.74   -164.67   -381.37    426.06   1.19   0.92  -0.03
1996-12-19T06:54:55.614     97.82   -167.76   -382.03    428.56   1.19   0.92  -0.03
1996-12-19T06:54:55.947     96.25   -167.63   -384.05    429.95   1.19   0.92  -0.03
1996-12-19T06:54:56.281     97.07   -167.54   -381.71    428.01   1.19   0.92  -0.03
1996-12-19T06:54:56.614     99.20   -166.63   -384.30    430.46   1.20   0.92  -0.03
1996-12-19T06:54:56.947     97.38   -170.09   -383.56    430.73   1.20   0.92  -0.03
1996-12-19T06:54:57.281     98.47   -170.43   -385.77    433.09   1.20   0.92  -0.03
1996-12-19T06:54:57.614     93.71   -167.61   -385.26    430.46   1.20   0.92  -0.03
1996-12-19T06:54:57.947     96.80   -167.45   -388.53    434.01   1.20   0.92  -0.03
1996-12-19T06:54:58.281     99.84   -167.03   -389.49    435.40   1.20   0.91  -0.03
1996-12-19T06:54:58.614    100.35   -169.21   -388.40    435.38   1.20   0.91  -0.03
1996-12-19T06:54:58.947     99.22   -169.47   -384.42    431.68   1.20   0.91  -0.03
1996-12-19T06:54:59.280     95.92   -171.79   -386.36    433.57   1.20   0.91  -0.03
1996-12-19T06:54:59.614     96.30   -168.67   -386.08    432.18   1.20   0.91  -0.03
1996-12-19T06:54:59.947     99.22   -170.22   -386.94    434.22   1.21   0.91  -0.03
1996-12-19T06:55:00.281     97.29   -167.41   -388.50    434.08   1.21   0.91  -0.03
1996-12-19T06:55:00.614     99.89   -169.26   -389.60    436.36   1.21   0.91  -0.03
1996-12-19T06:55:00.947    102.36   -165.09   -390.43    436.08   1.21   0.91  -0.03
1996-12-19T06:55:01.280     97.97   -163.93   -389.39    433.70   1.21   0.91  -0.03
1996-12-19T06:55:01.614    100.95   -168.72   -390.04    436.80   1.21   0.91  -0.03
1996-12-19T06:55:01.947    102.24   -167.81   -388.87    435.70   1.21   0.91  -0.03
1996-12-19T06:55:02.281    102.10   -162.72   -392.31    436.82   1.21   0.91  -0.03
1996-12-19T06:55:02.614    111.88   -164.00   -388.20    436.02   1.21   0.91  -0.03
1996-12-19T06:55:02.947    109.19   -173.26   -386.28    437.21   1.21   0.90  -0.03
1996-12-19T06:55:03.280    110.73   -176.58   -386.68    439.28   1.22   0.90  -0.03
1996-12-19T06:55:03.614    109.88   -173.39   -390.02    440.74   1.22   0.90  -0.03
1996-12-19T06:55:03.947    108.20   -167.61   -391.54    439.43   1.22   0.90  -0.03
1996-12-19T06:55:04.281    109.45   -167.27   -394.41    442.17   1.22   0.90  -0.03
1996-12-19T06:55:04.614    102.78   -168.25   -393.67    440.28   1.22   0.90  -0.03
1996-12-19T06:55:04.947    107.42   -167.72   -393.25    440.81   1.22   0.90  -0.03
1996-12-19T06:55:05.280    103.86   -160.80   -395.78    439.64   1.22   0.90  -0.03
1996-12-19T06:55:05.614    102.71   -164.70   -395.00    440.12   1.22   0.90  -0.03
1996-12-19T06:55:05.947    103.91   -171.45   -394.91    442.88   1.22   0.90  -0.03
1996-12-19T06:55:06.281    106.38   -170.71   -395.10    443.35   1.22   0.90  -0.03
1996-12-19T06:55:06.614    111.74   -170.08   -392.66    442.26   1.23   0.90  -0.03
1996-12-19T06:55:06.947    113.06   -170.05   -389.40    439.70   1.23   0.90  -0.03
1996-12-19T06:55:07.280    111.42   -169.49   -391.07    440.54   1.23   0.90  -0.03
1996-12-19T06:55:07.614    107.61   -168.23   -391.04    439.09   1.23   0.89  -0.03
1996-12-19T06:55:07.947    106.86   -166.64   -390.79    438.07   1.23   0.89  -0.03
1996-12-19T06:55:08.281    106.01   -167.52   -390.23    437.70   1.23   0.89  -0.03
1996-12-19T06:55:08.614    103.74   -168.12   -393.12    439.97   1.23   0.89  -0.03
1996-12-19T06:55:08.947    100.23   -166.34   -394.39    439.61   1.23   0.89  -0.03
1996-12-19T06:55:09.280    104.51   -164.73   -395.48    440.98   1.23   0.89  -0.03
1996-12-19T06:55:09.614    106.31   -169.72   -396.44    444.15   1.23   0.89  -0.03
1996-12-19T06:55:09.947    104.03   -165.53   -396.22    441.83   1.24   0.89  -0.03
1996-12-19T06:55:10.281    103.34   -170.78   -394.21    441.87   1.24   0.89  -0.03
1996-12-19T06:55:10.614    109.24   -170.43   -393.14    442.20   1.24   0.89  -0.03
1996-12-19T06:55:10.947    106.79   -170.48   -393.30    441.75   1.24   0.89  -0.03
1996-12-19T06:55:11.280    103.51   -173.61   -394.93    443.65   1.24   0.89  -0.03
1996-12-19T06:55:11.614    101.47   -170.14   -397.75    444.35   1.24   0.89  -0.03
1996-12-19T06:55:11.947    102.55   -173.32   -394.52    442.94   1.24   0.89  -0.03
1996-12-19T06:55:12.281    102.16   -173.47   -397.74    445.78   1.24   0.88  -0.03
1996-12-19T06:55:12.614    102.71   -173.68   -397.82    446.07   1.24   0.88  -0.03
1996-12-19T06:55:12.947     99.74   -175.30   -397.35    445.60   1.24   0.88  -0.03
1996-12-19T06:55:13.280    102.08   -173.91   -398.21    446.36   1.24   0.88  -0.03
1996-12-19T06:55:13.614     98.62   -175.26   -396.97    445.00   1.25   0.88  -0.03
1996-12-19T06:55:13.947     97.49   -172.23   -398.46    444.90   1.25   0.88  -0.03
1996-12-19T06:55:14.281     98.55   -170.95   -398.17    444.38   1.25   0.88  -0.03
1996-12-19T06:55:14.614    100.83   -174.31   -397.24    445.36   1.25   0.88  -0.03
1996-12-19T06:55:14.947     99.39   -172.15   -399.89    446.57   1.25   0.88  -0.03
1996-12-19T06:55:15.280     99.98   -173.06   -398.31    445.64   1.25   0.88  -0.03
1996-12-19T06:55:15.614     98.80   -174.81   -397.41    445.26   1.25   0.88  -0.03
1996-12-19T06:55:15.947     93.63   -174.85   -399.15    445.71   1.25   0.88  -0.03
1996-12-19T06:55:16.281     97.78   -174.41   -398.75    446.08   1.25   0.88  -0.03
1996-12-19T06:55:16.614     94.91   -174.88   -399.78    446.56   1.25   0.87  -0.03
1996-12-19T06:55:16.947    103.12   -178.04   -394.79    445.19   1.26   0.87  -0.03
1996-12-19T06:55:17.280    100.54   -179.83   -396.41    446.75   1.26   0.87  -0.03
1996-12-19T06:55:17.614     97.83   -181.34   -396.59    446.92   1.26   0.87  -0.03
1996-12-19T06:55:17.947     95.49   -178.45   -397.00    445.61   1.26   0.87  -0.03
1996-12-19T06:55:18.281     94.69   -178.24   -394.99    443.57   1.26   0.87  -0.03
1996-12-19T06:55:18.614     93.38   -174.09   -398.44    444.72   1.26   0.87  -0.03
1996-12-19T06:55:18.947     94.95   -174.28   -397.87    444.62   1.26   0.87  -0.03
1996-12-19T06:55:19.280     95.09   -173.59   -398.30    444.77   1.26   0.87  -0.03
1996-12-19T06:55:19.614     90.36   -175.30   -397.82    444.03   1.26   0.87  -0.03
1996-12-19T06:55:19.947     91.63   -174.87   -398.26    444.51   1.26   0.87  -0.03
1996-12-19T06:55:20.281     87.64   -177.77   -396.97    443.70   1.27   0.87  -0.03
1996-12-19T06:55:20.614     91.78   -174.68   -395.25    441.77   1.27   0.87  -0.03
1996-12-19T06:55:20.947     91.87   -172.21   -397.45    442.79   1.27   0.87  -0.03
1996-12-19T06:55:21.280     91.76   -176.69   -392.98    440.54   1.27   0.86  -0.03
1996-12-19T06:55:21.614     93.53   -180.25   -394.54    443.73   1.27   0.86  -0.03
1996-12-19T06:55:21.947     92.53   -179.90   -394.52    443.36   1.27   0.86  -0.03
1996-12-19T06:55:22.281     94.23   -181.65   -394.59    444.50   1.27   0.86  -0.03
1996-12-19T06:55:22.614     93.27   -181.31   -396.21    445.60   1.27   0.86  -0.03
1996-12-19T06:55:22.947     91.46   -181.19   -396.03    445.01   1.27   0.86  -0.03
1996-12-19T06:55:23.280     90.86   -183.02   -397.16    446.64   1.27   0.86  -0.03
1996-12-19T06:55:23.614     88.23   -181.52   -395.70    444.20   1.28   0.86  -0.03
1996-12-19T06:55:23.947     91.72   -180.80   -394.91    443.90   1.28   0.86  -0.03
1996-12-19T06:55:24.281     91.36   -180.74   -399.56    447.95   1.28   0.86  -0.03
1996-12-19T06:55:24.614     91.10   -180.84   -399.54    447.92   1.28   0.86  -0.03
1996-12-19T06:55:24.947     92.45   -179.50   -398.31    446.56   1.28   0.86  -0.03
1996-12-19T06:55:25.280     89.95   -179.68   -399.21    446.93   1.28   0.86  -0.03
1996-12-19T06:55:25.614     89.25   -179.57   -397.24    444.98   1.28   0.86  -0.03
1996-12-19T06:55:25.947     86.67   -180.66   -395.52    443.38   1.28   0.85  -0.03
1996-12-19T06:55:26.281     90.81   -177.98   -397.60    444.98   1.28   0.85  -0.03
1996-12-19T06:55:26.614     95.95   -178.79   -400.09    448.60   1.28   0.85  -0.03
1996-12-19T06:55:26.947     96.51   -172.27   -399.98    446.06   1.28   0.85  -0.03
1996-12-19T06:55:27.280     95.50   -171.98   -403.43    448.84   1.29   0.85  -0.03
1996-12-19T06:55:27.614     94.24   -173.45   -400.05    446.11   1.29   0.85  -0.03
1996-12-19T06:55:27.947     93.30   -172.06   -400.12    445.42   1.29   0.85  -0.03
1996-12-19T06:55:28.281     93.02   -174.38   -399.45    445.67   1.29   0.85  -0.03
1996-12-19T06:55:28.614     91.33   -175.92   -398.23    444.83   1.29   0.85  -0.03
1996-12-19T06:55:28.947     94.55   -174.89   -399.82    446.52   1.29   0.85  -0.03
1996-12-19T06:55:29.280     94.56   -174.44   -399.31    445.89   1.29   0.85  -0.03
1996-12-19T06:55:29.614     94.58   -172.17   -397.95    443.79   1.29   0.85  -0.03
1996-12-19T06:55:29.947     91.78   -176.60   -397.40    444.46   1.29   0.85  -0.03
1996-12-19T06:55:30.281     94.76   -177.09   -398.24    446.02   1.29   0.85  -0.03
1996-12-19T06:55:30.614     95.23   -176.12   -399.79    447.12   1.30   0.84  -0.03
1996-12-19T06:55:30.947     92.36   -176.89   -396.74    444.10   1.30   0.84  -0.03
1996-12-19T06:55:31.280     96.50   -176.66   -400.37    448.13   1.30   0.84  -0.03
1996-12-19T06:55:31.614     94.40   -178.72   -398.97    447.25   1.30   0.84  -0.03
1996-12-19T06:55:31.947     94.55   -177.73   -398.87    446.79   1.30   0.84  -0.03
1996-12-19T06:55:32.281     96.01   -179.43   -398.67    447.61   1.30   0.84  -0.03
1996-12-19T06:55:32.614     96.59   -177.40   -396.33    444.83   1.30   0.84  -0.03
1996-12-19T06:55:32.947     98.96   -180.81   -395.42    445.92   1.30   0.84  -0.03
1996-12-19T06:55:33.280     97.63   -180.24   -395.54    445.50   1.30   0.84  -0.03
1996-12-19T06:55:33.614     99.65   -177.91   -397.50    446.75   1.30   0.84  -0.03
1996-12-19T06:55:33.947     98.20   -177.22   -396.07    444.88   1.31   0.84  -0.03
1996-12-19T06:55:34.281     98.61   -177.57   -396.47    445.47   1.31   0.84  -0.03
1996-12-19T06:55:34.614     95.77   -179.00   -397.23    446.10   1.31   0.84  -0.03
1996-12-19T06:55:34.947     96.11   -177.93   -396.52    445.11   1.31   0.84  -0.03
1996-12-19T06:55:35.280     99.26   -177.89   -399.16    448.14   1.31   0.83  -0.03
1996-12-19T06:55:35.614    100.41   -177.65   -398.03    447.29   1.31   0.83  -0.03
1996-12-19T06:55:35.947     99.19   -176.30   -396.97    445.54   1.31   0.83  -0.03
1996-12-19T06:55:36.281    100.27   -176.04   -396.74    445.48   1.31   0.83  -0.03
1996-12-19T06:55:36.614     98.77   -176.16   -399.26    447.43   1.31   0.83  -0.03
1996-12-19T06:55:36.947     96.50   -175.67   -397.89    445.52   1.31   0.83  -0.03
1996-12-19T06:55:37.280     98.17   -179.14   -396.24    445.80   1.32   0.83  -0.03
1996-12-19T06:55:37.614     93.60   -176.67   -397.91    445.31   1.32   0.83  -0.03
1996-12-19T06:55:37.947     94.80   -175.32   -398.24    445.33   1.32   0.83  -0.03
1996-12-19T06:55:38.281     95.83   -181.04   -395.09    445.03   1.32   0.83  -0.03
1996-12-19T06:55:38.614     95.27   -176.07   -397.36    444.94   1.32   0.83  -0.03
1996-12-19T06:55:38.947     92.15   -179.37   -396.06    444.44   1.32   0.83  -0.03
1996-12-19T06:55:39.280     92.68   -176.95   -396.88    444.32   1.32   0.83  -0.03
1996-12-19T06:55:39.614     94.16   -178.11   -395.36    443.73   1.32   0.82  -0.03
1996-12-19T06:55:39.947     94.45   -177.85   -393.20    441.76   1.32   0.82  -0.03
1996-12-19T06:55:40.281     95.01   -177.22   -393.32    441.74   1.32   0.82  -0.03
1996-12-19T06:55:40.614     96.06   -172.48   -394.88    441.48   1.32   0.82  -0.03
1996-12-19T06:55:40.947     93.52   -176.87   -395.52    443.25   1.33   0.82  -0.03
1996-12-19T06:55:41.280     93.80   -179.43   -394.98    443.84   1.33   0.82  -0.03
1996-12-19T06:55:41.614     92.76   -179.50   -394.05    442.83   1.33   0.82  -0.03
1996-12-19T06:55:41.947     91.74   -180.53   -394.94    443.83   1.33   0.82  -0.03
1996-12-19T06:55:42.281     95.39   -179.06   -391.74    441.16   1.33   0.82  -0.03
1996-12-19T06:55:42.614     91.21   -179.45   -392.64    441.23   1.33   0.82  -0.03
1996-12-19T06:55:42.947     87.85   -180.67   -391.41    439.96   1.33   0.82  -0.03
1996-12-19T06:55:43.280     88.67   -182.31   -393.92    443.02   1.33   0.82  -0.03
1996-12-19T06:55:43.614     88.83   -183.44   -389.55    439.65   1.33   0.82  -0.03
1996-12-19T06:55:43.947     86.23   -181.43   -392.28    440.72   1.33   0.82  -0.03
1996-12-19T06:55:44.281     83.53   -180.78   -390.96    438.76   1.34   0.81  -0.03
1996-12-19T06:55:44.614     84.75   -178.84   -391.48    438.66   1.34   0.81  -0.03
1996-12-19T06:55:44.947     83.99   -178.10   -389.85    436.75   1.34   0.81  -0.03
1996-12-19T06:55:45.280     83.64   -179.72   -390.83    438.22   1.34   0.81  -0.03
1996-12-19T06:55:45.614     79.20   -181.50   -390.06    437.45   1.34   0.81  -0.03
1996-12-19T06:55:45.947     85.26   -181.54   -388.67    437.37   1.34   0.81  -0.03
1996-12-19T06:55:46.281     85.50   -179.04   -388.88    436.57   1.34   0.81  -0.03
1996-12-19T06:55:46.614     82.89   -181.06   -385.22    433.64   1.34   0.81  -0.03
1996-12-19T06:55:46.947     87.23   -180.47   -384.15    433.31   1.34   0.81  -0.03
1996-12-19T06:55:47.280     83.87   -178.01   -384.98    432.35   1.34   0.81  -0.03
1996-12-19T06:55:47.614     86.75   -175.41   -387.06    433.72   1.35   0.81  -0.03
1996-12-19T06:55:47.947     86.13   -175.24   -386.39    432.93   1.35   0.81  -0.03
1996-12-19T06:55:48.281     88.47   -176.51   -387.13    434.57   1.35   0.81  -0.03
1996-12-19T06:55:48.614     87.02   -177.37   -384.56    432.34   1.35   0.81  -0.03
1996-12-19T06:55:48.947     85.96   -176.50   -387.18    434.11   1.35   0.80  -0.03
1996-12-19T06:55:49.280     85.08   -174.70   -387.21    433.23   1.35   0.80  -0.03
1996-12-19T06:55:49.614     89.30   -173.31   -382.91    429.69   1.35   0.80  -0.03
1996-12-19T06:55:49.947     86.45   -175.36   -385.57    432.31   1.35   0.80  -0.03
1996-12-19T06:55:50.281     86.48   -173.88   -385.22    431.40   1.35   0.80  -0.03
1996-12-19T06:55:50.614     87.25   -174.99   -384.64    431.49   1.35   0.80  -0.03
1996-12-19T06:55:50.947     88.15   -175.64   -385.84    433.01   1.36   0.80  -0.03
1996-12-19T06:55:51.280     84.81   -173.87   -386.12    431.87   1.36   0.80  -0.03
1996-12-19T06:55:51.614     82.15   -174.43   -386.29    431.73   1.36   0.80  -0.03
1996-12-19T06:55:51.947     81.79   -174.80   -385.75    431.33   1.36   0.80  -0.03
1996-12-19T06:55:52.281     85.84   -180.00   -383.18    431.96   1.36   0.80  -0.03
1996-12-19T06:55:52.614     81.71   -175.82   -386.41    432.32   1.36   0.80  -0.03
1996-12-19T06:55:52.947     87.97   -173.40   -387.75    433.77   1.36   0.80  -0.03
1996-12-19T06:55:53.280     88.00   -171.97   -385.90    431.55   1.36   0.80  -0.03
1996-12-19T06:55:53.614     87.75   -173.65   -385.87    432.14   1.36   0.79  -0.03
1996-12-19T06:55:53.947     89.61   -175.01   -385.56    432.80   1.36   0.79  -0.03
1996-12-19T06:55:54.281     92.56   -176.34   -385.17    433.61   1.36   0.79  -0.03
1996-12-19T06:55:54.614     91.64   -170.16   -385.96    431.64   1.37   0.79  -0.03
1996-12-19T06:55:54.947     89.02   -176.21   -386.06    433.61   1.37   0.79  -0.03
1996-12-19T06:55:55.280     90.02   -173.81   -384.04    431.05   1.37   0.79  -0.03
1996-12-19T06:55:55.614     90.24   -174.92   -386.43    433.67   1.37   0.79  -0.03
1996-12-19T06:55:55.947     93.76   -173.05   -384.41    431.87   1.37   0.79  -0.03
1996-12-19T06:55:56.281     96.06   -168.88   -383.07    429.52   1.37   0.79  -0.03
1996-12-19T06:55:56.614     96.35   -167.40   -386.32    431.92   1.37   0.79  -0.03
1996-12-19T06:55:56.947     97.86   -165.38   -386.84    431.94   1.37   0.79  -0.03
1996-12-19T06:55:57.281     98.18   -167.69   -388.26    434.17   1.37   0.79  -0.03
1996-12-19T06:55:57.614    100.32   -172.51   -387.12    435.53   1.37   0.79  -0.03
1996-12-19T06:55:57.947     98.14   -168.92   -386.38    432.96   1.38   0.78  -0.03
1996-12-19T06:55:58.281     94.48   -168.95   -385.66    431.51   1.38   0.78  -0.03
1996-12-19T06:55:58.614     92.58   -173.31   -386.06    433.18   1.38   0.78  -0.03
1996-12-19T06:55:58.947     92.41   -169.77   -388.36    433.80   1.38   0.78  -0.03
1996-12-19T06:55:59.281     93.08   -173.10   -384.05    431.41   1.38   0.78  -0.03
1996-12-19T06:55:59.614     92.75   -171.26   -386.70    432.98   1.38   0.78  -0.03
1996-12-19T06:55:59.947     92.16   -172.29   -388.24    434.64   1.38   0.78  -0.03
1996-12-19T06:56:00.281     97.03   -169.23   -387.86    434.16   1.38   0.78  -0.03
1996-12-19T06:56:00.614     96.84   -167.59   -388.19    433.77   1.38   0.78  -0.03
1996-12-19T06:56:00.947     95.62   -170.30   -387.80    434.21   1.38   0.78  -0.03
1996-12-19T06:56:01.281    101.69   -172.50   -387.07    435.80   1.39   0.78  -0.03
1996-12-19T06:56:01.614     98.38   -172.54   -385.87    433.98   1.39   0.78  -0.03
1996-12-19T06:56:01.947     99.13   -172.87   -386.63    434.96   1.39   0.78  -0.03
1996-12-19T06:56:02.281     93.64   -176.35   -388.98    437.23   1.39   0.78  -0.03
1996-12-19T06:56:02.614     91.16   -178.58   -387.91    436.66   1.39   0.77  -0.03
1996-12-19T06:56:02.947     91.25   -178.10   -388.69    437.18   1.39   0.77  -0.03
1996-12-19T06:56:03.281     88.93   -176.62   -387.17    434.75   1.39   0.77  -0.03
1996-12-19T06:56:03.614     88.04   -176.95   -389.72    436.97   1.39   0.77  -0.03
1996-12-19T06:56:03.947     83.78   -176.32   -389.22    435.43   1.39   0.77  -0.03
1996-12-19T06:56:04.281     82.11   -180.07   -388.02    435.57   1.39   0.77  -0.03
1996-12-19T06:56:04.614     84.51   -183.08   -389.43    438.54   1.40   0.77  -0.03
1996-12-19T06:56:04.947     86.70   -181.46   -384.48    433.90   1.40   0.77  -0.03
1996-12-19T06:56:05.281     84.24   -181.38   -386.42    435.11   1.40   0.77  -0.03
1996-12-19T06:56:05.614     83.94   -181.34   -387.58    436.06   1.40   0.77  -0.03
1996-12-19T06:56:05.947     85.96   -178.83   -384.99    433.11   1.40   0.77  -0.03
1996-12-19T06:56:06.281     85.59   -180.00   -387.22    435.51   1.40   0.77  -0.03
1996-12-19T06:56:06.614     83.52   -182.01   -386.08    434.92   1.40   0.77  -0.03
1996-12-19T06:56:06.947     82.23   -184.22   -385.92    435.47   1.40   0.77  -0.03
1996-12-19T06:56:07.281     81.83   -184.13   -387.83    437.05   1.40   0.76  -0.03
1996-12-19T06:56:07.614     87.67   -182.50   -384.90    434.90   1.40   0.76  -0.03
1996-12-19T06:56:07.947     87.33   -183.07   -387.68    437.53   1.40   0.76  -0.03
1996-12-19T06:56:08.281     84.61   -182.20   -386.90    435.94   1.41   0.76  -0.03
1996-12-19T06:56:08.614     82.28   -181.90   -385.77    434.37   1.41   0.76  -0.03
1996-12-19T06:56:08.947     81.29   -185.18   -385.96    435.74   1.41   0.76  -0.03
1996-12-19T06:56:09.281     83.09   -181.82   -385.21    433.99   1.41   0.76  -0.03
1996-12-19T06:56:09.614     80.27   -183.19   -386.60    435.27   1.41   0.76  -0.03
1996-12-19T06:56:09.947     81.53   -182.87   -387.83    436.46   1.41   0.76  -0.03
1996-12-19T06:56:10.281     80.73   -183.25   -387.21    435.93   1.41   0.76  -0.03
1996-12-19T06:56:10.614     83.23   -185.05   -382.38    432.88   1.41   0.76  -0.03
1996-12-19T06:56:10.947     83.14   -184.84   -385.73    435.74   1.41   0.76  -0.03
1996-12-19T06:56:11.281     86.55   -184.67   -385.22    435.87   1.41   0.76  -0.03
1996-12-19T06:56:11.614     87.45   -181.99   -387.57    437.01   1.42   0.76  -0.03
1996-12-19T06:56:11.947     85.56   -181.74   -386.47    435.55   1.42   0.75  -0.03
1996-12-19T06:56:12.281     85.70   -183.24   -387.06    436.74   1.42   0.75  -0.03
1996-12-19T06:56:12.614     84.95   -182.62   -388.57    437.67   1.42   0.75  -0.03
1996-12-19T06:56:12.947     87.51   -182.25   -386.63    436.29   1.42   0.75  -0.03
1996-12-19T06:56:13.281     83.26   -181.61   -387.99    436.41   1.42   0.75  -0.03
1996-12-19T06:56:13.614     82.69   -183.07   -387.99    436.90   1.42   0.75  -0.03
1996-12-19T06:56:13.947     82.36   -181.31   -388.07    436.18   1.42   0.75  -0.03
1996-12-19T06:56:14.281     84.97   -183.32   -388.17    437.61   1.42   0.75  -0.03
1996-12-19T06:56:14.614     86.18   -184.13   -390.09    439.88   1.42   0.75  -0.03
1996-12-19T06:56:14.947     83.62   -184.75   -389.28    438.94   1.43   0.75  -0.03
1996-12-19T06:56:15.281     85.16   -185.64   -390.42    440.61   1.43   0.75  -0.03
1996-12-19T06:56:15.614     86.44   -182.12   -389.17    438.29   1.43   0.75  -0.03
1996-12-19T06:56:15.947     83.53   -185.28   -390.50    440.22   1.43   0.75  -0.03
1996-12-19T06:56:16.281     82.15   -185.01   -391.27    440.54   1.43   0.74  -0.03
1996-12-19T06:56:16.614     82.16   -185.85   -387.10    437.19   1.43   0.74  -0.03
1996-12-19T06:56:16.947     83.89   -185.19   -389.50    439.37   1.43   0.74  -0.03
1996-12-19T06:56:17.281     86.13   -185.95   -390.02    440.58   1.43   0.74  -0.03
1996-12-19T06:56:17.614     87.21   -185.44   -389.27    439.92   1.43   0.74  -0.03
1996-12-19T06:56:17.947     87.78   -186.05   -389.30    440.31   1.43   0.74  -0.03
1996-12-19T06:56:18.281     81.99   -185.10   -388.61    438.18   1.43   0.74  -0.03
1996-12-19T06:56:18.614     86.01   -184.40   -391.81    441.49   1.44   0.74  -0.03
1996-12-19T06:56:18.947     85.79   -185.96   -390.73    441.14   1.44   0.74  -0.03
1996-12-19T06:56:19.281     89.60   -185.41   -391.52    442.37   1.44   0.74  -0.03
1996-12-19T06:56:19.614     88.97   -182.80   -389.47    439.34   1.44   0.74  -0.03
1996-12-19T06:56:19.947     87.79   -183.33   -389.48    439.33   1.44   0.74  -0.03
1996-12-19T06:56:20.281     88.41   -183.79   -389.94    440.06   1.44   0.74  -0.03
1996-12-19T06:56:20.614     94.14   -182.93   -389.55    440.53   1.44   0.74  -0.03
1996-12-19T06:56:20.947     90.04   -186.14   -387.73    439.42   1.44   0.73  -0.03
1996-12-19T06:56:21.281     90.46   -189.58   -387.51    440.78   1.44   0.73  -0.03
1996-12-19T06:56:21.614     94.88   -187.48   -386.25    439.70   1.44   0.73  -0.03
1996-12-19T06:56:21.947     94.02   -187.19   -388.28    441.18   1.45   0.73  -0.03
1996-12-19T06:56:22.281     90.04   -184.47   -388.59    439.48   1.45   0.73  -0.03
1996-12-19T06:56:22.614     95.74   -186.49   -385.88    439.14   1.45   0.73  -0.03
1996-12-19T06:56:22.947     94.24   -185.98   -391.01    443.12   1.45   0.73  -0.03
1996-12-19T06:56:23.281     95.64   -186.48   -388.35    441.29   1.45   0.73  -0.03
1996-12-19T06:56:23.614     96.13   -187.11   -387.47    440.89   1.45   0.73  -0.03
1996-12-19T06:56:23.947     91.28   -185.16   -388.16    439.65   1.45   0.73  -0.03
1996-12-19T06:56:24.281     92.32   -184.62   -389.68    440.98   1.45   0.73  -0.03
1996-12-19T06:56:24.614     95.17   -185.54   -390.03    442.27   1.45   0.73  -0.03
1996-12-19T06:56:24.947     95.97   -181.48   -387.90    438.88   1.45   0.73  -0.03
1996-12-19T06:56:25.281     99.82   -179.96   -389.68    440.68   1.46   0.73  -0.03
1996-12-19T06:56:25.614    101.68   -184.43   -387.70    441.21   1.46   0.72  -0.03
1996-12-19T06:56:25.947     97.45   -187.09   -385.61    439.54   1.46   0.72  -0.03
1996-12-19T06:56:26.281     97.90   -189.04   -386.18    440.97   1.46   0.72  -0.03
1996-12-19T06:56:26.614     93.01   -184.02   -386.62    438.16   1.46   0.72  -0.03
1996-12-19T06:56:26.947     97.51   -182.47   -387.64    439.40   1.46   0.72  -0.03
1996-12-19T06:56:27.281    100.21   -183.91   -388.21    441.10   1.46   0.72  -0.03
1996-12-19T06:56:27.614     95.54   -182.02   -388.60    439.63   1.46   0.72  -0.03
1996-12-19T06:56:27.947     99.78   -179.78   -388.46    439.53   1.46   0.72  -0.03
1996-12-19T06:56:28.281     98.78   -181.38   -389.27    440.66   1.46   0.72  -0.03
1996-12-19T06:56:28.614    102.13   -182.06   -387.51    440.16   1.46   0.72  -0.03
1996-12-19T06:56:28.947    104.49   -181.96   -388.65    441.67   1.47   0.72  -0.03
1996-12-19T06:56:29.281    104.60   -179.12   -388.43    440.34   1.47   0.72  -0.03
1996-12-19T06:56:29.614    105.21   -174.90   -387.93    438.35   1.47   0.72  -0.03
1996-12-19T06:56:29.947    107.32   -179.67   -387.65    440.53   1.47   0.72  -0.03
1996-12-19T06:56:30.281     99.36   -182.06   -388.51    440.40   1.47   0.71  -0.03
1996-12-19T06:56:30.614    103.86   -181.34   -388.56    441.19   1.47   0.71  -0.03
1996-12-19T06:56:30.947    103.62   -183.68   -386.14    439.98   1.47   0.71  -0.03
1996-12-19T06:56:31.281    102.58   -184.32   -385.72    439.63   1.47   0.71  -0.03
1996-12-19T06:56:31.614     96.98   -187.51   -388.04    441.75   1.47   0.71  -0.03
1996-12-19T06:56:31.947     91.51   -186.22   -390.14    441.88   1.47   0.71  -0.03
1996-12-19T06:56:32.281     93.36   -182.44   -386.08    437.11   1.48   0.71  -0.03
1996-12-19T06:56:32.614     90.84   -186.93   -388.71    440.79   1.48   0.71  -0.03
1996-12-19T06:56:32.947     90.91   -184.67   -388.55    439.70   1.48   0.71  -0.03
1996-12-19T06:56:33.281     89.92   -186.69   -385.45    437.62   1.48   0.71  -0.03
1996-12-19T06:56:33.614     88.98   -185.12   -387.79    438.83   1.48   0.71  -0.03
1996-12-19T06:56:33.947     91.36   -186.81   -389.26    441.33   1.48   0.71  -0.03
1996-12-19T06:56:34.281     92.94   -185.84   -389.17    441.16   1.48   0.71  -0.03
1996-12-19T06:56:34.614     93.56   -183.91   -387.96    439.42   1.48   0.70  -0.03
1996-12-19T06:56:34.947     94.16   -184.86   -386.39    438.56   1.48   0.70  -0.03
1996-12-19T06:56:35.281     91.20   -186.46   -389.08    440.98   1.48   0.70  -0.03
1996-12-19T06:56:35.614     92.54   -186.08   -387.01    439.28   1.49   0.70  -0.03
1996-12-19T06:56:35.947     91.89   -186.50   -388.41    440.56   1.49   0.70  -0.03
1996-12-19T06:56:36.281     92.44   -186.65   -389.09    441.33   1.49   0.70  -0.03
1996-12-19T06:56:36.614     92.59   -189.28   -386.58    440.28   1.49   0.70  -0.03
1996-12-19T06:56:36.947     92.96   -186.54   -387.74    440.20   1.49   0.70  -0.03
1996-12-19T06:56:37.281     88.68   -185.30   -387.87    438.92   1.49   0.70  -0.03
1996-12-19T06:56:37.614     88.29   -188.87   -388.89    441.25   1.49   0.70  -0.03
1996-12-19T06:56:37.947     87.92   -188.77   -391.04    443.03   1.49   0.70  -0.03
1996-12-19T06:56:38.281     87.07   -187.94   -392.25    443.58   1.49   0.70  -0.03
1996-12-19T06:56:38.614     85.79   -189.43   -392.12    443.85   1.49   0.70  -0.03
1996-12-19T06:56:38.947     84.36   -189.63   -389.76    441.58   1.50   0.70  -0.03
1996-12-19T06:56:39.281     83.69   -191.46   -390.71    443.08   1.50   0.69  -0.03
1996-12-19T06:56:39.614     82.95   -189.11   -389.62    440.96   1.50   0.69  -0.03
1996-12-19T06:56:39.947     79.53   -189.70   -390.03    440.95   1.50   0.69  -0.03
1996-12-19T06:56:40.281     82.13   -187.52   -390.54    440.95   1.50   0.69  -0.03
1996-12-19T06:56:40.614     89.41   -189.54   -392.44    444.89   1.50   0.69  -0.03
1996-12-19T06:56:40.947     87.09   -191.06   -391.05    443.86   1.50   0.69  -0.03
1996-12-19T06:56:41.281     84.69   -189.12   -389.95    441.59   1.50   0.69  -0.03
1996-12-19T06:56:41.614     88.06   -185.53   -387.47    438.53   1.50   0.69  -0.03
1996-12-19T06:56:41.947     87.52   -188.83   -390.33    442.35   1.50   0.69  -0.03
1996-12-19T06:56:42.281     86.40   -189.00   -390.46    442.32   1.50   0.69  -0.03
1996-12-19T06:56:42.614     84.02   -187.21   -390.00    440.69   1.51   0.69  -0.03
1996-12-19T06:56:42.947     81.45   -190.84   -392.08    443.60   1.51   0.69  -0.03
1996-12-19T06:56:43.281     80.52   -191.21   -393.06    444.46   1.51   0.69  -0.03
1996-12-19T06:56:43.614     82.16   -190.89   -392.96    444.53   1.51   0.69  -0.03
1996-12-19T06:56:43.947     80.86   -190.16   -392.86    443.89   1.51   0.68  -0.03
1996-12-19T06:56:44.281     78.28   -190.18   -393.09    443.64   1.51   0.68  -0.03
1996-12-19T06:56:44.614     78.80   -192.78   -393.29    445.03   1.51   0.68  -0.03
1996-12-19T06:56:44.947     81.78   -189.12   -391.99    442.84   1.51   0.68  -0.03
1996-12-19T06:56:45.281     74.79   -189.39   -394.44    443.90   1.51   0.68  -0.03
1996-12-19T06:56:45.614     79.08   -191.26   -391.56    442.90   1.51   0.68  -0.03
1996-12-19T06:56:45.947     74.76   -191.69   -390.48    441.38   1.52   0.68  -0.03
1996-12-19T06:56:46.281     78.50   -192.92   -390.31    442.41   1.52   0.68  -0.03
1996-12-19T06:56:46.614     75.76   -193.11   -389.96    441.70   1.52   0.68  -0.03
1996-12-19T06:56:46.947     77.78   -192.78   -390.48    442.36   1.52   0.68  -0.03
1996-12-19T06:56:47.281     79.96   -192.07   -392.39    444.13   1.52   0.68  -0.03
1996-12-19T06:56:47.614     78.65   -191.99   -389.96    441.72   1.52   0.68  -0.03
1996-12-19T06:56:47.947     81.40   -193.43   -389.63    442.56   1.52   0.68  -0.03
1996-12-19T06:56:48.281     80.04   -191.62   -393.32    444.78   1.52   0.67  -0.03
1996-12-19T06:56:48.614     78.39   -193.75   -391.97    444.21   1.52   0.67  -0.03
1996-12-19T06:56:48.947     79.18   -191.17   -389.21    440.79   1.52   0.67  -0.03
1996-12-19T06:56:49.281     78.86   -195.44   -390.26    443.53   1.53   0.67  -0.03
1996-12-19T06:56:49.614     82.08   -193.61   -392.51    445.30   1.53   0.67  -0.03
1996-12-19T06:56:49.947     84.26   -192.38   -389.55    442.56   1.53   0.67  -0.03
1996-12-19T06:56:50.281     80.90   -194.36   -391.38    444.41   1.53   0.67  -0.03
1996-12-19T06:56:50.614     78.52   -193.11   -391.97    443.96   1.53   0.67  -0.03
1996-12-19T06:56:50.947     81.77   -195.64   -393.05    446.60   1.53   0.67  -0.03
1996-12-19T06:56:51.281     80.75   -196.99   -390.54    444.80   1.53   0.67  -0.03
1996-12-19T06:56:51.614     83.43   -196.77   -391.02    445.62   1.53   0.67  -0.03
1996-12-19T06:56:51.947     83.89   -195.94   -389.23    443.77   1.53   0.67  -0.03
1996-12-19T06:56:52.281     85.24   -196.81   -389.93    445.02   1.53   0.67  -0.03
1996-12-19T06:56:52.614     82.95   -195.86   -390.29    444.48   1.53   0.67  -0.03
1996-12-19T06:56:52.947     84.06   -196.66   -390.37    445.12   1.54   0.66  -0.03
1996-12-19T06:56:53.281     84.96   -195.26   -386.77    441.51   1.54   0.66  -0.03
1996-12-19T06:56:53.614     85.51   -192.68   -389.92    443.26   1.54   0.66  -0.03
1996-12-19T06:56:53.947     83.03   -193.63   -389.19    442.55   1.54   0.66  -0.03
1996-12-19T06:56:54.281     85.24   -195.68   -388.54    443.31   1.54   0.66  -0.03
1996-12-19T06:56:54.614     86.47   -194.62   -388.69    443.21   1.54   0.66  -0.03
1996-12-19T06:56:54.947     87.66   -194.52   -388.40    443.14   1.54   0.66  -0.03
1996-12-19T06:56:55.281     88.46   -193.65   -389.51    443.89   1.54   0.66  -0.03
1996-12-19T06:56:55.614     89.32   -194.33   -390.38    445.13   1.54   0.66  -0.03
1996-12-19T06:56:55.947     88.02   -193.31   -392.31    446.12   1.54   0.66  -0.03
1996-12-19T06:56:56.281     85.87   -195.41   -390.48    445.01   1.55   0.66  -0.03
1996-12-19T06:56:56.614     85.93   -192.39   -388.73    442.16   1.55   0.66  -0.03
1996-12-19T06:56:56.947     85.64   -193.38   -388.98    442.75   1.55   0.66  -0.03
1996-12-19T06:56:57.281     86.44   -194.22   -387.34    441.84   1.55   0.66  -0.03
1996-12-19T06:56:57.614     85.80   -196.67   -387.45    442.90   1.55   0.65  -0.03
1996-12-19T06:56:57.947     84.38   -195.98   -388.99    443.67   1.55   0.65  -0.03
1996-12-19T06:56:58.281     86.48   -196.70   -388.89    444.30   1.55   0.65  -0.03
1996-12-19T06:56:58.614     84.75   -196.96   -389.88    444.95   1.55   0.65  -0.03
1996-12-19T06:56:58.947     85.07   -196.09   -389.46    444.26   1.55   0.65  -0.03
1996-12-19T06:56:59.281     83.84   -196.53   -388.00    442.95   1.55   0.65  -0.03
1996-12-19T06:56:59.614     82.72   -197.06   -390.47    445.14   1.56   0.65  -0.03
1996-12-19T06:56:59.947     82.11   -193.40   -388.59    441.76   1.56   0.65  -0.03
1996-12-19T06:57:00.281     81.89   -195.66   -388.73    442.83   1.56   0.65  -0.03
1996-12-19T06:57:00.614     83.01   -196.50   -391.05    445.45   1.56   0.65  -0.03
1996-12-19T06:57:00.947     86.19   -195.50   -388.34    443.23   1.56   0.65  -0.03
1996-12-19T06:57:01.281     84.97   -194.36   -390.92    444.76   1.56   0.65  -0.03
1996-12-19T06:57:01.614     82.21   -193.85   -389.77    443.01   1.56   0.65  -0.03
1996-12-19T06:57:01.947     79.29   -195.07   -390.54    443.69   1.56   0.64  -0.03
1996-12-19T06:57:02.281     81.70   -193.58   -391.60    444.41   1.56   0.64  -0.03
1996-12-19T06:57:02.614     82.71   -192.26   -389.29    441.99   1.56   0.64  -0.03
1996-12-19T06:57:02.947     82.96   -195.35   -390.11    444.11   1.56   0.64  -0.03
1996-12-19T06:57:03.281     86.30   -193.67   -389.73    443.68   1.57   0.64  -0.03
1996-12-19T06:57:03.614     84.19   -195.29   -391.98    445.95   1.57   0.64  -0.03
1996-12-19T06:57:03.947     85.53   -197.95   -391.07    446.58   1.57   0.64  -0.03
1996-12-19T06:57:04.281     80.73   -198.35   -388.95    444.01   1.57   0.64  -0.03
1996-12-19T06:57:04.614     84.47   -196.49   -389.91    444.72   1.57   0.64  -0.03
1996-12-19T06:57:04.947     82.27   -197.18   -390.04    444.73   1.57   0.64  -0.03
1996-12-19T06:57:05.281     86.08   -198.12   -387.82    443.92   1.57   0.64  -0.03
1996-12-19T06:57:05.614     83.75   -197.35   -387.23    442.61   1.57   0.64  -0.03
1996-12-19T06:57:05.947     82.47   -195.98   -390.25    444.42   1.57   0.64  -0.03
1996-12-19T06:57:06.281     88.46   -195.52   -388.91    444.19   1.57   0.64  -0.03
1996-12-19T06:57:06.614     87.30   -196.63   -388.56    444.14   1.58   0.63  -0.03
1996-12-19T06:57:06.947     86.58   -195.94   -389.57    444.58   1.58   0.63  -0.03
1996-12-19T06:57:07.281     83.70   -196.08   -390.68    445.06   1.58   0.63  -0.03
1996-12-19T06:57:07.614     86.12   -195.25   -389.35    443.99   1.58   0.63  -0.03
1996-12-19T06:57:07.947     83.77   -193.37   -391.58    444.69   1.58   0.63  -0.03
1996-12-19T06:57:08.281     88.58   -194.43   -389.86    444.57   1.58   0.63  -0.03
1996-12-19T06:57:08.614     86.60   -194.68   -391.49    445.72   1.58   0.63  -0.03
1996-12-19T06:57:08.947     86.03   -195.76   -392.77    447.20   1.58   0.63  -0.03
1996-12-19T06:57:09.281     89.60   -197.75   -389.38    445.82   1.58   0.63  -0.03
1996-12-19T06:57:09.614     89.36   -194.69   -391.41    446.19   1.58   0.63  -0.03
1996-12-19T06:57:09.947     92.16   -195.43   -393.19    448.65   1.59   0.63  -0.03
1996-12-19T06:57:10.281     89.87   -196.04   -393.30    448.55   1.59   0.63  -0.03
1996-12-19T06:57:10.614     86.29   -195.55   -392.96    447.33   1.59   0.63  -0.03
1996-12-19T06:57:10.947     90.86   -192.45   -392.59    446.56   1.59   0.63  -0.03
1996-12-19T06:57:11.281     89.27   -194.04   -394.59    448.69   1.59   0.62  -0.03
1996-12-19T06:57:11.614     90.50   -194.77   -393.55    448.34   1.59   0.62  -0.03
1996-12-19T06:57:11.947     90.09   -195.54   -395.29    450.12   1.59   0.62  -0.03
1996-12-19T06:57:12.281     89.26   -195.31   -394.45    449.12   1.59   0.62  -0.03
1996-12-19T06:57:12.614     92.88   -194.98   -393.48    448.86   1.59   0.62  -0.03
1996-12-19T06:57:12.947     91.35   -195.34   -394.73    449.80   1.59   0.62  -0.03
1996-12-19T06:57:13.281     93.57   -195.17   -394.25    449.76   1.59   0.62  -0.03
1996-12-19T06:57:13.614     93.14   -195.74   -394.67    450.28   1.60   0.62  -0.03
1996-12-19T06:57:13.947     89.73   -193.89   -393.36    447.63   1.60   0.62  -0.03
1996-12-19T06:57:14.281     91.62   -193.21   -394.21    448.47   1.60   0.62  -0.03
1996-12-19T06:57:14.614     91.23   -195.40   -394.00    449.16   1.60   0.62  -0.03
1996-12-19T06:57:14.947     89.72   -193.90   -393.89    448.10   1.60   0.62  -0.03
1996-12-19T06:57:15.281     90.02   -195.82   -390.75    446.25   1.60   0.62  -0.03
1996-12-19T06:57:15.614     89.95   -193.58   -392.78    447.03   1.60   0.62  -0.03
1996-12-19T06:57:15.947     89.43   -193.52   -392.96    447.07   1.60   0.61  -0.03
1996-12-19T06:57:16.281     92.70   -193.49   -392.41    447.24   1.60   0.61  -0.03
1996-12-19T06:57:16.614     86.72   -194.43   -393.51    447.41   1.60   0.61  -0.03
1996-12-19T06:57:16.947     86.09   -195.08   -395.02    448.90   1.61   0.61  -0.03
1996-12-19T06:57:17.281     84.43   -197.14   -396.47    450.75   1.61   0.61  -0.03
1996-12-19T06:57:17.614     83.38   -199.52   -394.75    450.10   1.61   0.61  -0.03
1996-12-19T06:57:17.947     87.41   -198.60   -396.71    452.17   1.61   0.61  -0.03
1996-12-19T06:57:18.281     84.85   -197.00   -396.11    450.46   1.61   0.61  -0.03
1996-12-19T06:57:18.614     90.17   -197.82   -394.86    450.75   1.61   0.61  -0.03
1996-12-19T06:57:18.947     88.75   -198.28   -395.28    451.04   1.61   0.61  -0.03
1996-12-19T06:57:19.281     86.11   -198.72   -393.59    449.24   1.61   0.61  -0.03
1996-12-19T06:57:19.614     85.56   -202.82   -393.56    450.94   1.61   0.61  -0.03
1996-12-19T06:57:19.947     85.51   -199.34   -395.89    451.41   1.61   0.61  -0.03
1996-12-19T06:57:20.281     84.90   -196.20   -396.17    450.17   1.62   0.60  -0.03
1996-12-19T06:57:20.614     82.45   -197.93   -395.58    449.96   1.62   0.60  -0.03
1996-12-19T06:57:20.947     83.10   -195.91   -395.59    449.20   1.62   0.60  -0.03
1996-12-19T06:57:21.281     85.40   -197.97   -394.29    449.39   1.62   0.60  -0.03
1996-12-19T06:57:21.614     83.54   -198.07   -394.74    449.48   1.62   0.60  -0.03
1996-12-19T06:57:21.947     84.70   -196.85   -395.66    449.97   1.62   0.60  -0.03
1996-12-19T06:57:22.281     85.19   -196.89   -398.15    452.27   1.62   0.60  -0.03
1996-12-19T06:57:22.614     81.64   -195.49   -397.10    450.07   1.62   0.60  -0.03
1996-12-19T06:57:22.947     84.24   -196.71   -398.65    452.45   1.62   0.60  -0.03
1996-12-19T06:57:23.281     83.11   -198.23   -397.59    451.97   1.62   0.60  -0.03
1996-12-19T06:57:23.614     81.41   -197.50   -396.34    450.24   1.62   0.60  -0.03
1996-12-19T06:57:23.947     81.25   -198.56   -396.12    450.49   1.63   0.60  -0.03
1996-12-19T06:57:24.281     79.12   -197.81   -395.32    449.07   1.63   0.60  -0.03
1996-12-19T06:57:24.614     79.86   -197.48   -395.56    449.27   1.63   0.60  -0.03
1996-12-19T06:57:24.947     79.81   -199.93   -396.05    450.77   1.63   0.59  -0.03
1996-12-19T06:57:25.281     80.41   -198.38   -396.91    450.95   1.63   0.59  -0.03
1996-12-19T06:57:25.614     80.55   -200.59   -394.90    450.19   1.63   0.59  -0.03
1996-12-19T06:57:25.947     82.51   -198.11   -397.01    451.30   1.63   0.59  -0.03
1996-12-19T06:57:26.281     79.36   -196.58   -397.27    450.30   1.63   0.59  -0.03
1996-12-19T06:57:26.614     83.75   -195.58   -397.20    450.59   1.63   0.59  -0.03
1996-12-19T06:57:26.947     82.81   -197.25   -395.99    450.08   1.63   0.59  -0.03
1996-12-19T06:57:27.281     82.42   -197.75   -393.53    448.07   1.64   0.59  -0.03
1996-12-19T06:57:27.614     84.35   -197.23   -396.95    451.20   1.64   0.59  -0.03
1996-12-19T06:57:27.947     80.38   -198.58   -394.78    449.17   1.64   0.59  -0.03
1996-12-19T06:57:28.281     80.15   -199.68   -391.05    446.34   1.64   0.59  -0.03
1996-12-19T06:57:28.614     82.42   -198.45   -392.94    447.86   1.64   0.59  -0.03
1996-12-19T06:57:28.947     80.78   -197.93   -395.39    449.48   1.64   0.59  -0.03
1996-12-19T06:57:29.281     85.33   -200.69   -390.04    446.86   1.64   0.59  -0.03
1996-12-19T06:57:29.614     83.70   -199.88   -393.57    449.29   1.64   0.58  -0.02
1996-12-19T06:57:29.947     84.60   -200.73   -391.72    448.21   1.64   0.58  -0.02
1996-12-19T06:57:30.281     81.70   -201.09   -391.92    448.01   1.64   0.58  -0.02
1996-12-19T06:57:30.614     84.37   -203.43   -391.44    449.14   1.64   0.58  -0.02
1996-12-19T06:57:30.947     85.97   -199.82   -392.97    449.16   1.65   0.58  -0.02
1996-12-19T06:57:31.281     85.61   -199.54   -390.57    446.87   1.65   0.58  -0.02
1996-12-19T06:57:31.614     82.08   -197.44   -390.88    445.54   1.65   0.58  -0.02
1996-12-19T06:57:31.947     83.43   -196.84   -392.08    446.58   1.65   0.58  -0.02
1996-12-19T06:57:32.281     85.57   -196.12   -393.52    447.93   1.65   0.58  -0.02
1996-12-19T06:57:32.614     87.00   -195.77   -394.01    448.48   1.65   0.58  -0.02
1996-12-19T06:57:32.947     87.90   -194.20   -394.46    448.37   1.65   0.58  -0.02
1996-12-19T06:57:33.281     88.97   -194.74   -393.68    448.13   1.65   0.58  -0.02
1996-12-19T06:57:33.614     88.64   -197.28   -393.44    448.97   1.65   0.58  -0.02
1996-12-19T06:57:33.947     85.72   -196.65   -392.78    447.54   1.65   0.57  -0.02
1996-12-19T06:57:34.281     81.49   -193.98   -391.19    444.18   1.66   0.57  -0.02
1996-12-19T06:57:34.614     83.06   -194.72   -392.83    446.24   1.66   0.57  -0.02
1996-12-19T06:57:34.947     81.69   -196.09   -391.32    445.26   1.66   0.57  -0.02
1996-12-19T06:57:35.281     84.52   -196.47   -390.99    445.66   1.66   0.57  -0.02
1996-12-19T06:57:35.614     82.31   -197.90   -393.64    448.21   1.66   0.57  -0.02
1996-12-19T06:57:35.947     82.73   -197.08   -392.32    446.76   1.66   0.57  -0.02
1996-12-19T06:57:36.281     83.00   -195.33   -394.67    448.11   1.66   0.57  -0.02
1996-12-19T06:57:36.614     81.42   -197.61   -392.73    447.12   1.66   0.57  -0.02
1996-12-19T06:57:36.947     82.67   -195.51   -394.29    447.80   1.66   0.57  -0.02
1996-12-19T06:57:37.281     82.71   -194.06   -393.90    446.83   1.66   0.57  -0.02
1996-12-19T06:57:37.614     80.38   -194.61   -393.42    446.22   1.67   0.57  -0.02
1996-12-19T06:57:37.947     79.74   -193.33   -393.81    445.89   1.67   0.57  -0.02
1996-12-19T06:57:38.281     78.65   -189.83   -394.03    444.39   1.67   0.57  -0.02
1996-12-19T06:57:38.614     81.72   -194.88   -392.00    445.33   1.67   0.56  -0.02
1996-12-19T06:57:38.947     81.77   -196.15   -392.92    446.71   1.67   0.56  -0.02
1996-12-19T06:57:39.281     81.97   -194.71   -394.98    447.93   1.67   0.56  -0.02
1996-12-19T06:57:39.614     84.42   -195.01   -394.94    448.48   1.67   0.56  -0.02
1996-12-19T06:57:39.947     84.63   -193.17   -395.31    448.05   1.67   0.56  -0.02
1996-12-19T06:57:40.281     84.39   -195.16   -395.40    448.94   1.67   0.56  -0.02
1996-12-19T06:57:40.614     83.32   -193.75   -394.00    446.90   1.67   0.56  -0.02
1996-12-19T06:57:40.947     81.39   -195.76   -391.99    445.64   1.67   0.56  -0.02
1996-12-19T06:57:41.281     79.03   -196.99   -391.44    445.28   1.68   0.56  -0.02
1996-12-19T06:57:41.614     77.18   -196.84   -393.96    447.11   1.68   0.56  -0.02
1996-12-19T06:57:41.947     75.36   -195.36   -394.76    446.86   1.68   0.56  -0.02
1996-12-19T06:57:42.281     74.16   -196.23   -393.34    445.78   1.68   0.56  -0.02
1996-12-19T06:57:42.614     73.95   -198.42   -392.12    445.64   1.68   0.56  -0.02
1996-12-19T06:57:42.947     78.51   -197.14   -394.05    447.56   1.68   0.56  -0.02
1996-12-19T06:57:43.281     78.68   -195.08   -394.75    447.29   1.68   0.55  -0.02
1996-12-19T06:57:43.614     79.75   -193.65   -394.85    446.95   1.68   0.55  -0.02
1996-12-19T06:57:43.947     77.33   -190.74   -394.06    444.57   1.68   0.55  -0.02
1996-12-19T06:57:44.281     78.38   -195.31   -396.57    448.95   1.68   0.55  -0.02
1996-12-19T06:57:44.614     75.37   -194.14   -394.38    445.99   1.69   0.55  -0.02
1996-12-19T06:57:44.947     80.75   -195.70   -393.56    446.89   1.69   0.55  -0.02
1996-12-19T06:57:45.281     77.84   -193.50   -396.62    448.12   1.69   0.55  -0.02
1996-12-19T06:57:45.614     77.93   -193.70   -394.60    446.44   1.69   0.55  -0.02
1996-12-19T06:57:45.947     79.44   -195.59   -397.19    449.80   1.69   0.55  -0.02
1996-12-19T06:57:46.281     74.69   -195.21   -395.97    447.75   1.69   0.55  -0.02
1996-12-19T06:57:46.614     72.61   -194.84   -396.83    448.01   1.69   0.55  -0.02
1996-12-19T06:57:46.947     74.19   -193.98   -398.65    449.51   1.69   0.55  -0.02
1996-12-19T06:57:47.281     75.10   -195.75   -396.77    448.76   1.69   0.55  -0.02
1996-12-19T06:57:47.614     76.43   -194.65   -396.41    448.18   1.69   0.54  -0.02
1996-12-19T06:57:47.947     77.31   -193.68   -397.48    448.87   1.70   0.54  -0.02
1996-12-19T06:57:48.281     79.98   -193.16   -395.99    447.79   1.70   0.54  -0.02
1996-12-19T06:57:48.614     82.53   -194.50   -398.19    450.78   1.70   0.54  -0.02
1996-12-19T06:57:48.947     78.40   -193.88   -397.01    448.72   1.70   0.54  -0.02
1996-12-19T06:57:49.281     79.81   -192.87   -396.85    448.40   1.70   0.54  -0.02
1996-12-19T06:57:49.614     76.02   -194.25   -396.27    447.82   1.70   0.54  -0.02
1996-12-19T06:57:49.947     77.52   -196.37   -397.93    450.47   1.70   0.54  -0.02
1996-12-19T06:57:50.281     78.81   -194.42   -392.97    445.46   1.70   0.54  -0.02
1996-12-19T06:57:50.614     77.30   -189.74   -396.17    446.01   1.70   0.54  -0.02
1996-12-19T06:57:50.947     72.04   -193.80   -397.95    448.46   1.70   0.54  -0.02
1996-12-19T06:57:51.281     75.50   -194.34   -398.18    449.46   1.70   0.54  -0.02
1996-12-19T06:57:51.614     76.45   -192.48   -395.35    446.31   1.71   0.54  -0.02
1996-12-19T06:57:51.947     75.84   -190.86   -397.28    447.23   1.71   0.54  -0.02
1996-12-19T06:57:52.281     77.65   -192.06   -397.81    448.52   1.71   0.53  -0.02
1996-12-19T06:57:52.614     74.99   -191.37   -395.99    446.16   1.71   0.53  -0.02
1996-12-19T06:57:52.947     76.67   -195.04   -395.20    447.33   1.71   0.53  -0.02
1996-12-19T06:57:53.281     76.97   -193.79   -394.71    446.40   1.71   0.53  -0.02
1996-12-19T06:57:53.614     73.34   -195.11   -393.46    445.26   1.71   0.53  -0.02
1996-12-19T06:57:53.947     73.25   -196.79   -394.86    447.23   1.71   0.53  -0.02
1996-12-19T06:57:54.281     74.82   -194.97   -390.24    442.61   1.71   0.53  -0.02
1996-12-19T06:57:54.614     72.83   -197.61   -392.63    445.54   1.71   0.53  -0.02
1996-12-19T06:57:54.947     75.12   -197.45   -394.16    447.21   1.72   0.53  -0.02
1996-12-19T06:57:55.281     74.80   -196.21   -394.04    446.50   1.72   0.53  -0.02
1996-12-19T06:57:55.614     73.08   -196.35   -395.68    447.72   1.72   0.53  -0.02
1996-12-19T06:57:55.947     69.97   -196.83   -393.85    445.82   1.72   0.53  -0.02
1996-12-19T06:57:56.281     69.13   -199.50   -392.94    446.07   1.72   0.53  -0.02
1996-12-19T06:57:56.614     74.62   -197.38   -393.76    446.74   1.72   0.53  -0.02
1996-12-19T06:57:56.947     72.16   -197.17   -395.18    447.49   1.72   0.52  -0.02
1996-12-19T06:57:57.281     76.25   -197.57   -395.53    448.66   1.72   0.52  -0.02
1996-12-19T06:57:57.614     74.84   -196.08   -394.33    446.70   1.72   0.52  -0.02
1996-12-19T06:57:57.947     77.50   -197.61   -395.94    449.25   1.72   0.52  -0.02
1996-12-19T06:57:58.281     77.78   -197.38   -394.98    448.35   1.72   0.52  -0.02
1996-12-19T06:57:58.614     74.52   -196.79   -394.79    447.36   1.73   0.52  -0.02
1996-12-19T06:57:58.947     72.35   -200.30   -393.10    447.08   1.73   0.52  -0.02
1996-12-19T06:57:59.281     75.35   -199.59   -393.86    447.93   1.73   0.52  -0.02
1996-12-19T06:57:59.614     74.39   -198.74   -393.93    447.45   1.73   0.52  -0.02
1996-12-19T06:57:59.947     73.12   -198.16   -394.46    447.45   1.73   0.52  -0.02
1996-12-19T06:58:00.281     74.65   -198.19   -393.97    447.28   1.73   0.52  -0.02
1996-12-19T06:58:00.614     71.79   -198.09   -395.05    447.73   1.73   0.52  -0.02
1996-12-19T06:58:00.947     71.68   -201.61   -397.21    451.17   1.73   0.52  -0.02
1996-12-19T06:58:01.281     71.20   -200.38   -396.34    449.79   1.73   0.51  -0.02
1996-12-19T06:58:01.614     71.32   -197.78   -394.34    446.89   1.73   0.51  -0.02
1996-12-19T06:58:01.947     73.39   -199.93   -394.67    448.47   1.74   0.51  -0.02
1996-12-19T06:58:02.281     73.61   -204.08   -392.56    448.52   1.74   0.51  -0.02
1996-12-19T06:58:02.614     69.32   -204.25   -394.34    449.48   1.74   0.51  -0.02
1996-12-19T06:58:02.947     70.96   -204.57   -395.95    451.28   1.74   0.51  -0.02
1996-12-19T06:58:03.281     72.73   -203.28   -395.18    450.31   1.74   0.51  -0.02
1996-12-19T06:58:03.614     70.89   -203.34   -395.22    450.08   1.74   0.51  -0.02
1996-12-19T06:58:03.947     71.73   -205.01   -394.26    450.13   1.74   0.51  -0.02
1996-12-19T06:58:04.281     68.90   -204.46   -392.27    447.69   1.74   0.51  -0.02
1996-12-19T06:58:04.614     70.03   -202.99   -394.69    449.32   1.74   0.51  -0.02
1996-12-19T06:58:04.947     70.05   -201.79   -393.99    448.17   1.74   0.51  -0.02
1996-12-19T06:58:05.281     72.38   -203.57   -394.92    450.16   1.75   0.51  -0.02
1996-12-19T06:58:05.614     69.23   -202.67   -395.14    449.45   1.75   0.51  -0.02
1996-12-19T06:58:05.947     72.31   -205.77   -394.59    450.86   1.75   0.50  -0.02
1996-12-19T06:58:06.281     69.22   -203.81   -395.17    449.99   1.75   0.50  -0.02
1996-12-19T06:58:06.614     70.86   -204.02   -395.34    450.48   1.75   0.50  -0.02
1996-12-19T06:58:06.947     71.58   -204.63   -398.27    453.45   1.75   0.50  -0.02
1996-12-19T06:58:07.281     74.43   -204.60   -394.77    450.83   1.75   0.50  -0.02
1996-12-19T06:58:07.614     77.21   -204.73   -396.61    452.96   1.75   0.50  -0.02
1996-12-19T06:58:07.947     77.61   -203.48   -395.96    451.90   1.75   0.50  -0.02
1996-12-19T06:58:08.281     79.49   -202.20   -396.01    451.69   1.75   0.50  -0.02
1996-12-19T06:58:08.614     76.23   -203.56   -396.54    452.21   1.75   0.50  -0.02
1996-12-19T06:58:08.947     77.86   -200.10   -395.14    449.71   1.76   0.50  -0.02
1996-12-19T06:58:09.281     80.39   -198.69   -395.19    449.57   1.76   0.50  -0.02
1996-12-19T06:58:09.614     77.81   -200.40   -395.03    449.74   1.76   0.50  -0.02
1996-12-19T06:58:09.947     75.14   -200.41   -395.24    449.47   1.76   0.50  -0.02
1996-12-19T06:58:10.281     74.74   -197.92   -395.58    448.60   1.76   0.50  -0.02
1996-12-19T06:58:10.614     76.73   -197.84   -395.43    448.77   1.76   0.49  -0.02
1996-12-19T06:58:10.947     74.18   -194.35   -398.60    449.62   1.76   0.49  -0.02
1996-12-19T06:58:11.281     73.56   -199.40   -395.13    448.66   1.76   0.49  -0.02
1996-12-19T06:58:11.614     75.12   -203.25   -395.80    451.23   1.76   0.49  -0.02
1996-12-19T06:58:11.947     75.20   -202.24   -395.26    450.32   1.76   0.49  -0.02
1996-12-19T06:58:12.281     74.57   -199.55   -393.60    447.55   1.77   0.49  -0.02
1996-12-19T06:58:12.614     74.42   -200.03   -393.45    447.61   1.77   0.49  -0.02
1996-12-19T06:58:12.947     74.43   -202.58   -394.25    449.46   1.77   0.49  -0.02
1996-12-19T06:58:13.281     75.48   -201.50   -395.51    450.25   1.77   0.49  -0.02
1996-12-19T06:58:13.614     76.03   -202.48   -394.97    450.31   1.77   0.49  -0.02
1996-12-19T06:58:13.947     75.61   -202.17   -395.35    450.43   1.77   0.49  -0.02
1996-12-19T06:58:14.281     74.83   -200.45   -397.87    451.75   1.77   0.49  -0.02
1996-12-19T06:58:14.614     74.12   -202.91   -393.40    448.81   1.77   0.49  -0.02
1996-12-19T06:58:14.947     73.77   -203.53   -395.18    450.59   1.77   0.48  -0.02
1996-12-19T06:58:15.281     77.79   -201.19   -395.87    450.82   1.77   0.48  -0.02
1996-12-19T06:58:15.614     75.78   -203.74   -396.67    452.33   1.77   0.48  -0.02
1996-12-19T06:58:15.947     77.17   -200.07   -395.59    449.97   1.78   0.48  -0.02
1996-12-19T06:58:16.281     78.18   -200.61   -395.54    450.34   1.78   0.48  -0.02
1996-12-19T06:58:16.614     81.64   -200.67   -396.16    451.52   1.78   0.48  -0.02
1996-12-19T06:58:16.947     80.08   -197.87   -397.11    450.85   1.78   0.48  -0.02
1996-12-19T06:58:17.281     79.72   -200.44   -396.37    451.27   1.78   0.48  -0.02
1996-12-19T06:58:17.614     81.59   -200.49   -396.18    451.46   1.78   0.48  -0.02
1996-12-19T06:58:17.947     79.30   -199.29   -396.28    450.61   1.78   0.48  -0.02
1996-12-19T06:58:18.281     78.37   -199.78   -396.20    450.59   1.78   0.48  -0.02
1996-12-19T06:58:18.614     79.66   -200.53   -396.58    451.48   1.78   0.48  -0.02
1996-12-19T06:58:18.947     79.98   -196.90   -397.47    450.72   1.78   0.48  -0.02
1996-12-19T06:58:19.281     79.73   -199.00   -395.61    449.96   1.79   0.48  -0.02
1996-12-19T06:58:19.614     78.13   -200.59   -396.24    450.94   1.79   0.47  -0.02
1996-12-19T06:58:19.947     75.84   -199.29   -397.19    450.81   1.79   0.47  -0.02
1996-12-19T06:58:20.281     74.94   -198.93   -396.90    450.24   1.79   0.47  -0.02
1996-12-19T06:58:20.614     73.39   -199.25   -397.27    450.45   1.79   0.47  -0.02
1996-12-19T06:58:20.947     73.19   -199.50   -395.49    448.96   1.79   0.47  -0.02
1996-12-19T06:58:21.281     71.92   -198.80   -399.97    452.41   1.79   0.47  -0.02
1996-12-19T06:58:21.614     71.71   -197.77   -395.46    447.93   1.79   0.47  -0.02
1996-12-19T06:58:21.947     72.44   -201.67   -396.17    450.41   1.79   0.47  -0.02
1996-12-19T06:58:22.281     72.64   -200.86   -397.78    451.50   1.79   0.47  -0.02
1996-12-19T06:58:22.614     73.96   -200.77   -395.08    449.29   1.80   0.47  -0.02
1996-12-19T06:58:22.947     75.03   -201.16   -395.08    449.64   1.80   0.47  -0.02
1996-12-19T06:58:23.281     75.98   -199.27   -394.49    448.45   1.80   0.47  -0.02
1996-12-19T06:58:23.614     75.19   -198.36   -396.63    449.80   1.80   0.47  -0.02
1996-12-19T06:58:23.947     68.41   -201.05   -393.42    447.08   1.80   0.47  -0.02
1996-12-19T06:58:24.281     73.04   -198.77   -392.98    446.40   1.80   0.46  -0.02
1996-12-19T06:58:24.614     74.18   -196.96   -396.41    448.82   1.80   0.46  -0.02
1996-12-19T06:58:24.947     75.81   -200.30   -394.68    449.04   1.80   0.46  -0.02
1996-12-19T06:58:25.281     74.80   -200.64   -394.96    449.27   1.80   0.46  -0.02
1996-12-19T06:58:25.614     76.21   -199.85   -394.64    448.87   1.80   0.46  -0.02
1996-12-19T06:58:25.947     78.17   -199.27   -398.70    452.53   1.80   0.46  -0.02
1996-12-19T06:58:26.281     81.71   -199.99   -395.51    450.67   1.81   0.46  -0.02
1996-12-19T06:58:26.614     76.19   -197.77   -396.19    449.31   1.81   0.46  -0.02
1996-12-19T06:58:26.947     77.80   -201.61   -398.96    453.72   1.81   0.46  -0.02
1996-12-19T06:58:27.281     72.89   -197.87   -398.11    450.51   1.81   0.46  -0.02
1996-12-19T06:58:27.614     75.87   -199.39   -395.47    449.34   1.81   0.46  -0.02
1996-12-19T06:58:27.947     73.37   -200.12   -396.89    450.50   1.81   0.46  -0.02
1996-12-19T06:58:28.281     72.45   -199.57   -395.57    448.95   1.81   0.46  -0.02
1996-12-19T06:58:28.614     71.66   -200.21   -395.79    449.30   1.81   0.45  -0.02
1996-12-19T06:58:28.947     70.03   -200.21   -396.97    450.08   1.81   0.45  -0.02
1996-12-19T06:58:29.281     69.92   -199.19   -395.27    448.12   1.81   0.45  -0.02
1996-12-19T06:58:29.614     71.59   -199.80   -396.28    449.54   1.82   0.45  -0.02
1996-12-19T06:58:29.947     69.18   -199.60   -397.29    449.96   1.82   0.45  -0.02
1996-12-19T06:58:30.281     70.34   -200.69   -396.35    449.80   1.82   0.45  -0.02
1996-12-19T06:58:30.614     67.53   -200.93   -398.23    451.13   1.82   0.45  -0.02
1996-12-19T06:58:30.947     68.70   -198.80   -394.14    446.75   1.82   0.45  -0.02
1996-12-19T06:58:31.281     72.36   -200.19   -398.13    451.47   1.82   0.45  -0.02
1996-12-19T06:58:31.614     72.75   -198.16   -398.67    451.11   1.82   0.45  -0.02
1996-12-19T06:58:31.947     72.57   -200.24   -397.79    451.22   1.82   0.45  -0.02
1996-12-19T06:58:32.281     71.87   -201.06   -397.75    451.44   1.82   0.45  -0.02
1996-12-19T06:58:32.614     70.66   -201.21   -396.27    450.01   1.82   0.45  -0.02
1996-12-19T06:58:32.947     69.16   -200.56   -396.96    450.10   1.82   0.45  -0.02
1996-12-19T06:58:33.281     67.70   -201.15   -398.71    451.68   1.83   0.44  -0.02
1996-12-19T06:58:33.614     69.11   -199.60   -398.29    450.83   1.83   0.44  -0.02
1996-12-19T06:58:33.947     68.67   -200.27   -398.37    451.14   1.83   0.44  -0.02
1996-12-19T06:58:34.281     67.90   -199.86   -399.37    451.72   1.83   0.44  -0.02
1996-12-19T06:58:34.614     65.65   -201.34   -398.59    451.36   1.83   0.44  -0.02
1996-12-19T06:58:34.947     61.02   -201.39   -397.34    449.62   1.83   0.44  -0.02
1996-12-19T06:58:35.281     64.34   -199.25   -400.79    452.19   1.83   0.44  -0.02
1996-12-19T06:58:35.614     64.05   -202.38   -399.27    452.20   1.83   0.44  -0.02
1996-12-19T06:58:35.947     64.86   -203.05   -396.96    450.57   1.83   0.44  -0.02
1996-12-19T06:58:36.281     62.05   -202.56   -396.34    449.41   1.83   0.44  -0.02
1996-12-19T06:58:36.614     65.66   -203.38   -399.43    453.01   1.84   0.44  -0.02
1996-12-19T06:58:36.947     65.01   -203.15   -398.36    451.87   1.84   0.44  -0.02
1996-12-19T06:58:37.281     68.48   -202.41   -397.94    451.69   1.84   0.44  -0.02
1996-12-19T06:58:37.614     68.11   -202.14   -398.93    452.37   1.84   0.44  -0.02
1996-12-19T06:58:37.947     65.90   -202.30   -399.60    452.71   1.84   0.43  -0.02
1996-12-19T06:58:38.281     68.44   -202.31   -397.73    451.45   1.84   0.43  -0.02
1996-12-19T06:58:38.614     64.63   -202.82   -400.14    453.24   1.84   0.43  -0.02
1996-12-19T06:58:38.947     65.17   -203.08   -397.31    450.94   1.84   0.43  -0.02
1996-12-19T06:58:39.281     65.33   -202.98   -399.43    452.78   1.84   0.43  -0.02
1996-12-19T06:58:39.614     64.28   -203.34   -400.50    453.74   1.84   0.43  -0.02
1996-12-19T06:58:39.947     64.16   -204.22   -399.57    453.30   1.85   0.43  -0.02
1996-12-19T06:58:40.281     65.11   -203.98   -401.23    454.79   1.85   0.43  -0.02
1996-12-19T06:58:40.614     63.02   -204.48   -399.38    453.08   1.85   0.43  -0.02
1996-12-19T06:58:40.947     65.04   -206.12   -397.58    452.53   1.85   0.43  -0.02
1996-12-19T06:58:41.281     65.49   -203.87   -400.50    454.15   1.85   0.43  -0.02
1996-12-19T06:58:41.614     64.08   -203.12   -399.15    452.42   1.85   0.43  -0.02
1996-12-19T06:58:41.947     70.03   -202.61   -401.09    454.79   1.85   0.43  -0.02
1996-12-19T06:58:42.281     65.89   -201.06   -400.93    453.33   1.85   0.42  -0.02
1996-12-19T06:58:42.614     69.05   -201.05   -398.99    452.09   1.85   0.42  -0.02
1996-12-19T06:58:42.947     71.21   -201.07   -402.11    455.18   1.85   0.42  -0.02
1996-12-19T06:58:43.281     70.93   -199.53   -400.15    452.73   1.85   0.42  -0.02
1996-12-19T06:58:43.614     69.03   -202.00   -399.97    453.37   1.86   0.42  -0.02
1996-12-19T06:58:43.947     67.91   -202.62   -401.07    454.45   1.86   0.42  -0.02
1996-12-19T06:58:44.281     65.53   -203.42   -398.98    452.61   1.86   0.42  -0.02
1996-12-19T06:58:44.614     68.63   -203.47   -401.45    455.27   1.86   0.42  -0.02
1996-12-19T06:58:44.947     68.69   -201.00   -402.69    455.28   1.86   0.42  -0.02
1996-12-19T06:58:45.281     69.01   -203.27   -397.20    451.49   1.86   0.42  -0.02
1996-12-19T06:58:45.614     68.44   -200.34   -402.14    454.47   1.86   0.42  -0.02
1996-12-19T06:58:45.947     71.24   -202.50   -401.24    455.06   1.86   0.42  -0.02
1996-12-19T06:58:46.281     68.57   -201.45   -401.83    454.70   1.86   0.42  -0.02
1996-12-19T06:58:46.614     66.43   -200.89   -401.33    453.69   1.86   0.42  -0.02
1996-12-19T06:58:46.947     67.22   -200.49   -396.30    449.18   1.87   0.41  -0.02
1996-12-19T06:58:47.281     69.94   -199.84   -397.99    450.80   1.87   0.41  -0.02
1996-12-19T06:58:47.614     69.45   -199.45   -399.07    451.51   1.87   0.41  -0.02
1996-12-19T06:58:47.947     70.68   -200.71   -398.42    451.68   1.87   0.41  -0.02
1996-12-19T06:58:48.281     69.31   -202.63   -399.50    453.28   1.87   0.41  -0.02
1996-12-19T06:58:48.614     67.26   -203.02   -399.40    453.05   1.87   0.41  -0.02
1996-12-19T06:58:48.947     71.34   -199.97   -397.64    450.78   1.87   0.41  -0.02
1996-12-19T06:58:49.281     72.23   -200.11   -395.76    449.32   1.87   0.41  -0.02
1996-12-19T06:58:49.614     68.92   -200.03   -399.44    452.01   1.87   0.41  -0.02
1996-12-19T06:58:49.947     66.12   -202.45   -398.18    451.56   1.87   0.41  -0.02
1996-12-19T06:58:50.281     67.93   -200.83   -398.97    451.81   1.87   0.41  -0.02
1996-12-19T06:58:50.614     62.71   -201.74   -398.83    451.33   1.88   0.41  -0.02
1996-12-19T06:58:50.947     66.17   -201.97   -396.63    449.98   1.88   0.41  -0.02
1996-12-19T06:58:51.281     65.25   -202.30   -394.78    448.37   1.88   0.40  -0.02
1996-12-19T06:58:51.614     65.13   -204.59   -395.94    450.41   1.88   0.40  -0.02
1996-12-19T06:58:51.947     69.13   -202.87   -397.66    451.74   1.88   0.40  -0.02
1996-12-19T06:58:52.281     68.03   -203.34   -397.19    451.37   1.88   0.40  -0.02
1996-12-19T06:58:52.614     70.01   -204.54   -398.60    453.45   1.88   0.40  -0.02
1996-12-19T06:58:52.947     70.45   -202.72   -395.19    449.71   1.88   0.40  -0.02
1996-12-19T06:58:53.281     66.26   -206.23   -396.81    452.09   1.88   0.40  -0.02
1996-12-19T06:58:53.614     67.63   -204.81   -395.89    450.83   1.88   0.40  -0.02
1996-12-19T06:58:53.947     65.03   -204.44   -396.18    450.54   1.89   0.40  -0.02
1996-12-19T06:58:54.281     65.47   -204.29   -397.24    451.46   1.89   0.40  -0.02
1996-12-19T06:58:54.614     67.71   -203.40   -396.57    450.80   1.89   0.40  -0.02
1996-12-19T06:58:54.947     64.80   -202.27   -395.99    449.35   1.89   0.40  -0.02
1996-12-19T06:58:55.281     68.96   -203.98   -397.27    451.87   1.89   0.40  -0.02
1996-12-19T06:58:55.614     66.38   -204.49   -399.11    453.34   1.89   0.40  -0.02
1996-12-19T06:58:55.947     66.45   -202.06   -398.09    451.36   1.89   0.39  -0.02
1996-12-19T06:58:56.281     67.37   -201.19   -398.26    451.25   1.89   0.39  -0.02
1996-12-19T06:58:56.614     67.95   -200.52   -397.64    450.49   1.89   0.39  -0.02
1996-12-19T06:58:56.947     65.57   -199.48   -397.91    449.92   1.89   0.39  -0.02
1996-12-19T06:58:57.281     65.42   -202.22   -395.97    449.41   1.89   0.39  -0.02
1996-12-19T06:58:57.614     67.75   -202.93   -397.85    451.72   1.90   0.39  -0.02
1996-12-19T06:58:57.947     66.24   -200.02   -399.43    451.59   1.90   0.39  -0.02
1996-12-19T06:58:58.281     65.79   -202.36   -397.08    450.50   1.90   0.39  -0.02
1996-12-19T06:58:58.614     65.55   -201.27   -398.60    451.32   1.90   0.39  -0.02
1996-12-19T06:58:58.947     63.06   -203.29   -397.13    450.57   1.90   0.39  -0.02
1996-12-19T06:58:59.281     64.00   -202.67   -396.80    450.13   1.90   0.39  -0.02
1996-12-19T06:58:59.614     65.72   -199.36   -399.94    451.68   1.90   0.39  -0.02
1996-12-19T06:58:59.947     63.23   -201.52   -397.13    449.80   1.90   0.39  -0.02
1996-12-19T06:59:00.281     64.61   -201.35   -398.03    450.71   1.90   0.39  -0.02
1996-12-19T06:59:00.614     62.55   -202.70   -396.71    449.86   1.90   0.38  -0.02
1996-12-19T06:59:00.947     67.16   -205.30   -395.87    450.97   1.91   0.38  -0.02
1996-12-19T06:59:01.281     62.48   -203.48   -395.49    449.13   1.91   0.38  -0.02
1996-12-19T06:59:01.614     63.09   -201.55   -396.41    449.16   1.91   0.38  -0.02
1996-12-19T06:59:01.947     65.70   -205.46   -395.89    450.84   1.91   0.38  -0.02
1996-12-19T06:59:02.281     66.94   -203.83   -394.34    448.92   1.91   0.38  -0.02
1996-12-19T06:59:02.614     68.65   -201.97   -397.25    450.90   1.91   0.38  -0.02
1996-12-19T06:59:02.947     72.23   -205.00   -396.93    452.55   1.91   0.38  -0.02
1996-12-19T06:59:03.281     69.01   -202.30   -396.30    450.27   1.91   0.38  -0.02
1996-12-19T06:59:03.614     69.08   -204.41   -395.21    450.27   1.91   0.38  -0.02
1996-12-19T06:59:03.947     69.68   -207.85   -389.26    446.75   1.91   0.38  -0.02
1996-12-19T06:59:04.281     73.56   -206.36   -392.91    449.86   1.92   0.38  -0.02
1996-12-19T06:59:04.614     73.56   -203.44   -392.13    447.84   1.92   0.38  -0.02
1996-12-19T06:59:04.947     72.86   -204.18   -392.82    448.67   1.92   0.37  -0.02
1996-12-19T06:59:05.281     72.44   -201.92   -393.56    448.23   1.92   0.37  -0.02
1996-12-19T06:59:05.614     68.03   -205.01   -394.21    449.51   1.92   0.37  -0.02
1996-12-19T06:59:05.947     70.23   -205.98   -392.34    448.65   1.92   0.37  -0.02
1996-12-19T06:59:06.281     69.88   -203.45   -393.97    448.87   1.92   0.37  -0.02
1996-12-19T06:59:06.614     69.93   -203.72   -390.51    445.97   1.92   0.37  -0.02
1996-12-19T06:59:06.947     69.75   -199.11   -391.93    445.11   1.92   0.37  -0.02
1996-12-19T06:59:07.281     69.61   -197.56   -393.69    445.94   1.92   0.37  -0.02
1996-12-19T06:59:07.614     70.42   -194.90   -392.90    444.20   1.92   0.37  -0.02
1996-12-19T06:59:07.947     71.25   -193.19   -393.21    443.87   1.93   0.37  -0.02
1996-12-19T06:59:08.281     74.03   -191.56   -395.95    446.04   1.93   0.37  -0.02
1996-12-19T06:59:08.614     74.47   -188.21   -396.05    444.77   1.93   0.37  -0.02
1996-12-19T06:59:08.947     76.32   -187.46   -397.44    446.01   1.93   0.37  -0.02
1996-12-19T06:59:09.281     74.86   -184.71   -398.59    445.64   1.93   0.37  -0.02
1996-12-19T06:59:09.614     71.86   -186.68   -396.40    444.01   1.93   0.36  -0.02
1996-12-19T06:59:09.947     71.14   -185.04   -397.99    444.63   1.93   0.36  -0.02
1996-12-19T06:59:10.281     70.90   -187.27   -399.41    446.80   1.93   0.36  -0.02
1996-12-19T06:59:10.614     70.02   -187.83   -400.69    448.04   1.93   0.36  -0.02
1996-12-19T06:59:10.947     68.53   -186.63   -402.13    448.59   1.93   0.36  -0.02
1996-12-19T06:59:11.281     67.36   -189.68   -400.67    448.39   1.94   0.36  -0.02
1996-12-19T06:59:11.614     66.63   -190.49   -399.55    447.62   1.94   0.36  -0.02
1996-12-19T06:59:11.947     69.16   -190.34   -399.51    447.91   1.94   0.36  -0.02
1996-12-19T06:59:12.281     67.40   -185.97   -402.50    448.48   1.94   0.36  -0.02
1996-12-19T06:59:12.614     64.37   -191.85   -402.07    450.12   1.94   0.36  -0.02
1996-12-19T06:59:12.947     57.07   -194.21   -401.47    449.62   1.94   0.36  -0.02
1996-12-19T06:59:13.281     56.48   -194.11   -401.74    449.73   1.94   0.36  -0.02
1996-12-19T06:59:13.614     55.89   -192.64   -396.25    444.12   1.94   0.36  -0.02
1996-12-19T06:59:13.947     57.40   -192.93   -399.38    447.23   1.94   0.36  -0.02
1996-12-19T06:59:14.281     57.24   -193.31   -398.22    446.34   1.94   0.35  -0.02
1996-12-19T06:59:14.614     58.55   -195.98   -400.59    449.79   1.94   0.35  -0.02
1996-12-19T06:59:14.947     55.45   -192.86   -397.75    445.51   1.95   0.35  -0.02
1996-12-19T06:59:15.281     53.43   -196.77   -397.21    446.48   1.95   0.35  -0.02
1996-12-19T06:59:15.614     55.95   -199.14   -395.26    446.11   1.95   0.35  -0.02
1996-12-19T06:59:15.947     56.54   -197.14   -396.66    446.54   1.95   0.35  -0.02
1996-12-19T06:59:16.281     60.27   -194.83   -399.14    448.22   1.95   0.35  -0.02
1996-12-19T06:59:16.614     55.27   -197.46   -396.29    446.20   1.95   0.35  -0.02
1996-12-19T06:59:16.947     53.27   -201.70   -395.82    447.43   1.95   0.35  -0.02
1996-12-19T06:59:17.281     54.71   -202.92   -393.70    446.28   1.95   0.35  -0.02
1996-12-19T06:59:17.614     56.34   -200.41   -394.59    446.14   1.95   0.35  -0.02
1996-12-19T06:59:17.947     54.48   -197.08   -397.19    446.73   1.95   0.35  -0.02
1996-12-19T06:59:18.281     54.43   -199.61   -395.97    446.77   1.96   0.35  -0.02
1996-12-19T06:59:18.614     59.31   -195.64   -393.80    443.70   1.96   0.34  -0.02
1996-12-19T06:59:18.947     59.42   -192.25   -391.96    440.59   1.96   0.34  -0.02
1996-12-19T06:59:19.281     63.65   -194.11   -393.10    443.01   1.96   0.34  -0.02
1996-12-19T06:59:19.614     64.99   -197.80   -393.50    445.18   1.96   0.34  -0.02
1996-12-19T06:59:19.947     64.25   -196.78   -393.93    445.01   1.96   0.34  -0.02
1996-12-19T06:59:20.281     66.68   -197.81   -395.26    446.99   1.96   0.34  -0.02
1996-12-19T06:59:20.614     64.96   -197.37   -396.78    447.90   1.96   0.34  -0.02
1996-12-19T06:59:20.947     63.97   -199.53   -399.29    450.92   1.96   0.34  -0.02
1996-12-19T06:59:21.281     60.33   -198.87   -395.30    446.59   1.96   0.34  -0.02
1996-12-19T06:59:21.614     59.88   -196.90   -399.56    449.45   1.96   0.34  -0.02
1996-12-19T06:59:21.947     59.34   -199.71   -397.97    449.21   1.97   0.34  -0.02
1996-12-19T06:59:22.281     57.18   -195.29   -399.65    448.48   1.97   0.34  -0.02
1996-12-19T06:59:22.614     58.25   -195.37   -399.76    448.74   1.97   0.34  -0.02
1996-12-19T06:59:22.947     61.04   -193.65   -400.66    449.17   1.97   0.34  -0.02
1996-12-19T06:59:23.281     59.11   -189.49   -404.72    450.77   1.97   0.33  -0.02
1996-12-19T06:59:23.614     58.48   -194.30   -398.74    447.40   1.97   0.33  -0.02
1996-12-19T06:59:23.947     59.22   -196.57   -397.50    447.38   1.97   0.33  -0.02
1996-12-19T06:59:24.281     58.55   -193.50   -400.31    448.47   1.97   0.33  -0.02
1996-12-19T06:59:24.614     58.39   -194.93   -399.81    448.61   1.97   0.33  -0.02
1996-12-19T06:59:24.947     61.21   -196.44   -395.25    445.59   1.97   0.33  -0.02
1996-12-19T06:59:25.281     63.89   -197.85   -395.36    446.70   1.98   0.33  -0.02
1996-12-19T06:59:25.614     65.28   -194.90   -393.58    444.03   1.98   0.33  -0.02
1996-12-19T06:59:25.947     70.97   -188.56   -396.58    444.82   1.98   0.33  -0.02
1996-12-19T06:59:26.281     70.59   -190.62   -395.45    444.63   1.98   0.33  -0.02
1996-12-19T06:59:26.614     68.53   -185.94   -398.91    445.42   1.98   0.33  -0.02
1996-12-19T06:59:26.947     71.40   -184.08   -398.07    444.34   1.98   0.33  -0.02
1996-12-19T06:59:27.281     71.44   -183.76   -401.11    446.95   1.98   0.33  -0.02
1996-12-19T06:59:27.614     70.87   -183.07   -399.53    445.15   1.98   0.33  -0.02
1996-12-19T06:59:27.947     64.78   -189.45   -396.95    444.58   1.98   0.32  -0.02
1996-12-19T06:59:28.281     69.22   -190.54   -396.77    445.55   1.98   0.32  -0.02
1996-12-19T06:59:28.614     71.31   -192.55   -394.08    444.37   1.98   0.32  -0.02
1996-12-19T06:59:28.947     71.32   -195.84   -392.28    444.21   1.99   0.32  -0.02
1996-12-19T06:59:29.281     72.50   -195.25   -393.68    445.38   1.99   0.32  -0.02
1996-12-19T06:59:29.614     75.37   -192.24   -392.64    443.63   1.99   0.32  -0.02
1996-12-19T06:59:29.947     71.61   -192.22   -395.52    445.55   1.99   0.32  -0.02
1996-12-19T06:59:30.281     73.46   -188.45   -396.16    444.81   1.99   0.32  -0.02
1996-12-19T06:59:30.614     75.40   -190.03   -394.70    444.51   1.99   0.32  -0.02
1996-12-19T06:59:30.947     77.31   -189.51   -393.84    443.85   1.99   0.32  -0.02
1996-12-19T06:59:31.281     75.79   -189.72   -396.47    446.01   1.99   0.32  -0.02
1996-12-19T06:59:31.614     73.89   -193.11   -395.65    446.42   1.99   0.32  -0.02
1996-12-19T06:59:31.947     71.17   -191.49   -396.47    446.01   1.99   0.32  -0.02
1996-12-19T06:59:32.281     73.16   -190.97   -398.52    447.93   2.00   0.31  -0.02
1996-12-19T06:59:32.614     76.37   -186.45   -396.02    444.33   2.00   0.31  -0.02
1996-12-19T06:59:32.947     78.04   -181.47   -394.98    441.62   2.00   0.31  -0.02
1996-12-19T06:59:33.281     75.41   -186.15   -392.00    440.46   2.00   0.31  -0.02
1996-12-19T06:59:33.614     75.81   -185.50   -394.63    442.60   2.00   0.31  -0.02
1996-12-19T06:59:33.947     80.03   -183.08   -394.93    442.60   2.00   0.31  -0.02
1996-12-19T06:59:34.281     78.19   -184.16   -395.05    442.83   2.00   0.31  -0.02
1996-12-19T06:59:34.614     78.44   -180.85   -394.24    440.78   2.00   0.31  -0.02
1996-12-19T06:59:34.947     76.59   -179.70   -395.74    441.32   2.00   0.31  -0.02
1996-12-19T06:59:35.281     74.62   -180.28   -395.87    441.34   2.00   0.31  -0.02
1996-12-19T06:59:35.614     74.96   -181.64   -399.09    444.84   2.00   0.31  -0.02
1996-12-19T06:59:35.947     73.20   -180.69   -398.62    443.74   2.01   0.31  -0.02
1996-12-19T06:59:36.281     71.83   -181.00   -399.49    444.42   2.01   0.31  -0.02
1996-12-19T06:59:36.614     70.19   -177.43   -398.72    442.03   2.01   0.31  -0.02
1996-12-19T06:59:36.947     70.54   -182.46   -400.40    445.63   2.01   0.30  -0.02
1996-12-19T06:59:37.281     69.74   -180.52   -398.48    442.99   2.01   0.30  -0.02
1996-12-19T06:59:37.614     68.47   -177.70   -398.28    441.47   2.01   0.30  -0.02
1996-12-19T06:59:37.947     67.56   -181.77   -399.38    443.97   2.01   0.30  -0.02
1996-12-19T06:59:38.281     68.39   -179.56   -402.15    445.69   2.01   0.30  -0.02
1996-12-19T06:59:38.614     67.19   -177.54   -399.82    442.60   2.01   0.30  -0.02
1996-12-19T06:59:38.947     62.04   -184.10   -401.15    445.71   2.01   0.30  -0.02
1996-12-19T06:59:39.281     62.36   -184.56   -399.42    444.40   2.02   0.30  -0.02
1996-12-19T06:59:39.614     64.69   -181.61   -401.07    445.00   2.02   0.30  -0.02
1996-12-19T06:59:39.947     66.23   -178.60   -402.01    444.86   2.02   0.30  -0.02
1996-12-19T06:59:40.281     67.55   -180.54   -401.05    444.97   2.02   0.30  -0.02
1996-12-19T06:59:40.614     64.87   -179.75   -400.53    443.78   2.02   0.30  -0.02
1996-12-19T06:59:40.947     66.65   -179.62   -399.24    442.83   2.02   0.30  -0.02
1996-12-19T06:59:41.281     61.91   -181.98   -398.05    442.04   2.02   0.29  -0.02
1996-12-19T06:59:41.614     62.82   -183.73   -397.70    442.57   2.02   0.29  -0.02
1996-12-19T06:59:41.947     63.50   -184.13   -397.80    442.92   2.02   0.29  -0.02
1996-12-19T06:59:42.281     62.61   -188.32   -395.40    442.41   2.02   0.29  -0.02
1996-12-19T06:59:42.614     62.75   -184.11   -396.36    441.52   2.02   0.29  -0.02
1996-12-19T06:59:42.947     64.66   -182.82   -394.78    439.84   2.03   0.29  -0.02
1996-12-19T06:59:43.281     64.56   -186.25   -398.25    444.36   2.03   0.29  -0.02
1996-12-19T06:59:43.614     64.59   -186.37   -397.31    443.58   2.03   0.29  -0.02
1996-12-19T06:59:43.947     62.96   -190.69   -397.16    445.05   2.03   0.29  -0.02
1996-12-19T06:59:44.281     61.42   -187.46   -398.08    444.28   2.03   0.29  -0.02
1996-12-19T06:59:44.614     55.71   -189.07   -398.28    444.39   2.03   0.29  -0.02
1996-12-19T06:59:44.947     50.94   -193.15   -398.67    445.92   2.03   0.29  -0.02
1996-12-19T06:59:45.281     53.75   -188.75   -399.14    444.78   2.03   0.29  -0.02
1996-12-19T06:59:45.614     51.73   -187.48   -395.75    440.95   2.03   0.29  -0.02
1996-12-19T06:59:45.947     52.57   -183.00   -398.07    441.26   2.03   0.28  -0.02
1996-12-19T06:59:46.281     55.83   -181.63   -397.40    440.49   2.04   0.28  -0.02
1996-12-19T06:59:46.614     57.22   -180.49   -395.12    438.14   2.04   0.28  -0.02
1996-12-19T06:59:46.947     60.27   -178.88   -393.02    436.00   2.04   0.28  -0.02
1996-12-19T06:59:47.281     56.87   -179.04   -393.60    436.13   2.04   0.28  -0.02
1996-12-19T06:59:47.614     59.52   -178.35   -391.57    434.37   2.04   0.28  -0.02
1996-12-19T06:59:47.947     55.18   -182.93   -388.96    433.36   2.04   0.28  -0.02
1996-12-19T06:59:48.281     58.37   -184.58   -389.50    434.96   2.04   0.28  -0.02
1996-12-19T06:59:48.614     56.83   -188.03   -388.08    434.96   2.04   0.28  -0.02
1996-12-19T06:59:48.947     57.65   -187.88   -389.94    436.66   2.04   0.28  -0.02
1996-12-19T06:59:49.281     60.52   -189.78   -390.10    438.02   2.04   0.28  -0.02
1996-12-19T06:59:49.614     55.21   -190.07   -390.68    437.95   2.05   0.28  -0.02
1996-12-19T06:59:49.947     52.53   -188.98   -391.22    437.64   2.05   0.28  -0.02
1996-12-19T06:59:50.281     49.97   -188.59   -395.21    440.75   2.05   0.28  -0.02
1996-12-19T06:59:50.614     48.83   -191.92   -398.86    445.31   2.05   0.27  -0.02
1996-12-19T06:59:50.947     51.62   -190.06   -398.10    444.15   2.05   0.27  -0.02
1996-12-19T06:59:51.281     57.28   -190.47   -398.95    445.78   2.05   0.27  -0.02
1996-12-19T06:59:51.614     56.99   -186.13   -397.69    442.77   2.05   0.27  -0.02
1996-12-19T06:59:51.947     59.14   -183.50   -401.66    445.54   2.05   0.27  -0.02
1996-12-19T06:59:52.281     58.66   -177.52   -401.95    443.30   2.05   0.27  -0.02
1996-12-19T06:59:52.614     56.27   -183.60   -400.68    444.32   2.05   0.27  -0.02
1996-12-19T06:59:52.947     59.38   -184.01   -405.01    448.80   2.05   0.27  -0.02
1996-12-19T06:59:53.280     56.97   -185.15   -402.86    447.02   2.06   0.27  -0.02
1996-12-19T06:59:53.614     56.82   -183.15   -405.08    448.17   2.06   0.27  -0.02
1996-12-19T06:59:53.947     64.59   -182.32   -406.46    450.13   2.06   0.27  -0.02
1996-12-19T06:59:54.280     67.23   -179.62   -403.51    446.77   2.06   0.27  -0.02
1996-12-19T06:59:54.614     66.22   -179.00   -408.17    450.58   2.06   0.27  -0.02
1996-12-19T06:59:54.947     71.58   -174.80   -407.72    449.34   2.06   0.26  -0.02
1996-12-19T06:59:55.280     71.23   -175.54   -408.51    450.30   2.06   0.26  -0.02
1996-12-19T06:59:55.614     69.85   -174.08   -407.56    448.65   2.06   0.26  -0.02
1996-12-19T06:59:55.947     64.32   -176.28   -403.12    444.65   2.06   0.26  -0.02
1996-12-19T06:59:56.280     62.65   -176.61   -405.66    446.85   2.06   0.26  -0.02
1996-12-19T06:59:56.614     58.61   -176.27   -408.01    448.30   2.07   0.26  -0.02
1996-12-19T06:59:56.947     53.12   -174.36   -408.68    447.49   2.07   0.26  -0.02
1996-12-19T06:59:57.280     49.42   -172.28   -409.07    446.61   2.07   0.26  -0.02
1996-12-19T06:59:57.614     52.80   -176.79   -409.24    448.91   2.07   0.26  -0.02
1996-12-19T06:59:57.947     61.49   -182.00   -404.65    447.94   2.07   0.26  -0.02
1996-12-19T06:59:58.280     65.57   -180.46   -402.37    445.83   2.07   0.26  -0.02
1996-12-19T06:59:58.614     61.86   -178.22   -404.48    446.31   2.07   0.26  -0.02
1996-12-19T06:59:58.947     60.61   -177.28   -408.04    449.00   2.07   0.26  -0.02
1996-12-19T06:59:59.280     61.24   -174.28   -411.06    450.66   2.07   0.26  -0.02
1996-12-19T06:59:59.614     62.90   -169.79   -411.58    449.64   2.07   0.25  -0.02
1996-12-19T06:59:59.947     64.21   -170.78   -416.38    454.61   2.07   0.25  -0.02
1996-12-19T07:00:00.280     69.31   -168.42   -413.80    452.11   2.08   0.25  -0.02
1996-12-19T07:00:00.614     72.64   -173.71   -411.75    452.76   2.08   0.25  -0.02
1996-12-19T07:00:00.947     69.66   -177.91   -409.68    452.04   2.08   0.25  -0.02
1996-12-19T07:00:01.280     68.30   -179.96   -407.87    451.01   2.08   0.25  -0.02
1996-12-19T07:00:01.614     63.91   -178.14   -406.94    448.80   2.08   0.25  -0.02
1996-12-19T07:00:01.947     58.97   -182.70   -405.81    448.93   2.08   0.25  -0.02
1996-12-19T07:00:02.280     57.54   -186.90   -402.86    447.82   2.08   0.25  -0.02
1996-12-19T07:00:02.614     57.52   -186.60   -404.44    449.11   2.08   0.25  -0.02
1996-12-19T07:00:02.947     59.79   -189.80   -404.19    450.52   2.08   0.25  -0.02
1996-12-19T07:00:03.280     61.71   -187.96   -402.88    448.83   2.08   0.25  -0.02
1996-12-19T07:00:03.614     62.90   -183.68   -404.18    448.39   2.09   0.25  -0.02
1996-12-19T07:00:03.947     61.26   -185.65   -404.80    449.54   2.09   0.25  -0.02
1996-12-19T07:00:04.280     57.38   -187.92   -404.50    449.70   2.09   0.24  -0.02
1996-12-19T07:00:04.614     59.99   -184.04   -402.22    446.37   2.09   0.24  -0.02
1996-12-19T07:00:04.947     60.75   -181.07   -406.00    448.68   2.09   0.24  -0.02
1996-12-19T07:00:05.280     61.28   -178.82   -406.10    447.93   2.09   0.24  -0.02
1996-12-19T07:00:05.614     54.92   -181.57   -406.23    448.34   2.09   0.24  -0.02
1996-12-19T07:00:05.947     61.08   -181.74   -406.14    449.12   2.09   0.24  -0.02
1996-12-19T07:00:06.280     60.85   -182.62   -405.64    449.00   2.09   0.24  -0.02
1996-12-19T07:00:06.614     61.49   -183.80   -406.61    450.44   2.09   0.24  -0.02
1996-12-19T07:00:06.947     58.92   -180.88   -407.13    449.39   2.09   0.24  -0.02
1996-12-19T07:00:07.280     58.14   -181.59   -404.65    447.32   2.10   0.24  -0.02
1996-12-19T07:00:07.614     51.90   -180.59   -406.75    448.05   2.10   0.24  -0.02
1996-12-19T07:00:07.947     55.29   -180.45   -408.35    449.86   2.10   0.24  -0.02
1996-12-19T07:00:08.280     55.97   -182.35   -406.00    448.58   2.10   0.24  -0.02
1996-12-19T07:00:08.614     55.87   -180.14   -406.51    448.14   2.10   0.23  -0.02
1996-12-19T07:00:08.947     59.72   -175.26   -406.73    446.89   2.10   0.23  -0.02
1996-12-19T07:00:09.280     57.69   -175.56   -408.44    448.30   2.10   0.23  -0.02
1996-12-19T07:00:09.614     57.31   -178.44   -408.62    449.55   2.10   0.23  -0.02
1996-12-19T07:00:09.947     54.42   -175.73   -409.02    448.49   2.10   0.23  -0.02
1996-12-19T07:00:10.280     53.65   -174.27   -408.83    447.65   2.10   0.23  -0.02
1996-12-19T07:00:10.614     57.84   -172.55   -407.66    446.44   2.11   0.23  -0.02
1996-12-19T07:00:10.947     61.20   -175.55   -408.62    448.93   2.11   0.23  -0.02
1996-12-19T07:00:11.280     59.47   -170.95   -411.70    449.73   2.11   0.23  -0.02
1996-12-19T07:00:11.614     62.66   -170.29   -407.32    445.91   2.11   0.23  -0.02
1996-12-19T07:00:11.947     68.23   -170.60   -408.79    448.18   2.11   0.23  -0.02
1996-12-19T07:00:12.280     65.98   -168.98   -408.90    447.33   2.11   0.23  -0.02
1996-12-19T07:00:12.614     63.58   -172.96   -410.66    450.11   2.11   0.23  -0.02
1996-12-19T07:00:12.947     57.77   -173.42   -408.14    447.20   2.11   0.23  -0.02
1996-12-19T07:00:13.280     56.29   -174.48   -408.48    447.73   2.11   0.22  -0.02
1996-12-19T07:00:13.614     58.18   -176.16   -408.00    448.20   2.11   0.22  -0.02
1996-12-19T07:00:13.947     58.32   -174.41   -407.45    447.03   2.11   0.22  -0.02
1996-12-19T07:00:14.280     58.75   -173.45   -407.89    447.11   2.12   0.22  -0.02
1996-12-19T07:00:14.614     61.32   -174.45   -405.92    446.05   2.12   0.22  -0.02
1996-12-19T07:00:14.947     61.01   -175.06   -405.83    446.17   2.12   0.22  -0.02
1996-12-19T07:00:15.280     63.31   -177.03   -404.26    445.84   2.12   0.22  -0.02
1996-12-19T07:00:15.614     61.69   -178.85   -406.22    448.12   2.12   0.22  -0.02
1996-12-19T07:00:15.947     67.31   -178.97   -406.40    449.13   2.12   0.22  -0.02
1996-12-19T07:00:16.280     63.07   -184.26   -402.61    447.24   2.12   0.22  -0.02
1996-12-19T07:00:16.614     59.58   -183.66   -400.64    444.74   2.12   0.22  -0.02
1996-12-19T07:00:16.947     57.15   -185.10   -401.00    445.34   2.12   0.22  -0.02
1996-12-19T07:00:17.280     58.24   -184.78   -402.08    446.32   2.12   0.22  -0.02
1996-12-19T07:00:17.614     51.94   -189.12   -399.38    444.94   2.13   0.22  -0.02
1996-12-19T07:00:17.947     47.67   -192.03   -397.20    443.75   2.13   0.21  -0.02
1996-12-19T07:00:18.280     53.68   -191.60   -396.27    443.41   2.13   0.21  -0.02
1996-12-19T07:00:18.614     55.35   -189.58   -397.32    443.70   2.13   0.21  -0.02
1996-12-19T07:00:18.947     53.42   -193.79   -397.89    445.78   2.13   0.21  -0.02
1996-12-19T07:00:19.280     49.49   -195.08   -397.94    445.94   2.13   0.21  -0.02
1996-12-19T07:00:19.614     48.24   -193.60   -394.26    441.87   2.13   0.21  -0.02
1996-12-19T07:00:19.947     51.22   -195.40   -398.69    446.94   2.13   0.21  -0.02
1996-12-19T07:00:20.280     51.33   -192.93   -396.45    443.88   2.13   0.21  -0.02
1996-12-19T07:00:20.614     50.10   -193.65   -397.56    445.05   2.13   0.21  -0.02
1996-12-19T07:00:20.947     47.08   -195.60   -398.41    446.32   2.13   0.21  -0.02
1996-12-19T07:00:21.280     45.90   -194.56   -396.87    444.37   2.14   0.21  -0.02
1996-12-19T07:00:21.614     44.54   -195.28   -398.73    446.21   2.14   0.21  -0.02
1996-12-19T07:00:21.947     45.50   -197.48   -399.20    447.70   2.14   0.21  -0.02
1996-12-19T07:00:22.280     46.74   -195.39   -395.86    443.93   2.14   0.20  -0.02
1996-12-19T07:00:22.614     40.51   -196.84   -398.81    446.58   2.14   0.20  -0.02
1996-12-19T07:00:22.947     37.37   -197.15   -398.58    446.24   2.14   0.20  -0.02
1996-12-19T07:00:23.280     40.69   -197.43   -397.36    445.57   2.14   0.20  -0.02
1996-12-19T07:00:23.614     43.47   -196.07   -398.91    446.61   2.14   0.20  -0.02
1996-12-19T07:00:23.947     52.25   -190.89   -398.04    444.53   2.14   0.20  -0.02
1996-12-19T07:00:24.280     53.35   -191.35   -398.16    444.96   2.14   0.20  -0.02
1996-12-19T07:00:24.614     53.44   -188.44   -399.15    444.62   2.15   0.20  -0.02
1996-12-19T07:00:24.947     45.60   -190.70   -399.97    445.45   2.15   0.20  -0.02
1996-12-19T07:00:25.280     51.13   -192.66   -397.58    444.75   2.15   0.20  -0.02
1996-12-19T07:00:25.614     53.46   -188.32   -395.47    441.27   2.15   0.20  -0.02
1996-12-19T07:00:25.947     53.91   -192.17   -398.28    445.49   2.15   0.20  -0.02
1996-12-19T07:00:26.280     55.17   -190.05   -397.21    443.78   2.15   0.20  -0.02
1996-12-19T07:00:26.614     52.57   -187.28   -397.97    442.96   2.15   0.20  -0.02
1996-12-19T07:00:26.947     55.70   -188.84   -399.06    444.98   2.15   0.19  -0.02
1996-12-19T07:00:27.280     56.18   -186.47   -398.13    443.21   2.15   0.19  -0.02
1996-12-19T07:00:27.614     50.06   -188.22   -398.27    443.34   2.15   0.19  -0.02
1996-12-19T07:00:27.947     52.51   -187.30   -398.53    443.47   2.15   0.19  -0.02
1996-12-19T07:00:28.280     50.02   -189.23   -397.05    442.67   2.16   0.19  -0.02
1996-12-19T07:00:28.614     47.77   -185.80   -399.72    443.37   2.16   0.19  -0.02
1996-12-19T07:00:28.947     43.75   -186.82   -396.34    440.34   2.16   0.19  -0.02
1996-12-19T07:00:29.280     42.64   -185.88   -398.03    441.36   2.16   0.19  -0.02
1996-12-19T07:00:29.614     43.74   -183.31   -399.14    441.39   2.16   0.19  -0.02
1996-12-19T07:00:29.947     46.07   -187.15   -395.85    440.28   2.16   0.19  -0.02
1996-12-19T07:00:30.280     46.46   -187.91   -393.31    438.36   2.16   0.19  -0.02
1996-12-19T07:00:30.614     52.22   -189.79   -394.02    440.45   2.16   0.19  -0.02
1996-12-19T07:00:30.947     54.67   -189.33   -393.46    440.05   2.16   0.19  -0.02
1996-12-19T07:00:31.280     54.96   -190.98   -394.05    441.33   2.16   0.18  -0.02
1996-12-19T07:00:31.614     57.85   -188.42   -393.54    440.14   2.17   0.18  -0.02
1996-12-19T07:00:31.947     50.47   -191.30   -394.28    441.14   2.17   0.18  -0.02
1996-12-19T07:00:32.280     46.63   -185.44   -394.07    438.02   2.17   0.18  -0.02
1996-12-19T07:00:32.614     44.86   -186.12   -396.56    440.36   2.17   0.18  -0.02
1996-12-19T07:00:32.947     45.02   -184.12   -395.51    438.58   2.17   0.18  -0.02
1996-12-19T07:00:33.280     51.41   -181.66   -396.97    439.58   2.17   0.18  -0.02
1996-12-19T07:00:33.614     48.11   -180.85   -397.58    439.42   2.17   0.18  -0.02
1996-12-19T07:00:33.947     53.38   -181.76   -401.46    443.91   2.17   0.18  -0.02
1996-12-19T07:00:34.280     54.90   -185.15   -400.68    444.79   2.17   0.18  -0.02
1996-12-19T07:00:34.614     55.36   -185.75   -397.91    442.61   2.17   0.18  -0.02
1996-12-19T07:00:34.947     47.98   -187.90   -400.93    445.37   2.17   0.18  -0.02
1996-12-19T07:00:35.280     46.19   -186.95   -399.17    443.20   2.18   0.18  -0.02
1996-12-19T07:00:35.614     46.26   -189.28   -398.53    443.61   2.18   0.18  -0.02
1996-12-19T07:00:35.947     48.88   -192.54   -397.40    444.29   2.18   0.17  -0.02
1996-12-19T07:00:36.280     51.47   -191.60   -397.66    444.40   2.18   0.17  -0.02
1996-12-19T07:00:36.614     52.96   -194.91   -401.22    449.19   2.18   0.17  -0.02
1996-12-19T07:00:36.947     54.67   -194.06   -398.88    446.93   2.18   0.17  -0.02
1996-12-19T07:00:37.280     51.70   -199.33   -396.40    446.69   2.18   0.17  -0.02
1996-12-19T07:00:37.614     45.69   -199.97   -399.27    448.88   2.18   0.17  -0.02
1996-12-19T07:00:37.947     46.08   -197.90   -398.37    447.20   2.18   0.17  -0.02
1996-12-19T07:00:38.280     48.16   -198.25   -398.59    447.77   2.18   0.17  -0.02
1996-12-19T07:00:38.614     50.57   -195.23   -400.64    448.54   2.19   0.17  -0.02
1996-12-19T07:00:38.947     50.14   -195.09   -400.04    447.89   2.19   0.17  -0.02
1996-12-19T07:00:39.280     49.02   -196.32   -402.13    450.17   2.19   0.17  -0.02
1996-12-19T07:00:39.614     46.26   -196.83   -400.95    449.05   2.19   0.17  -0.02
1996-12-19T07:00:39.947     42.29   -196.73   -397.04    445.12   2.19   0.17  -0.02
1996-12-19T07:00:40.280     45.54   -194.84   -400.56    447.75   2.19   0.17  -0.02
1996-12-19T07:00:40.614     44.64   -195.30   -399.05    446.52   2.19   0.16  -0.02
1996-12-19T07:00:40.947     45.20   -200.25   -396.86    446.81   2.19   0.16  -0.02
1996-12-19T07:00:41.280     38.08   -202.16   -393.42    443.96   2.19   0.16  -0.02
1996-12-19T07:00:41.614     38.59   -201.64   -395.17    445.32   2.19   0.16  -0.02
1996-12-19T07:00:41.947     40.90   -199.05   -393.48    442.86   2.19   0.16  -0.02
1996-12-19T07:00:42.280     50.13   -193.21   -396.85    444.22   2.20   0.16  -0.02
1996-12-19T07:00:42.614     56.36   -191.35   -396.95    444.25   2.20   0.16  -0.02
1996-12-19T07:00:42.947     54.28   -192.84   -396.70    444.41   2.20   0.16  -0.02
1996-12-19T07:00:43.280     55.49   -194.48   -394.81    443.60   2.20   0.16  -0.02
1996-12-19T07:00:43.614     51.34   -193.92   -394.58    442.64   2.20   0.16  -0.02
1996-12-19T07:00:43.947     45.61   -194.45   -394.65    442.31   2.20   0.16  -0.02
1996-12-19T07:00:44.280     45.17   -195.48   -391.60    440.00   2.20   0.16  -0.02
1996-12-19T07:00:44.614     44.29   -189.98   -391.86    437.73   2.20   0.16  -0.02
1996-12-19T07:00:44.947     44.22   -187.14   -392.04    436.66   2.20   0.15  -0.02
1996-12-19T07:00:45.280     43.75   -188.78   -392.36    437.60   2.20   0.15  -0.02
1996-12-19T07:00:45.614     42.98   -193.30   -391.99    439.17   2.21   0.15  -0.02
1996-12-19T07:00:45.947     42.57   -192.21   -393.86    440.32   2.21   0.15  -0.02
1996-12-19T07:00:46.280     39.04   -193.74   -391.89    438.91   2.21   0.15  -0.02
1996-12-19T07:00:46.614     37.25   -194.13   -391.81    438.85   2.21   0.15  -0.02
1996-12-19T07:00:46.947     33.19   -192.86   -395.98    441.70   2.21   0.15  -0.02
1996-12-19T07:00:47.280     38.94   -191.35   -397.15    442.56   2.21   0.15  -0.02
1996-12-19T07:00:47.614     43.61   -190.96   -396.28    442.04   2.21   0.15  -0.02
1996-12-19T07:00:47.947     50.01   -192.28   -396.54    443.53   2.21   0.15  -0.02
1996-12-19T07:00:48.280     51.73   -190.10   -397.71    443.83   2.21   0.15  -0.02
1996-12-19T07:00:48.614     53.18   -194.05   -397.31    445.36   2.21   0.15  -0.02
1996-12-19T07:00:48.947     53.05   -193.90   -399.32    447.07   2.21   0.15  -0.02
1996-12-19T07:00:49.280     52.17   -192.56   -398.95    446.05   2.22   0.15  -0.02
1996-12-19T07:00:49.614     57.02   -191.65   -399.90    447.10   2.22   0.14  -0.02
1996-12-19T07:00:49.947     60.58   -192.04   -400.01    447.84   2.22   0.14  -0.02
1996-12-19T07:00:50.280     60.86   -194.09   -397.10    446.16   2.22   0.14  -0.02
1996-12-19T07:00:50.614     58.20   -191.73   -400.49    447.82   2.22   0.14  -0.02
1996-12-19T07:00:50.947     53.78   -190.44   -398.09    444.56   2.22   0.14  -0.02
1996-12-19T07:00:51.280     48.02   -192.87   -398.23    445.08   2.22   0.14  -0.02
1996-12-19T07:00:51.614     45.89   -194.38   -398.97    446.17   2.22   0.14  -0.02
1996-12-19T07:00:51.947     44.44   -195.48   -399.65    447.11   2.22   0.14  -0.02
1996-12-19T07:00:52.280     49.21   -195.25   -398.48    446.46   2.22   0.14  -0.02
1996-12-19T07:00:52.614     48.29   -192.83   -398.88    445.67   2.22   0.14  -0.02
1996-12-19T07:00:52.947     47.63   -193.69   -399.27    446.32   2.23   0.14  -0.02
1996-12-19T07:00:53.280     47.01   -193.08   -400.27    446.89   2.23   0.14  -0.02
1996-12-19T07:00:53.614     47.59   -191.50   -399.48    445.56   2.23   0.14  -0.02
1996-12-19T07:00:53.947     47.94   -193.43   -400.73    447.55   2.23   0.14  -0.02
1996-12-19T07:00:54.280     47.80   -189.82   -398.27    443.77   2.23   0.13  -0.02
1996-12-19T07:00:54.614     50.31   -189.10   -400.14    445.42   2.23   0.13  -0.02
1996-12-19T07:00:54.947     52.80   -189.21   -400.86    446.40   2.23   0.13  -0.02
1996-12-19T07:00:55.280     52.60   -189.81   -401.48    447.19   2.23   0.13  -0.02
1996-12-19T07:00:55.614     56.14   -189.04   -398.26    444.41   2.23   0.13  -0.02
1996-12-19T07:00:55.947     55.15   -186.62   -402.04    446.66   2.23   0.13  -0.02
1996-12-19T07:00:56.280     56.28   -185.01   -401.04    445.22   2.24   0.13  -0.02
1996-12-19T07:00:56.614     52.21   -185.23   -402.86    446.46   2.24   0.13  -0.02
1996-12-19T07:00:56.947     46.94   -188.02   -401.87    446.15   2.24   0.13  -0.02
1996-12-19T07:00:57.280     44.39   -190.06   -396.33    441.78   2.24   0.13  -0.02
1996-12-19T07:00:57.614     45.17   -193.32   -395.31    442.36   2.24   0.13  -0.02
1996-12-19T07:00:57.947     44.35   -191.70   -394.89    441.19   2.24   0.13  -0.02
1996-12-19T07:00:58.280     46.39   -197.53   -394.18    443.34   2.24   0.13  -0.02
1996-12-19T07:00:58.614     40.53   -196.38   -397.23    444.97   2.24   0.12  -0.02
1996-12-19T07:00:58.947     38.63   -196.52   -398.37    445.88   2.24   0.12  -0.02
1996-12-19T07:00:59.280     41.84   -198.67   -395.21    444.31   2.24   0.12  -0.02
1996-12-19T07:00:59.614     45.15   -197.47   -397.65    446.28   2.24   0.12  -0.02
1996-12-19T07:00:59.947     49.65   -193.19   -396.34    443.70   2.25   0.12  -0.02
1996-12-19T07:01:00.280     52.06   -191.68   -393.40    440.70   2.25   0.12  -0.02
1996-12-19T07:01:00.614     48.30   -194.97   -394.73    442.90   2.25   0.12  -0.02
1996-12-19T07:01:00.947     43.49   -195.16   -393.25    441.16   2.25   0.12  -0.02
1996-12-19T07:01:01.280     43.32   -194.16   -390.89    438.60   2.25   0.12  -0.02
1996-12-19T07:01:01.614     39.34   -193.22   -390.13    437.13   2.25   0.12  -0.02
1996-12-19T07:01:01.947     38.15   -194.02   -390.61    437.80   2.25   0.12  -0.02
1996-12-19T07:01:02.280     39.43   -196.14   -388.26    436.77   2.25   0.12  -0.02
1996-12-19T07:01:02.614     39.22   -194.80   -388.34    436.22   2.25   0.12  -0.02
1996-12-19T07:01:02.947     40.07   -196.60   -390.45    438.99   2.25   0.12  -0.02
1996-12-19T07:01:03.280     42.81   -195.28   -388.95    437.32   2.26   0.11  -0.02
1996-12-19T07:01:03.614     43.40   -191.41   -390.84    437.35   2.26   0.11  -0.02
1996-12-19T07:01:03.947     44.88   -193.27   -392.34    439.66   2.26   0.11  -0.02
1996-12-19T07:01:04.280     48.98   -192.03   -392.76    439.93   2.26   0.11  -0.02
1996-12-19T07:01:04.614     51.62   -193.47   -391.09    439.37   2.26   0.11  -0.02
1996-12-19T07:01:04.947     49.47   -189.69   -389.86    436.38   2.26   0.11  -0.02
1996-12-19T07:01:05.280     47.58   -187.03   -392.54    437.42   2.26   0.11  -0.02
1996-12-19T07:01:05.614     50.54   -181.77   -393.19    436.11   2.26   0.11  -0.02
1996-12-19T07:01:05.947     50.99   -178.21   -392.50    434.07   2.26   0.11  -0.02
1996-12-19T07:01:06.280     43.60   -179.20   -396.21    437.03   2.26   0.11  -0.02
1996-12-19T07:01:06.614     40.06   -180.89   -397.06    438.16   2.26   0.11  -0.02
1996-12-19T07:01:06.947     31.58   -185.48   -395.23    437.73   2.27   0.11  -0.02
1996-12-19T07:01:07.280     24.06   -182.69   -395.59    436.40   2.27   0.11  -0.02
1996-12-19T07:01:07.614     22.91   -186.03   -394.89    437.12   2.27   0.10  -0.02
1996-12-19T07:01:07.947     22.24   -184.98   -397.32    438.83   2.27   0.10  -0.02
1996-12-19T07:01:08.280     27.08   -186.94   -400.86    443.13   2.27   0.10  -0.02
1996-12-19T07:01:08.614     29.05   -188.30   -395.33    438.85   2.27   0.10  -0.02
1996-12-19T07:01:08.947     29.30   -186.38   -397.07    439.61   2.27   0.10  -0.02
1996-12-19T07:01:09.280     21.98   -188.29   -396.60    439.58   2.27   0.10  -0.02
1996-12-19T07:01:09.614     22.01   -187.20   -393.96    436.73   2.27   0.10  -0.02
1996-12-19T07:01:09.947     17.94   -184.53   -393.96    435.41   2.27   0.10  -0.02
1996-12-19T07:01:10.280     14.83   -187.74   -395.02    437.62   2.28   0.10  -0.02
1996-12-19T07:01:10.614     12.61   -192.33   -396.39    440.77   2.28   0.10  -0.02
1996-12-19T07:01:10.947     13.15   -193.06   -397.17    441.80   2.28   0.10  -0.02
1996-12-19T07:01:11.280     16.53   -193.78   -395.52    440.75   2.28   0.10  -0.02
1996-12-19T07:01:11.614     10.13   -195.79   -395.44    441.37   2.28   0.10  -0.02
1996-12-19T07:01:11.947     15.02   -196.35   -394.98    441.35   2.28   0.10  -0.02
1996-12-19T07:01:12.280      8.08   -197.73   -395.89    442.59   2.28   0.09  -0.02
1996-12-19T07:01:12.614     13.31   -196.45   -394.87    441.24   2.28   0.09  -0.02
1996-12-19T07:01:12.947     15.66   -199.88   -391.34    439.71   2.28   0.09  -0.02
1996-12-19T07:01:13.280     23.90   -197.93   -391.57    439.40   2.28   0.09  -0.02
1996-12-19T07:01:13.614     23.84   -196.66   -392.09    439.30   2.28   0.09  -0.02
1996-12-19T07:01:13.947     26.51   -194.71   -391.83    438.34   2.29   0.09  -0.02
1996-12-19T07:01:14.280     27.62   -193.87   -390.98    437.28   2.29   0.09  -0.02
1996-12-19T07:01:14.614     20.18   -195.99   -393.44    440.01   2.29   0.09  -0.02
1996-12-19T07:01:14.947     16.33   -195.58   -389.51    436.16   2.29   0.09  -0.02
1996-12-19T07:01:15.280     16.17   -196.02   -392.90    439.38   2.29   0.09  -0.02
1996-12-19T07:01:15.614     15.29   -198.27   -390.44    438.16   2.29   0.09  -0.02
1996-12-19T07:01:15.947     17.04   -198.12   -391.00    438.66   2.29   0.09  -0.02
1996-12-19T07:01:16.280     21.42   -195.33   -391.91    438.42   2.29   0.09  -0.02
1996-12-19T07:01:16.614     25.83   -194.76   -394.94    441.10   2.29   0.09  -0.02
1996-12-19T07:01:16.947     33.11   -196.89   -396.13    443.60   2.29   0.08  -0.02
1996-12-19T07:01:17.280     32.28   -195.08   -397.40    443.87   2.30   0.08  -0.02
1996-12-19T07:01:17.614     32.99   -192.82   -393.87    439.78   2.30   0.08  -0.02
1996-12-19T07:01:17.947     35.53   -192.18   -397.20    442.68   2.30   0.08  -0.02
1996-12-19T07:01:18.280     37.98   -191.29   -395.19    440.69   2.30   0.08  -0.02
1996-12-19T07:01:18.614     31.32   -193.86   -392.48    438.87   2.30   0.08  -0.02
1996-12-19T07:01:18.947     27.17   -194.48   -391.85    438.30   2.30   0.08  -0.02
1996-12-19T07:01:19.280     27.37   -192.11   -393.99    439.19   2.30   0.08  -0.02
1996-12-19T07:01:19.614     23.05   -193.26   -393.37    438.89   2.30   0.08  -0.02
1996-12-19T07:01:19.947     20.67   -197.01   -391.65    438.90   2.30   0.08  -0.02
1996-12-19T07:01:20.280     19.50   -199.83   -394.18    442.37   2.30   0.08  -0.02
1996-12-19T07:01:20.614     27.16   -195.58   -393.50    440.26   2.30   0.08  -0.02
1996-12-19T07:01:20.947     35.08   -193.17   -393.67    439.91   2.31   0.08  -0.02
1996-12-19T07:01:21.280     42.53   -192.02   -394.42    440.73   2.31   0.07  -0.02
1996-12-19T07:01:21.614     44.04   -183.68   -397.05    439.69   2.31   0.07  -0.02
1996-12-19T07:01:21.947     51.73   -178.91   -398.30    439.69   2.31   0.07  -0.02
1996-12-19T07:01:22.280     44.13   -182.05   -396.23    438.28   2.31   0.07  -0.02
1996-12-19T07:01:22.614     41.77   -185.17   -392.69    436.16   2.31   0.07  -0.02
1996-12-19T07:01:22.947     29.63   -189.67   -389.79    434.50   2.31   0.07  -0.02
1996-12-19T07:01:23.280     21.96   -196.93   -389.00    436.55   2.31   0.07  -0.02
1996-12-19T07:01:23.614     21.63   -198.33   -389.17    437.33   2.31   0.07  -0.02
1996-12-19T07:01:23.947     25.39   -198.86   -387.80    436.56   2.31   0.07  -0.02
1996-12-19T07:01:24.280     24.49   -196.90   -389.02    436.70   2.32   0.07  -0.02
1996-12-19T07:01:24.614     21.99   -203.41   -385.93    436.81   2.32   0.07  -0.02
1996-12-19T07:01:24.947     21.39   -204.01   -383.13    434.59   2.32   0.07  -0.02
1996-12-19T07:01:25.280     16.56   -208.09   -379.81    433.39   2.32   0.07  -0.02
1996-12-19T07:01:25.614     24.76   -204.06   -379.56    431.65   2.32   0.07  -0.02
1996-12-19T07:01:25.947     29.50   -205.09   -378.10    431.15   2.32   0.06  -0.02
1996-12-19T07:01:26.280     28.14   -206.77   -376.58    430.53   2.32   0.06  -0.02
1996-12-19T07:01:26.614     23.37   -202.01   -377.26    428.58   2.32   0.06  -0.02
1996-12-19T07:01:26.947     20.18   -197.57   -378.33    427.29   2.32   0.06  -0.02
1996-12-19T07:01:27.280     12.35   -195.28   -384.40    431.33   2.32   0.06  -0.02
1996-12-19T07:01:27.614      9.28   -191.48   -385.56    430.59   2.32   0.06  -0.02
1996-12-19T07:01:27.947      9.46   -192.92   -383.69    429.57   2.33   0.06  -0.02
1996-12-19T07:01:28.280      9.11   -192.97   -384.12    429.97   2.33   0.06  -0.02
1996-12-19T07:01:28.614      8.47   -193.78   -384.35    430.52   2.33   0.06  -0.02
1996-12-19T07:01:28.947     14.92   -193.27   -385.11    431.15   2.33   0.06  -0.02
1996-12-19T07:01:29.280     19.72   -190.55   -384.93    429.97   2.33   0.06  -0.02
1996-12-19T07:01:29.614     27.04   -190.13   -385.31    430.52   2.33   0.06  -0.02
1996-12-19T07:01:29.947     27.92   -192.84   -385.08    431.57   2.33   0.06  -0.02
1996-12-19T07:01:30.280     26.39   -190.83   -385.00    430.51   2.33   0.06  -0.02
1996-12-19T07:01:30.614     24.67   -186.25   -386.53    429.77   2.33   0.05  -0.02
1996-12-19T07:01:30.947     21.91   -184.79   -393.38    435.17   2.33   0.05  -0.02
1996-12-19T07:01:31.280     27.67   -182.82   -394.19    435.40   2.34   0.05  -0.02
1996-12-19T07:01:31.614     37.12   -179.09   -391.57    432.18   2.34   0.05  -0.02
1996-12-19T07:01:31.947     37.44   -176.89   -388.06    428.12   2.34   0.05  -0.02
1996-12-19T07:01:32.280     27.36   -178.67   -387.14    427.26   2.34   0.05  -0.02
1996-12-19T07:01:32.614     11.51   -178.17   -386.48    425.73   2.34   0.05  -0.02
1996-12-19T07:01:32.947     12.32   -177.34   -384.55    423.65   2.34   0.05  -0.02
1996-12-19T07:01:33.280     21.21   -180.20   -384.43    425.10   2.34   0.05  -0.02
1996-12-19T07:01:33.614     31.42   -179.65   -380.55    422.00   2.34   0.05  -0.02
1996-12-19T07:01:33.947     33.37   -175.07   -375.17    415.35   2.34   0.05  -0.02
1996-12-19T07:01:34.280     23.45   -171.65   -380.40    417.99   2.34   0.05  -0.02
1996-12-19T07:01:34.614     13.06   -169.24   -380.61    416.75   2.34   0.05  -0.02
1996-12-19T07:01:34.947      2.27   -171.65   -382.33    419.10   2.35   0.04  -0.02
1996-12-19T07:01:35.280     -3.54   -178.92   -380.97    420.91   2.35   0.04  -0.02
1996-12-19T07:01:35.614    -15.20   -182.60   -379.00    420.97   2.35   0.04  -0.02
1996-12-19T07:01:35.947     -9.61   -193.37   -377.02    423.82   2.35   0.04  -0.02
1996-12-19T07:01:36.280     -4.02   -201.16   -370.43    421.55   2.35   0.04  -0.02
1996-12-19T07:01:36.614      1.40   -204.32   -371.10    423.63   2.35   0.04  -0.02
1996-12-19T07:01:36.947     11.28   -204.53   -372.22    424.86   2.35   0.04  -0.02
1996-12-19T07:01:37.280     18.92   -200.00   -372.69    423.39   2.35   0.04  -0.02
1996-12-19T07:01:37.614     13.29   -205.06   -371.76    424.77   2.35   0.04  -0.02
1996-12-19T07:01:37.947     10.83   -200.42   -371.24    422.03   2.35   0.04  -0.02
1996-12-19T07:01:38.280     11.07   -198.79   -374.61    424.23   2.36   0.04  -0.02
1996-12-19T07:01:38.614      6.09   -193.61   -374.72    421.83   2.36   0.04  -0.02
1996-12-19T07:01:38.947      0.27   -191.88   -375.57    421.75   2.36   0.04  -0.02
1996-12-19T07:01:39.280     -7.30   -190.51   -374.12    419.90   2.36   0.04  -0.02
1996-12-19T07:01:39.614    -18.06   -182.23   -378.18    420.19   2.36   0.03  -0.02
1996-12-19T07:01:39.947     16.93   -199.97   -371.02    421.82   2.36   0.03  -0.02
1996-12-19T07:01:40.280     36.67   -197.73   -367.04    418.52   2.36   0.03  -0.02
1996-12-19T07:01:40.614     60.25   -201.22   -358.95    415.89   2.36   0.03  -0.02
1996-12-19T07:01:40.947     48.56   -190.64   -354.72    405.62   2.36   0.03  -0.02
1996-12-19T07:01:41.280     38.17   -181.76   -376.85    420.13   2.36   0.03  -0.02
1996-12-19T07:01:41.614     36.88   -181.16   -386.83    428.74   2.36   0.03  -0.02
1996-12-19T07:01:41.947     34.18   -171.07   -384.31    422.06   2.37   0.03  -0.02
1996-12-19T07:01:42.280     25.51   -164.48   -384.37    418.86   2.37   0.03  -0.02
1996-12-19T07:01:42.614     15.12   -159.00   -381.03    413.15   2.37   0.03  -0.02
1996-12-19T07:01:42.947      7.62   -162.08   -377.13    410.56   2.37   0.03  -0.02
1996-12-19T07:01:43.280      1.28   -164.20   -373.96    408.43   2.37   0.03  -0.02
1996-12-19T07:01:43.614     -3.17   -165.32   -374.67    409.53   2.37   0.03  -0.02
1996-12-19T07:01:43.947    -10.31   -160.09   -376.64    409.38   2.37   0.02  -0.02
1996-12-19T07:01:44.280    -27.13   -151.81   -372.02    402.72   2.37   0.02  -0.02
1996-12-19T07:01:44.614    -19.25   -162.83   -373.53    407.93   2.37   0.02  -0.02
1996-12-19T07:01:44.947      9.90   -180.64   -366.55    408.77   2.37   0.02  -0.02
1996-12-19T07:01:45.280     49.75   -193.52   -369.77    420.30   2.37   0.02  -0.02
1996-12-19T07:01:45.614     52.83   -191.54   -377.31    426.43   2.38   0.02  -0.02
1996-12-19T07:01:45.947     41.16   -184.22   -379.02    423.42   2.38   0.02  -0.02
1996-12-19T07:01:46.280     54.63   -192.64   -366.02    417.21   2.38   0.02  -0.02
1996-12-19T07:01:46.614     66.03   -200.09   -372.82    428.24   2.38   0.02  -0.02
1996-12-19T07:01:46.947     71.07   -202.75   -374.09    431.40   2.38   0.02  -0.02
1996-12-19T07:01:47.280     70.65   -201.60   -378.51    434.63   2.38   0.02  -0.02
1996-12-19T07:01:47.614     68.72   -199.88   -380.80    435.52   2.38   0.02  -0.02
1996-12-19T07:01:47.947     66.30   -200.99   -378.47    433.63   2.38   0.02  -0.02
1996-12-19T07:01:48.280     62.99   -202.08   -383.97    438.45   2.38   0.02  -0.02
1996-12-19T07:01:48.614     61.58   -200.74   -384.93    438.47   2.38   0.01  -0.02
1996-12-19T07:01:48.947     58.39   -202.83   -383.55    437.79   2.39   0.01  -0.02
1996-12-19T07:01:49.280     53.76   -200.37   -383.91    436.38   2.39   0.01  -0.02
1996-12-19T07:01:49.614     50.86   -198.14   -387.12    437.84   2.39   0.01  -0.02
1996-12-19T07:01:49.947     49.89   -199.56   -386.64    437.96   2.39   0.01  -0.02
1996-12-19T07:01:50.280     53.21   -200.47   -386.04    438.23   2.39   0.01  -0.02
1996-12-19T07:01:50.614     54.82   -198.43   -385.89    437.36   2.39   0.01  -0.02
1996-12-19T07:01:50.947     49.49   -199.83   -388.82    439.96   2.39   0.01  -0.02
1996-12-19T07:01:51.280     49.66   -194.95   -387.65    436.75   2.39   0.01  -0.02
1996-12-19T07:01:51.614     50.56   -195.92   -387.87    437.47   2.39   0.01  -0.02
1996-12-19T07:01:51.947     51.40   -195.35   -389.22    438.52   2.39   0.01  -0.02
1996-12-19T07:01:52.280     51.28   -195.72   -387.63    437.26   2.39   0.01  -0.02
1996-12-19T07:01:52.614     47.60   -195.49   -388.23    437.27   2.40   0.01  -0.02
1996-12-19T07:01:52.947     48.51   -198.92   -388.64    439.27   2.40   0.01  -0.02
1996-12-19T07:01:53.280     50.23   -197.53   -388.22    438.47   2.40   0.00  -0.02
1996-12-19T07:01:53.614     48.32   -193.57   -391.77    439.64   2.40   0.00  -0.02
1996-12-19T07:01:53.947     50.23   -191.42   -390.17    437.49   2.40   0.00  -0.02
1996-12-19T07:01:54.280     51.82   -194.51   -390.87    439.66   2.40   0.00  -0.02
1996-12-19T07:01:54.614     45.25   -192.96   -391.00    438.36   2.40   0.00  -0.02
1996-12-19T07:01:54.947     47.80   -190.11   -388.65    435.29   2.40   0.00  -0.02
1996-12-19T07:01:55.280     52.57   -192.29   -388.07    436.27   2.40  -0.00  -0.02
1996-12-19T07:01:55.614     53.21   -190.37   -391.10    438.21   2.40  -0.00  -0.02
1996-12-19T07:01:55.947     52.96   -193.20   -390.05    438.48   2.41  -0.00  -0.02
1996-12-19T07:01:56.280     54.48   -188.63   -395.03    441.14   2.41  -0.00  -0.02
1996-12-19T07:01:56.614     53.66   -189.45   -394.54    440.95   2.41  -0.00  -0.02
1996-12-19T07:01:56.947     50.33   -189.08   -396.02    441.72   2.41  -0.00  -0.02
1996-12-19T07:01:57.280     51.48   -188.55   -396.14    441.74   2.41  -0.00  -0.02
1996-12-19T07:01:57.614     52.16   -191.12   -395.46    442.31   2.41  -0.01  -0.02
1996-12-19T07:01:57.947     55.82   -189.63   -395.89    442.49   2.41  -0.01  -0.02
1996-12-19T07:01:58.280     57.62   -190.51   -392.37    439.97   2.41  -0.01  -0.02
1996-12-19T07:01:58.614     59.23   -193.14   -393.69    442.50   2.41  -0.01  -0.02
1996-12-19T07:01:58.947     63.39   -195.31   -391.32    441.93   2.41  -0.01  -0.02
1996-12-19T07:01:59.280     60.90   -196.41   -391.14    441.90   2.41  -0.01  -0.02
1996-12-19T07:01:59.614     62.91   -195.79   -391.46    442.19   2.42  -0.01  -0.02
1996-12-19T07:01:59.947     62.75   -196.57   -389.80    441.05   2.42  -0.01  -0.02
1996-12-19T07:02:00.280     63.50   -198.02   -388.88    440.99   2.42  -0.01  -0.02
1996-12-19T07:02:00.614     61.68   -198.15   -389.32    441.18   2.42  -0.01  -0.02
1996-12-19T07:02:00.947     63.11   -200.63   -389.09    442.30   2.42  -0.01  -0.02
1996-12-19T07:02:01.280     61.76   -201.05   -388.85    442.09   2.42  -0.01  -0.02
1996-12-19T07:02:01.614     62.72   -198.72   -389.27    441.53   2.42  -0.01  -0.02
1996-12-19T07:02:01.947     61.18   -197.38   -391.48    442.68   2.42  -0.01  -0.02
1996-12-19T07:02:02.280     59.63   -198.48   -390.67    442.24   2.42  -0.02  -0.02
1996-12-19T07:02:02.614     62.17   -197.82   -390.41    442.06   2.42  -0.02  -0.02
1996-12-19T07:02:02.947     61.75   -198.07   -392.09    443.60   2.43  -0.02  -0.02
1996-12-19T07:02:03.280     60.09   -198.28   -393.45    444.67   2.43  -0.02  -0.02
1996-12-19T07:02:03.614     62.28   -198.96   -391.85    443.86   2.43  -0.02  -0.02
1996-12-19T07:02:03.947     58.10   -197.39   -394.31    444.77   2.43  -0.02  -0.02
1996-12-19T07:02:04.280     58.49   -194.37   -391.54    441.02   2.43  -0.02  -0.02
1996-12-19T07:02:04.614     57.50   -194.95   -392.77    442.24   2.43  -0.02  -0.02
1996-12-19T07:02:04.947     52.58   -193.45   -393.55    441.66   2.43  -0.02  -0.02
1996-12-19T07:02:05.280     50.88   -193.39   -392.98    440.94   2.43  -0.02  -0.02
1996-12-19T07:02:05.614     49.87   -197.91   -392.78    442.64   2.43  -0.02  -0.02
1996-12-19T07:02:05.947     56.79   -196.60   -392.62    442.75   2.43  -0.02  -0.02
1996-12-19T07:02:06.280     53.48   -193.96   -394.08    442.48   2.43  -0.02  -0.02
1996-12-19T07:02:06.614     53.97   -196.16   -395.26    444.55   2.44  -0.03  -0.02
1996-12-19T07:02:06.947     52.94   -193.46   -394.35    442.42   2.44  -0.03  -0.02
1996-12-19T07:02:07.280     53.65   -194.78   -394.56    443.28   2.44  -0.03  -0.02
1996-12-19T07:02:07.614     53.82   -194.22   -395.04    443.48   2.44  -0.03  -0.02
1996-12-19T07:02:07.947     58.05   -195.35   -394.21    443.77   2.44  -0.03  -0.02
1996-12-19T07:02:08.280     55.50   -193.24   -392.55    441.04   2.44  -0.03  -0.02
1996-12-19T07:02:08.614     56.79   -195.14   -393.09    442.52   2.44  -0.03  -0.02
1996-12-19T07:02:08.947     56.13   -195.73   -393.93    443.44   2.44  -0.03  -0.02
1996-12-19T07:02:09.280     58.07   -193.97   -390.80    440.13   2.44  -0.03  -0.02
1996-12-19T07:02:09.614     60.57   -198.06   -392.49    443.78   2.44  -0.03  -0.02
1996-12-19T07:02:09.947     57.42   -198.80   -389.54    441.09   2.45  -0.03  -0.02
1996-12-19T07:02:10.280     51.49   -195.47   -393.87    442.72   2.45  -0.03  -0.02
1996-12-19T07:02:10.614     56.36   -195.33   -392.32    441.86   2.45  -0.03  -0.02
1996-12-19T07:02:10.947     56.75   -197.86   -394.20    444.70   2.45  -0.03  -0.02
1996-12-19T07:02:11.280     52.22   -194.28   -394.64    442.96   2.45  -0.04  -0.02
1996-12-19T07:02:11.614     53.84   -194.28   -392.71    441.44   2.45  -0.04  -0.02
1996-12-19T07:02:11.947     53.61   -192.59   -395.40    443.06   2.45  -0.04  -0.02
1996-12-19T07:02:12.280     51.59   -193.05   -395.54    443.15   2.45  -0.04  -0.02
1996-12-19T07:02:12.614     50.38   -188.96   -394.43    440.25   2.45  -0.04  -0.02
1996-12-19T07:02:12.947     52.53   -190.59   -395.38    442.05   2.45  -0.04  -0.02
1996-12-19T07:02:13.280     54.42   -192.23   -394.08    441.83   2.45  -0.04  -0.02
1996-12-19T07:02:13.614     54.15   -193.43   -395.60    443.68   2.46  -0.04  -0.02
1996-12-19T07:02:13.947     53.44   -194.24   -393.66    442.21   2.46  -0.04  -0.02
1996-12-19T07:02:14.280     53.48   -195.95   -393.66    442.97   2.46  -0.04  -0.02
1996-12-19T07:02:14.614     54.99   -193.07   -396.69    444.59   2.46  -0.04  -0.02
1996-12-19T07:02:14.947     53.92   -192.46   -397.40    444.83   2.46  -0.04  -0.02
1996-12-19T07:02:15.280     55.53   -192.42   -396.56    444.26   2.46  -0.04  -0.02
1996-12-19T07:02:15.614     50.19   -189.66   -398.31    444.01   2.46  -0.04  -0.02
1996-12-19T07:02:15.947     48.38   -193.40   -397.15    444.38   2.46  -0.05  -0.02
1996-12-19T07:02:16.280     52.45   -191.97   -398.66    445.57   2.46  -0.05  -0.02
1996-12-19T07:02:16.614     54.73   -192.66   -397.03    444.69   2.46  -0.05  -0.02
1996-12-19T07:02:16.947     55.04   -194.46   -396.88    445.37   2.46  -0.05  -0.02
1996-12-19T07:02:17.280     58.67   -193.77   -396.76    445.43   2.47  -0.05  -0.02
1996-12-19T07:02:17.614     54.63   -195.21   -394.44    443.49   2.47  -0.05  -0.02
1996-12-19T07:02:17.947     56.53   -196.11   -395.26    444.85   2.47  -0.05  -0.02
1996-12-19T07:02:18.280     55.96   -196.45   -395.66    445.28   2.47  -0.05  -0.02
1996-12-19T07:02:18.614     60.57   -193.84   -394.56    443.75   2.47  -0.05  -0.02
1996-12-19T07:02:18.947     57.84   -198.63   -395.51    446.35   2.47  -0.05  -0.02
1996-12-19T07:02:19.280     61.16   -197.18   -395.90    446.50   2.47  -0.05  -0.02
1996-12-19T07:02:19.614     59.66   -197.45   -392.79    443.65   2.47  -0.05  -0.02
1996-12-19T07:02:19.947     62.66   -197.45   -393.27    444.49   2.47  -0.05  -0.02
1996-12-19T07:02:20.280     61.81   -197.99   -392.64    444.06   2.47  -0.06  -0.02
1996-12-19T07:02:20.614     58.98   -196.48   -395.58    445.61   2.48  -0.06  -0.02
1996-12-19T07:02:20.947     59.69   -200.82   -392.76    445.15   2.48  -0.06  -0.02
1996-12-19T07:02:21.280     59.67   -198.88   -392.19    443.77   2.48  -0.06  -0.02
1996-12-19T07:02:21.614     58.31   -198.84   -393.45    444.68   2.48  -0.06  -0.02
1996-12-19T07:02:21.947     58.23   -199.34   -392.03    443.64   2.48  -0.06  -0.02
1996-12-19T07:02:22.280     59.03   -198.45   -394.66    445.67   2.48  -0.06  -0.02
1996-12-19T07:02:22.614     57.39   -197.18   -393.93    444.24   2.48  -0.06  -0.02
1996-12-19T07:02:22.947     56.72   -196.01   -394.28    443.95   2.48  -0.06  -0.02
1996-12-19T07:02:23.280     59.64   -195.83   -393.90    443.92   2.48  -0.06  -0.02
1996-12-19T07:02:23.614     56.34   -195.34   -392.73    442.23   2.48  -0.06  -0.02
1996-12-19T07:02:23.947     54.40   -193.09   -393.73    441.89   2.48  -0.06  -0.02
1996-12-19T07:02:24.280     55.50   -194.58   -393.60    442.56   2.49  -0.06  -0.02
1996-12-19T07:02:24.614     57.48   -194.67   -394.50    443.66   2.49  -0.06  -0.02
1996-12-19T07:02:24.947     54.34   -194.08   -394.93    443.39   2.49  -0.07  -0.02
1996-12-19T07:02:25.280     60.72   -195.58   -394.67    444.64   2.49  -0.07  -0.02
1996-12-19T07:02:25.614     58.38   -195.51   -395.09    444.67   2.49  -0.07  -0.02
1996-12-19T07:02:25.947     62.02   -193.28   -392.49    441.87   2.49  -0.07  -0.02
1996-12-19T07:02:26.280     61.39   -191.96   -394.39    442.90   2.49  -0.07  -0.02
1996-12-19T07:02:26.614     56.67   -192.84   -395.63    443.76   2.49  -0.07  -0.02
1996-12-19T07:02:26.947     58.36   -193.82   -394.53    443.42   2.49  -0.07  -0.02
1996-12-19T07:02:27.280     57.76   -194.82   -394.32    443.60   2.49  -0.07  -0.02
1996-12-19T07:02:27.614     56.66   -193.65   -391.18    440.15   2.50  -0.07  -0.02
1996-12-19T07:02:27.947     56.02   -194.73   -393.79    442.86   2.50  -0.07  -0.02
1996-12-19T07:02:28.280     54.98   -193.70   -391.64    440.37   2.50  -0.07  -0.02
1996-12-19T07:02:28.614     55.02   -192.61   -395.46    443.30   2.50  -0.07  -0.02
1996-12-19T07:02:28.947     58.43   -193.25   -392.81    441.65   2.50  -0.07  -0.02
1996-12-19T07:02:29.280     60.59   -193.44   -389.40    439.00   2.50  -0.07  -0.02
1996-12-19T07:02:29.614     59.52   -195.70   -393.76    443.72   2.50  -0.08  -0.02
1996-12-19T07:02:29.947     59.31   -194.71   -394.92    444.28   2.50  -0.08  -0.02
1996-12-19T07:02:30.280     59.80   -193.27   -395.09    443.88   2.50  -0.08  -0.02
1996-12-19T07:02:30.614     55.21   -193.00   -393.23    441.50   2.50  -0.08  -0.02
1996-12-19T07:02:30.947     55.74   -194.91   -395.53    444.45   2.50  -0.08  -0.02
1996-12-19T07:02:31.280     57.17   -194.55   -395.11    444.10   2.51  -0.08  -0.02
1996-12-19T07:02:31.614     59.75   -193.82   -394.48    443.57   2.51  -0.08  -0.02
1996-12-19T07:02:31.947     59.14   -194.67   -396.39    445.56   2.51  -0.08  -0.02
1996-12-19T07:02:32.280     56.32   -193.70   -394.39    442.98   2.51  -0.08  -0.02
1996-12-19T07:02:32.614     52.30   -194.34   -396.04    444.24   2.51  -0.08  -0.02
1996-12-19T07:02:32.947     58.47   -195.87   -395.17    444.91   2.51  -0.08  -0.02
1996-12-19T07:02:33.280     55.25   -196.75   -392.92    442.89   2.51  -0.08  -0.02
1996-12-19T07:02:33.614     57.35   -194.27   -396.03    444.83   2.51  -0.08  -0.02
1996-12-19T07:02:33.947     52.90   -192.55   -397.04    444.43   2.51  -0.09  -0.02
1996-12-19T07:02:34.280     55.91   -193.97   -393.52    442.28   2.51  -0.09  -0.02
1996-12-19T07:02:34.614     52.04   -195.01   -398.86    447.02   2.52  -0.09  -0.02
1996-12-19T07:02:34.947     51.83   -190.49   -397.87    444.16   2.52  -0.09  -0.02
1996-12-19T07:02:35.280     52.96   -196.46   -394.03    443.47   2.52  -0.09  -0.02
1996-12-19T07:02:35.614     55.36   -195.44   -394.98    444.15   2.52  -0.09  -0.02
1996-12-19T07:02:35.947     53.31   -193.97   -395.75    443.95   2.52  -0.09  -0.02
1996-12-19T07:02:36.280     58.39   -192.93   -396.01    444.36   2.52  -0.09  -0.02
1996-12-19T07:02:36.614     54.07   -194.63   -397.28    445.68   2.52  -0.09  -0.02
1996-12-19T07:02:36.947     54.78   -192.96   -395.48    443.44   2.52  -0.09  -0.02
1996-12-19T07:02:37.280     55.79   -193.22   -396.67    444.74   2.52  -0.09  -0.02
1996-12-19T07:02:37.614     56.08   -193.81   -397.77    446.02   2.52  -0.09  -0.02
1996-12-19T07:02:37.947     57.00   -197.17   -395.77    445.83   2.52  -0.09  -0.02
1996-12-19T07:02:38.280     57.15   -197.94   -395.67    446.09   2.53  -0.09  -0.02
1996-12-19T07:02:38.614     55.75   -192.85   -395.26    443.32   2.53  -0.10  -0.02
1996-12-19T07:02:38.947     57.60   -194.50   -396.10    445.02   2.53  -0.10  -0.02
1996-12-19T07:02:39.280     59.24   -191.42   -396.69    444.43   2.53  -0.10  -0.02
1996-12-19T07:02:39.614     55.05   -193.81   -398.22    446.29   2.53  -0.10  -0.02
1996-12-19T07:02:39.947     59.32   -194.45   -397.04    446.06   2.53  -0.10  -0.02
1996-12-19T07:02:40.280     56.33   -193.63   -394.63    443.17   2.53  -0.10  -0.02
1996-12-19T07:02:40.614     55.14   -194.32   -395.68    444.26   2.53  -0.10  -0.02
1996-12-19T07:02:40.947     52.76   -192.93   -394.61    442.41   2.53  -0.10  -0.02
1996-12-19T07:02:41.280     58.62   -192.51   -394.88    443.20   2.53  -0.10  -0.02
1996-12-19T07:02:41.614     55.67   -194.63   -397.67    446.23   2.53  -0.10  -0.02
1996-12-19T07:02:41.947     55.09   -197.86   -396.77    446.78   2.54  -0.10  -0.02
1996-12-19T07:02:42.280     52.40   -197.14   -397.76    447.02   2.54  -0.10  -0.02
1996-12-19T07:02:42.614     49.02   -192.83   -395.83    443.02   2.54  -0.10  -0.02
1996-12-19T07:02:42.947     52.54   -193.40   -396.21    444.01   2.54  -0.11  -0.02
1996-12-19T07:02:43.280     51.60   -194.33   -399.55    447.29   2.54  -0.11  -0.02
1996-12-19T07:02:43.614     47.79   -193.64   -398.74    445.84   2.54  -0.11  -0.02
1996-12-19T07:02:43.947     50.16   -192.86   -397.27    444.45   2.54  -0.11  -0.02
1996-12-19T07:02:44.280     51.26   -192.85   -398.37    445.56   2.54  -0.11  -0.02
1996-12-19T07:02:44.614     50.23   -195.12   -397.63    445.76   2.54  -0.11  -0.02
1996-12-19T07:02:44.947     47.84   -193.70   -395.98    443.40   2.54  -0.11  -0.02
1996-12-19T07:02:45.280     51.37   -193.42   -398.05    445.52   2.55  -0.11  -0.02
1996-12-19T07:02:45.614     55.00   -192.04   -396.36    443.86   2.55  -0.11  -0.02
1996-12-19T07:02:45.947     54.35   -198.21   -395.23    445.48   2.55  -0.11  -0.02
1996-12-19T07:02:46.280     53.00   -194.25   -395.29    443.62   2.55  -0.11  -0.02
1996-12-19T07:02:46.614     56.14   -194.99   -395.42    444.44   2.55  -0.11  -0.02
1996-12-19T07:02:46.947     50.80   -194.56   -394.29    442.61   2.55  -0.11  -0.02
1996-12-19T07:02:47.280     55.43   -194.32   -394.27    443.03   2.55  -0.11  -0.02
1996-12-19T07:02:47.614     53.08   -193.52   -395.24    443.26   2.55  -0.12  -0.02
1996-12-19T07:02:47.947     52.76   -193.76   -395.18    443.28   2.55  -0.12  -0.02
1996-12-19T07:02:48.280     49.83   -191.83   -394.38    441.38   2.55  -0.12  -0.02
1996-12-19T07:02:48.614     49.65   -195.65   -395.59    444.11   2.55  -0.12  -0.02
1996-12-19T07:02:48.947     50.56   -195.28   -396.66    445.01   2.56  -0.12  -0.02
1996-12-19T07:02:49.280     49.66   -191.91   -396.62    443.40   2.56  -0.12  -0.02
1996-12-19T07:02:49.614     48.27   -193.37   -399.84    446.76   2.56  -0.12  -0.02
1996-12-19T07:02:49.947     49.63   -193.32   -397.52    444.81   2.56  -0.12  -0.02
1996-12-19T07:02:50.280     49.32   -192.35   -398.70    445.41   2.56  -0.12  -0.02
1996-12-19T07:02:50.614     50.72   -190.95   -397.88    444.23   2.56  -0.12  -0.02
1996-12-19T07:02:50.947     53.55   -192.98   -397.34    444.96   2.56  -0.12  -0.02
1996-12-19T07:02:51.280     52.68   -196.20   -396.76    445.74   2.56  -0.12  -0.02
1996-12-19T07:02:51.614     46.63   -196.55   -396.51    445.00   2.56  -0.12  -0.02
1996-12-19T07:02:51.947     51.73   -195.78   -397.58    446.18   2.56  -0.12  -0.02
1996-12-19T07:02:52.280     53.85   -197.57   -398.58    448.11   2.57  -0.13  -0.02
1996-12-19T07:02:52.614     54.57   -193.39   -398.12    445.96   2.57  -0.13  -0.02
1996-12-19T07:02:52.947     53.07   -192.91   -395.46    443.19   2.57  -0.13  -0.02
1996-12-19T07:02:53.280     52.07   -192.66   -398.10    445.32   2.57  -0.13  -0.02
1996-12-19T07:02:53.614     50.34   -194.08   -398.29    445.91   2.57  -0.13  -0.02
1996-12-19T07:02:53.947     52.73   -193.75   -398.52    446.25   2.57  -0.13  -0.02
1996-12-19T07:02:54.280     48.69   -193.30   -396.88    444.13   2.57  -0.13  -0.02
1996-12-19T07:02:54.614     48.61   -194.67   -398.14    445.84   2.57  -0.13  -0.02
1996-12-19T07:02:54.947     50.47   -192.29   -397.75    444.67   2.57  -0.13  -0.02
1996-12-19T07:02:55.280     50.36   -193.73   -395.53    443.30   2.57  -0.13  -0.02
1996-12-19T07:02:55.614     47.38   -194.13   -399.11    446.34   2.57  -0.13  -0.02
1996-12-19T07:02:55.947     48.08   -192.46   -397.17    443.95   2.58  -0.13  -0.02
1996-12-19T07:02:56.280     49.27   -193.78   -396.52    444.08   2.58  -0.13  -0.02
1996-12-19T07:02:56.614     46.22   -193.53   -396.47    443.59   2.58  -0.14  -0.02
1996-12-19T07:02:56.947     47.28   -194.09   -398.31    445.59   2.58  -0.14  -0.02
1996-12-19T07:02:57.280     46.10   -198.46   -397.53    446.70   2.58  -0.14  -0.02
1996-12-19T07:02:57.614     46.27   -196.06   -397.12    445.29   2.58  -0.14  -0.02
1996-12-19T07:02:57.947     46.38   -196.87   -397.97    446.42   2.58  -0.14  -0.02
1996-12-19T07:02:58.280     46.18   -197.93   -397.55    446.49   2.58  -0.14  -0.02
1996-12-19T07:02:58.614     50.92   -194.23   -396.74    444.66   2.58  -0.14  -0.02
1996-12-19T07:02:58.947     51.07   -194.04   -397.69    445.44   2.58  -0.14  -0.02
1996-12-19T07:02:59.280     48.76   -193.39   -397.42    444.66   2.58  -0.14  -0.02
1996-12-19T07:02:59.614     46.74   -192.93   -396.95    443.82   2.59  -0.14  -0.02
1996-12-19T07:02:59.947     44.96   -194.02   -399.27    446.18   2.59  -0.14  -0.02
1996-12-19T07:03:00.280     49.57   -195.11   -400.70    448.43   2.59  -0.14  -0.02
1996-12-19T07:03:00.614     48.65   -195.70   -398.95    447.02   2.59  -0.14  -0.02
1996-12-19T07:03:00.947     45.09   -192.41   -398.53    444.84   2.59  -0.14  -0.02
1996-12-19T07:03:01.280     43.56   -196.41   -398.73    446.61   2.59  -0.15  -0.02
1996-12-19T07:03:01.614     48.73   -190.99   -398.55    444.63   2.59  -0.15  -0.02
1996-12-19T07:03:01.947     46.08   -191.60   -397.64    443.79   2.59  -0.15  -0.02
1996-12-19T07:03:02.280     48.53   -192.45   -395.32    442.35   2.59  -0.15  -0.02
1996-12-19T07:03:02.614     44.64   -190.34   -397.28    442.78   2.59  -0.15  -0.02
1996-12-19T07:03:02.947     45.72   -190.78   -398.92    444.55   2.60  -0.15  -0.02
1996-12-19T07:03:03.280     43.57   -189.46   -397.89    442.84   2.60  -0.15  -0.02
1996-12-19T07:03:03.614     44.93   -190.74   -397.74    443.40   2.60  -0.15  -0.02
1996-12-19T07:03:03.947     47.25   -190.35   -398.03    443.73   2.60  -0.15  -0.02
1996-12-19T07:03:04.280     45.35   -191.00   -397.68    443.49   2.60  -0.15  -0.02
1996-12-19T07:03:04.614     48.49   -190.01   -400.12    445.59   2.60  -0.15  -0.02
1996-12-19T07:03:04.947     49.04   -190.38   -398.43    444.30   2.60  -0.15  -0.02
1996-12-19T07:03:05.280     45.90   -191.68   -397.46    443.65   2.60  -0.15  -0.02
1996-12-19T07:03:05.614     47.50   -188.91   -398.63    443.68   2.60  -0.15  -0.02
1996-12-19T07:03:05.947     47.11   -191.05   -398.03    444.01   2.60  -0.16  -0.02
1996-12-19T07:03:06.280     46.45   -190.05   -398.88    444.28   2.60  -0.16  -0.02
1996-12-19T07:03:06.614     46.28   -189.83   -397.56    442.98   2.61  -0.16  -0.02
1996-12-19T07:03:06.947     46.93   -192.85   -397.05    443.90   2.61  -0.16  -0.02
1996-12-19T07:03:07.280     46.69   -192.13   -397.91    444.33   2.61  -0.16  -0.02
1996-12-19T07:03:07.614     45.67   -193.39   -396.93    443.89   2.61  -0.16  -0.02
1996-12-19T07:03:07.947     48.70   -193.09   -396.82    443.99   2.61  -0.16  -0.02
1996-12-19T07:03:08.280     48.57   -188.60   -397.55    442.69   2.61  -0.16  -0.02
1996-12-19T07:03:08.614     46.33   -192.38   -395.12    441.90   2.61  -0.16  -0.02
1996-12-19T07:03:08.947     46.63   -190.57   -397.30    443.10   2.61  -0.16  -0.02
1996-12-19T07:03:09.280     46.42   -191.76   -394.74    441.30   2.61  -0.16  -0.02
1996-12-19T07:03:09.614     44.59   -194.77   -395.17    442.81   2.61  -0.16  -0.02
1996-12-19T07:03:09.947     40.63   -194.65   -397.64    444.59   2.62  -0.16  -0.02
1996-12-19T07:03:10.280     46.32   -192.86   -398.15    444.82   2.62  -0.17  -0.02
1996-12-19T07:03:10.614     46.89   -190.81   -399.00    444.75   2.62  -0.17  -0.02
1996-12-19T07:03:10.947     47.21   -191.81   -400.69    446.73   2.62  -0.17  -0.02
1996-12-19T07:03:11.280     47.04   -190.04   -396.52    442.22   2.62  -0.17  -0.02
1996-12-19T07:03:11.614     49.24   -187.95   -399.20    443.97   2.62  -0.17  -0.02
1996-12-19T07:03:11.947     49.06   -188.76   -395.50    440.98   2.62  -0.17  -0.02
1996-12-19T07:03:12.280     46.83   -190.01   -400.51    445.76   2.62  -0.17  -0.02
1996-12-19T07:03:12.614     45.98   -190.80   -397.45    443.27   2.62  -0.17  -0.02
1996-12-19T07:03:12.947     50.18   -191.55   -399.43    445.82   2.62  -0.17  -0.02
1996-12-19T07:03:13.280     45.57   -190.96   -398.62    444.34   2.62  -0.17  -0.02
1996-12-19T07:03:13.614     48.43   -191.76   -398.64    445.01   2.63  -0.17  -0.02
1996-12-19T07:03:13.947     50.10   -190.57   -399.53    445.48   2.63  -0.17  -0.02
1996-12-19T07:03:14.280     47.31   -191.05   -400.99    446.69   2.63  -0.17  -0.02
1996-12-19T07:03:14.614     48.13   -190.90   -398.57    444.54   2.63  -0.17  -0.02
1996-12-19T07:03:14.947     44.79   -191.16   -400.17    445.74   2.63  -0.18  -0.02
1996-12-19T07:03:15.280     47.33   -191.80   -398.68    444.94   2.63  -0.18  -0.02
1996-12-19T07:03:15.614     45.97   -194.79   -397.65    445.18   2.63  -0.18  -0.02
1996-12-19T07:03:15.947     45.99   -192.44   -401.44    447.55   2.63  -0.18  -0.02
1996-12-19T07:03:16.280     46.64   -193.59   -399.25    446.15   2.63  -0.18  -0.02
1996-12-19T07:03:16.614     44.10   -189.69   -400.73    445.55   2.63  -0.18  -0.02
1996-12-19T07:03:16.947     45.51   -191.25   -402.71    448.13   2.63  -0.18  -0.02
1996-12-19T07:03:17.280     41.70   -192.45   -401.49    447.18   2.64  -0.18  -0.02
1996-12-19T07:03:17.614     46.42   -193.26   -402.41    448.82   2.64  -0.18  -0.02
1996-12-19T07:03:17.947     50.27   -191.59   -401.40    447.61   2.64  -0.18  -0.02
1996-12-19T07:03:18.280     48.77   -192.67   -400.87    447.43   2.64  -0.18  -0.02
1996-12-19T07:03:18.614     46.89   -192.62   -401.22    447.53   2.64  -0.18  -0.02
1996-12-19T07:03:18.947     50.96   -192.80   -401.23    448.06   2.64  -0.18  -0.02
1996-12-19T07:03:19.280     50.09   -191.26   -403.38    449.23   2.64  -0.19  -0.02
1996-12-19T07:03:19.614     52.39   -194.09   -397.71    445.63   2.64  -0.19  -0.02
1996-12-19T07:03:19.947     52.58   -195.08   -398.27    446.59   2.64  -0.19  -0.02
1996-12-19T07:03:20.280     51.70   -192.29   -400.96    447.68   2.64  -0.19  -0.02
1996-12-19T07:03:20.614     49.11   -193.45   -399.27    446.38   2.65  -0.19  -0.02
1996-12-19T07:03:20.947     46.08   -190.40   -402.01    447.20   2.65  -0.19  -0.02
1996-12-19T07:03:21.280     49.96   -190.87   -399.03    445.14   2.65  -0.19  -0.02
1996-12-19T07:03:21.614     48.97   -191.90   -399.59    445.98   2.65  -0.19  -0.02
1996-12-19T07:03:21.947     49.87   -191.38   -398.68    445.04   2.65  -0.19  -0.02
1996-12-19T07:03:22.280     51.60   -192.25   -400.83    447.54   2.65  -0.19  -0.02
1996-12-19T07:03:22.614     50.05   -194.57   -398.79    446.54   2.65  -0.19  -0.02
1996-12-19T07:03:22.947     50.74   -193.20   -397.43    444.80   2.65  -0.19  -0.02
1996-12-19T07:03:23.280     52.26   -192.85   -397.48    444.88   2.65  -0.19  -0.02
1996-12-19T07:03:23.614     51.57   -193.44   -398.13    445.63   2.65  -0.19  -0.02
1996-12-19T07:03:23.947     50.46   -192.98   -399.06    446.13   2.65  -0.20  -0.02
1996-12-19T07:03:24.280     48.89   -194.46   -398.09    445.74   2.66  -0.20  -0.02
1996-12-19T07:03:24.614     49.70   -193.24   -398.98    446.09   2.66  -0.20  -0.02
1996-12-19T07:03:24.947     50.54   -193.12   -396.70    444.10   2.66  -0.20  -0.02
1996-12-19T07:03:25.280     49.61   -193.25   -396.75    444.10   2.66  -0.20  -0.02
1996-12-19T07:03:25.614     51.39   -192.96   -398.33    445.58   2.66  -0.20  -0.02
1996-12-19T07:03:25.947     51.02   -193.08   -398.89    446.09   2.66  -0.20  -0.02
1996-12-19T07:03:26.280     48.89   -196.03   -399.00    447.24   2.66  -0.20  -0.02
1996-12-19T07:03:26.614     49.40   -194.19   -396.42    444.18   2.66  -0.20  -0.02
1996-12-19T07:03:26.947     50.75   -193.24   -396.55    444.04   2.66  -0.20  -0.02
1996-12-19T07:03:27.280     51.69   -191.90   -398.84    445.61   2.66  -0.20  -0.02
1996-12-19T07:03:27.614     47.99   -193.61   -397.53    444.77   2.67  -0.20  -0.02
1996-12-19T07:03:27.947     48.58   -195.41   -397.96    446.00   2.67  -0.20  -0.02
1996-12-19T07:03:28.280     49.30   -193.74   -395.99    443.59   2.67  -0.20  -0.02
1996-12-19T07:03:28.614     51.22   -192.62   -397.41    444.59   2.67  -0.21  -0.02
1996-12-19T07:03:28.947     53.66   -195.10   -396.19    444.87   2.67  -0.21  -0.02
1996-12-19T07:03:29.280     49.09   -191.39   -397.79    444.16   2.67  -0.21  -0.02
1996-12-19T07:03:29.614     48.76   -191.69   -395.61    442.30   2.67  -0.21  -0.02
1996-12-19T07:03:29.947     48.26   -193.72   -397.91    445.18   2.67  -0.21  -0.02
1996-12-19T07:03:30.280     49.95   -193.60   -397.12    444.61   2.67  -0.21  -0.02
1996-12-19T07:03:30.614     50.33   -192.47   -399.05    445.89   2.67  -0.21  -0.02
1996-12-19T07:03:30.947     51.14   -193.09   -398.55    445.81   2.67  -0.21  -0.02
1996-12-19T07:03:31.280     48.58   -192.88   -393.91    441.28   2.68  -0.21  -0.02
1996-12-19T07:03:31.614     47.86   -192.12   -396.86    443.51   2.68  -0.21  -0.02
1996-12-19T07:03:31.947     49.67   -191.58   -398.03    444.52   2.68  -0.21  -0.02
1996-12-19T07:03:32.280     46.50   -192.64   -396.59    443.35   2.68  -0.21  -0.02
1996-12-19T07:03:32.614     48.24   -192.95   -398.69    445.54   2.68  -0.21  -0.02
1996-12-19T07:03:32.947     50.01   -192.29   -398.48    445.27   2.68  -0.22  -0.02
1996-12-19T07:03:33.280     51.93   -193.49   -395.97    443.77   2.68  -0.22  -0.02
1996-12-19T07:03:33.614     49.18   -191.05   -396.57    442.93   2.68  -0.22  -0.02
1996-12-19T07:03:33.947     45.55   -190.44   -396.61    442.32   2.68  -0.22  -0.02
1996-12-19T07:03:34.280     45.81   -191.67   -398.46    444.53   2.68  -0.22  -0.02
1996-12-19T07:03:34.614     47.83   -194.00   -395.45    443.06   2.68  -0.22  -0.02
1996-12-19T07:03:34.947     45.96   -197.48   -398.43    447.05   2.69  -0.22  -0.02
1996-12-19T07:03:35.280     50.25   -194.33   -395.49    443.51   2.69  -0.22  -0.02
1996-12-19T07:03:35.614     49.39   -194.21   -395.60    443.46   2.69  -0.22  -0.02
1996-12-19T07:03:35.947     49.98   -194.07   -398.79    446.31   2.69  -0.22  -0.02
1996-12-19T07:03:36.280     50.49   -194.76   -394.74    443.06   2.69  -0.22  -0.02
1996-12-19T07:03:36.614     51.69   -193.00   -396.77    444.24   2.69  -0.22  -0.02
1996-12-19T07:03:36.947     51.01   -196.50   -398.45    447.18   2.69  -0.22  -0.02
1996-12-19T07:03:37.280     49.66   -196.71   -395.13    444.17   2.69  -0.22  -0.02
1996-12-19T07:03:37.614     46.49   -192.28   -395.76    442.44   2.69  -0.23  -0.02
1996-12-19T07:03:37.947     51.85   -190.63   -396.90    443.35   2.69  -0.23  -0.02
1996-12-19T07:03:38.280     45.89   -192.76   -397.68    444.31   2.70  -0.23  -0.02
1996-12-19T07:03:38.614     48.12   -192.81   -398.59    445.38   2.70  -0.23  -0.02
1996-12-19T07:03:38.947     45.87   -195.29   -396.69    444.52   2.70  -0.23  -0.02
1996-12-19T07:03:39.280     51.17   -192.76   -399.65    446.65   2.70  -0.23  -0.02
1996-12-19T07:03:39.614     48.36   -189.02   -397.67    442.95   2.70  -0.23  -0.02
1996-12-19T07:03:39.947     48.06   -192.05   -396.11    442.83   2.70  -0.23  -0.02
1996-12-19T07:03:40.280     49.73   -193.69   -398.67    446.01   2.70  -0.23  -0.02
1996-12-19T07:03:40.614     47.92   -192.85   -397.03    443.98   2.70  -0.23  -0.02
1996-12-19T07:03:40.947     46.39   -192.96   -396.87    443.72   2.70  -0.23  -0.02
1996-12-19T07:03:41.280     41.89   -192.73   -400.27    446.22   2.70  -0.23  -0.02
1996-12-19T07:03:41.614     41.13   -193.47   -397.59    444.07   2.70  -0.23  -0.02
1996-12-19T07:03:41.947     47.38   -191.99   -396.66    443.22   2.71  -0.23  -0.02
1996-12-19T07:03:42.280     48.55   -192.76   -398.94    445.72   2.71  -0.24  -0.02
1996-12-19T07:03:42.614     46.95   -190.15   -396.89    442.59   2.71  -0.24  -0.02
1996-12-19T07:03:42.947     49.23   -192.10   -398.08    444.74   2.71  -0.24  -0.02
1996-12-19T07:03:43.280     46.98   -192.44   -397.96    444.54   2.71  -0.24  -0.02
1996-12-19T07:03:43.614     43.71   -191.53   -400.37    445.97   2.71  -0.24  -0.02
1996-12-19T07:03:43.947     47.07   -191.54   -399.47    445.51   2.71  -0.24  -0.02
1996-12-19T07:03:44.280     44.79   -192.85   -399.18    445.58   2.71  -0.24  -0.02
1996-12-19T07:03:44.614     46.49   -192.34   -401.83    447.92   2.71  -0.24  -0.02
1996-12-19T07:03:44.947     48.81   -195.91   -400.90    448.87   2.71  -0.24  -0.02
1996-12-19T07:03:45.280     48.68   -191.86   -398.31    444.78   2.72  -0.24  -0.02
1996-12-19T07:03:45.614     48.98   -191.81   -396.73    443.37   2.72  -0.24  -0.02
1996-12-19T07:03:45.947     50.61   -195.40   -398.66    446.84   2.72  -0.24  -0.02
1996-12-19T07:03:46.280     51.57   -193.31   -397.58    445.09   2.72  -0.24  -0.02
1996-12-19T07:03:46.614     52.31   -194.26   -397.20    445.24   2.72  -0.25  -0.02
1996-12-19T07:03:46.947     50.01   -194.44   -398.15    445.91   2.72  -0.25  -0.02
1996-12-19T07:03:47.280     48.88   -194.28   -399.52    446.93   2.72  -0.25  -0.02
1996-12-19T07:03:47.614     50.80   -190.61   -399.85    445.86   2.72  -0.25  -0.02
1996-12-19T07:03:47.947     53.47   -191.85   -399.01    445.95   2.72  -0.25  -0.02
1996-12-19T07:03:48.280     48.12   -191.44   -400.47    446.48   2.72  -0.25  -0.02
1996-12-19T07:03:48.614     48.63   -193.40   -400.56    447.46   2.72  -0.25  -0.02
1996-12-19T07:03:48.947     51.59   -194.29   -398.25    446.11   2.73  -0.25  -0.02
1996-12-19T07:03:49.280     51.92   -192.94   -399.57    446.74   2.73  -0.25  -0.02
1996-12-19T07:03:49.614     50.07   -190.99   -401.45    447.38   2.73  -0.25  -0.02
1996-12-19T07:03:49.947     52.70   -190.45   -400.48    446.58   2.73  -0.25  -0.02
1996-12-19T07:03:50.280     49.53   -191.99   -399.38    445.89   2.73  -0.25  -0.02
1996-12-19T07:03:50.614     47.21   -193.05   -400.78    447.35   2.73  -0.25  -0.02
1996-12-19T07:03:50.947     48.57   -190.61   -402.01    447.56   2.73  -0.25  -0.02
1996-12-19T07:03:51.280     47.54   -191.85   -399.74    445.94   2.73  -0.26  -0.02
1996-12-19T07:03:51.614     48.20   -191.90   -402.40    448.41   2.73  -0.26  -0.02
1996-12-19T07:03:51.947     50.17   -192.36   -400.07    446.74   2.73  -0.26  -0.02
1996-12-19T07:03:52.280     52.52   -195.18   -399.76    447.96   2.73  -0.26  -0.02
1996-12-19T07:03:52.614     53.30   -189.79   -402.08    447.80   2.74  -0.26  -0.02
1996-12-19T07:03:52.947     50.75   -191.60   -401.63    447.87   2.74  -0.26  -0.02
1996-12-19T07:03:53.280     52.04   -193.45   -401.07    448.32   2.74  -0.26  -0.02
1996-12-19T07:03:53.614     52.13   -191.75   -398.93    445.68   2.74  -0.26  -0.02
1996-12-19T07:03:53.947     51.71   -190.28   -401.13    446.98   2.74  -0.26  -0.02
1996-12-19T07:03:54.280     49.88   -194.08   -400.09    447.46   2.74  -0.26  -0.02
1996-12-19T07:03:54.614     51.68   -192.45   -398.06    445.15   2.74  -0.26  -0.02
1996-12-19T07:03:54.947     53.82   -192.64   -400.44    447.61   2.74  -0.26  -0.02
1996-12-19T07:03:55.280     52.63   -191.59   -399.22    445.93   2.74  -0.26  -0.02
1996-12-19T07:03:55.614     51.75   -192.77   -400.34    447.33   2.74  -0.27  -0.02
1996-12-19T07:03:55.947     55.43   -193.01   -399.38    447.03   2.75  -0.27  -0.02
1996-12-19T07:03:56.280     56.88   -193.41   -399.03    447.07   2.75  -0.27  -0.02
1996-12-19T07:03:56.614     53.84   -195.08   -400.95    449.13   2.75  -0.27  -0.02
1996-12-19T07:03:56.947     53.01   -193.45   -401.60    448.91   2.75  -0.27  -0.02
1996-12-19T07:03:57.280     50.05   -193.03   -400.43    447.34   2.75  -0.27  -0.02
1996-12-19T07:03:57.614     47.99   -191.30   -402.69    448.39   2.75  -0.27  -0.02
1996-12-19T07:03:57.947     43.34   -187.65   -401.73    445.51   2.75  -0.27  -0.02
1996-12-19T07:03:58.280     42.52   -189.00   -403.47    447.56   2.75  -0.27  -0.02
1996-12-19T07:03:58.614     39.09   -187.83   -401.66    445.12   2.75  -0.27  -0.02
1996-12-19T07:03:58.947     44.12   -184.49   -403.10    445.51   2.75  -0.27  -0.02
1996-12-19T07:03:59.280     45.24   -186.79   -400.83    444.53   2.75  -0.27  -0.02
1996-12-19T07:03:59.614     46.04   -186.20   -399.79    443.42   2.76  -0.27  -0.02
1996-12-19T07:03:59.947     47.14   -187.27   -398.30    442.64   2.76  -0.27  -0.02
1996-12-19T07:04:00.280     51.03   -189.02   -400.68    445.95   2.76  -0.28  -0.02
1996-12-19T07:04:00.614     49.08   -188.24   -400.06    444.85   2.76  -0.28  -0.02
1996-12-19T07:04:00.947     46.61   -186.08   -398.89    442.62   2.76  -0.28  -0.02
1996-12-19T07:04:01.280     48.54   -188.83   -398.45    443.59   2.76  -0.28  -0.02
1996-12-19T07:04:01.614     48.79   -188.84   -398.60    443.76   2.76  -0.28  -0.02
1996-12-19T07:04:01.947     48.20   -188.41   -399.19    444.04   2.76  -0.28  -0.02
1996-12-19T07:04:02.280     48.40   -191.67   -398.84    445.14   2.76  -0.28  -0.02
1996-12-19T07:04:02.614     47.26   -190.75   -398.14    444.00   2.76  -0.28  -0.02
1996-12-19T07:04:02.947     48.91   -192.97   -398.58    445.53   2.77  -0.28  -0.02
1996-12-19T07:04:03.280     52.26   -193.86   -396.77    444.68   2.77  -0.28  -0.02
1996-12-19T07:04:03.614     48.86   -189.78   -397.93    443.56   2.77  -0.28  -0.02
1996-12-19T07:04:03.947     48.25   -191.98   -400.33    446.59   2.77  -0.28  -0.02
1996-12-19T07:04:04.280     48.76   -191.65   -397.58    444.05   2.77  -0.28  -0.02
1996-12-19T07:04:04.614     49.84   -194.08   -399.91    447.30   2.77  -0.28  -0.02
1996-12-19T07:04:04.947     49.79   -191.09   -400.21    446.28   2.77  -0.29  -0.02
1996-12-19T07:04:05.280     50.83   -187.16   -400.18    444.69   2.77  -0.29  -0.02
1996-12-19T07:04:05.614     50.04   -190.73   -399.17    445.21   2.77  -0.29  -0.01
1996-12-19T07:04:05.947     52.02   -191.50   -398.34    445.03   2.77  -0.29  -0.01
1996-12-19T07:04:06.280     49.24   -192.95   -397.10    444.23   2.77  -0.29  -0.01
1996-12-19T07:04:06.614     51.46   -193.29   -398.98    446.31   2.78  -0.29  -0.01
1996-12-19T07:04:06.947     54.06   -194.29   -398.99    447.06   2.78  -0.29  -0.01
1996-12-19T07:04:07.280     56.34   -193.19   -398.55    446.47   2.78  -0.29  -0.01
1996-12-19T07:04:07.614     52.69   -194.75   -395.80    444.25   2.78  -0.29  -0.01
1996-12-19T07:04:07.947     51.46   -195.82   -397.10    445.74   2.78  -0.29  -0.01
1996-12-19T07:04:08.280     53.74   -196.21   -399.93    448.70   2.78  -0.29  -0.01
1996-12-19T07:04:08.614     52.66   -195.22   -398.16    446.56   2.78  -0.29  -0.01
1996-12-19T07:04:08.947     53.69   -194.58   -397.06    445.42   2.78  -0.29  -0.01
1996-12-19T07:04:09.280     56.13   -193.68   -398.28    446.42   2.78  -0.30  -0.01
1996-12-19T07:04:09.614     52.61   -194.11   -398.70    446.55   2.78  -0.30  -0.01
1996-12-19T07:04:09.947     51.35   -195.87   -399.56    447.94   2.78  -0.30  -0.01
1996-12-19T07:04:10.280     53.16   -193.81   -399.86    447.53   2.79  -0.30  -0.01
1996-12-19T07:04:10.614     54.36   -192.15   -399.34    446.48   2.79  -0.30  -0.01
1996-12-19T07:04:10.947     56.73   -191.84   -399.56    446.85   2.79  -0.30  -0.01
1996-12-19T07:04:11.280     53.53   -193.28   -398.17    445.83   2.79  -0.30  -0.01
1996-12-19T07:04:11.614     57.13   -193.98   -396.62    445.20   2.79  -0.30  -0.01
1996-12-19T07:04:11.947     53.77   -190.44   -395.23    442.00   2.79  -0.30  -0.01
1996-12-19T07:04:12.280     55.05   -191.25   -399.14    446.00   2.79  -0.30  -0.01
1996-12-19T07:04:12.614     56.03   -193.06   -398.29    446.15   2.79  -0.30  -0.01
1996-12-19T07:04:12.947     55.73   -189.76   -400.64    446.80   2.79  -0.30  -0.01
1996-12-19T07:04:13.280     56.49   -194.04   -398.12    446.47   2.79  -0.30  -0.01
1996-12-19T07:04:13.614     55.62   -190.65   -400.43    446.97   2.80  -0.30  -0.01
1996-12-19T07:04:13.947     55.35   -192.25   -400.69    447.86   2.80  -0.31  -0.01
1996-12-19T07:04:14.280     54.16   -190.44   -401.63    447.78   2.80  -0.31  -0.01
1996-12-19T07:04:14.614     53.76   -192.54   -399.68    446.88   2.80  -0.31  -0.01
1996-12-19T07:04:14.947     52.34   -195.03   -400.94    448.92   2.80  -0.31  -0.01
1996-12-19T07:04:15.280     52.88   -193.55   -399.92    447.43   2.80  -0.31  -0.01
1996-12-19T07:04:15.614     50.62   -192.02   -398.48    445.22   2.80  -0.31  -0.01
1996-12-19T07:04:15.947     51.72   -192.74   -398.78    445.93   2.80  -0.31  -0.01
1996-12-19T07:04:16.280     48.46   -192.04   -401.38    447.59   2.80  -0.31  -0.01
1996-12-19T07:04:16.614     48.16   -192.74   -401.13    447.63   2.80  -0.31  -0.01
1996-12-19T07:04:16.947     49.64   -193.05   -399.24    446.23   2.80  -0.31  -0.01
1996-12-19T07:04:17.280     51.62   -192.99   -400.16    447.25   2.81  -0.31  -0.01
1996-12-19T07:04:17.614     49.04   -193.37   -402.33    449.07   2.81  -0.31  -0.01
1996-12-19T07:04:17.947     52.47   -194.35   -400.21    447.99   2.81  -0.31  -0.01
1996-12-19T07:04:18.280     51.27   -194.07   -400.88    448.32   2.81  -0.31  -0.01
1996-12-19T07:04:18.614     50.61   -193.83   -401.33    448.55   2.81  -0.32  -0.01
1996-12-19T07:04:18.947     54.92   -196.22   -399.66    448.61   2.81  -0.32  -0.01
1996-12-19T07:04:19.280     52.07   -197.10   -401.35    450.16   2.81  -0.32  -0.01
1996-12-19T07:04:19.614     57.32   -193.40   -399.11    447.19   2.81  -0.32  -0.01
1996-12-19T07:04:19.947     56.04   -196.31   -397.48    446.85   2.81  -0.32  -0.01
1996-12-19T07:04:20.280     55.46   -199.08   -398.65    449.03   2.81  -0.32  -0.01
1996-12-19T07:04:20.614     53.62   -195.08   -401.83    449.89   2.81  -0.32  -0.01
1996-12-19T07:04:20.947     54.25   -196.11   -401.10    449.76   2.82  -0.32  -0.01
1996-12-19T07:04:21.280     52.27   -195.08   -402.20    450.06   2.82  -0.32  -0.01
1996-12-19T07:04:21.614     54.49   -192.53   -400.74    447.91   2.82  -0.32  -0.01
1996-12-19T07:04:21.947     50.35   -193.61   -401.54    448.61   2.82  -0.32  -0.01
1996-12-19T07:04:22.280     48.93   -193.91   -401.63    448.67   2.82  -0.32  -0.01
1996-12-19T07:04:22.614     54.40   -193.33   -399.40    447.06   2.82  -0.32  -0.01
1996-12-19T07:04:22.947     53.83   -195.44   -401.30    449.60   2.82  -0.33  -0.01
1996-12-19T07:04:23.280     54.55   -193.68   -400.54    448.24   2.82  -0.33  -0.01
1996-12-19T07:04:23.614     50.54   -195.25   -399.16    447.23   2.82  -0.33  -0.01
1996-12-19T07:04:23.947     50.75   -196.38   -399.67    448.19   2.82  -0.33  -0.01
1996-12-19T07:04:24.280     51.41   -190.58   -401.10    447.04   2.83  -0.33  -0.01
1996-12-19T07:04:24.614     50.89   -192.95   -400.89    447.81   2.83  -0.33  -0.01
1996-12-19T07:04:24.947     50.05   -192.82   -402.58    449.17   2.83  -0.33  -0.01
1996-12-19T07:04:25.280     49.07   -195.38   -402.01    449.66   2.83  -0.33  -0.01
1996-12-19T07:04:25.614     51.35   -193.28   -402.56    449.50   2.83  -0.33  -0.01
1996-12-19T07:04:25.947     53.51   -192.23   -402.56    449.30   2.83  -0.33  -0.01
1996-12-19T07:04:26.280     49.60   -193.35   -402.81    449.55   2.83  -0.33  -0.01
1996-12-19T07:04:26.614     50.59   -192.86   -403.21    449.81   2.83  -0.33  -0.01
1996-12-19T07:04:26.947     48.90   -196.21   -404.16    451.92   2.83  -0.33  -0.01
1996-12-19T07:04:27.280     50.33   -192.60   -403.22    449.68   2.83  -0.33  -0.01
1996-12-19T07:04:27.614     50.34   -191.88   -406.08    451.94   2.83  -0.34  -0.01
1996-12-19T07:04:27.947     52.98   -191.29   -404.81    450.85   2.84  -0.34  -0.01
1996-12-19T07:04:28.280     49.09   -191.87   -402.62    448.69   2.84  -0.34  -0.01
1996-12-19T07:04:28.614     49.91   -190.83   -403.70    449.32   2.84  -0.34  -0.01
1996-12-19T07:04:28.947     49.30   -193.07   -402.37    449.00   2.84  -0.34  -0.01
1996-12-19T07:04:29.280     53.26   -193.41   -402.02    449.29   2.84  -0.34  -0.01
1996-12-19T07:04:29.614     48.28   -191.88   -401.91    447.97   2.84  -0.34  -0.01
1996-12-19T07:04:29.947     50.76   -193.84   -404.20    451.14   2.84  -0.34  -0.01
1996-12-19T07:04:30.280     51.58   -190.43   -402.54    448.29   2.84  -0.34  -0.01
1996-12-19T07:04:30.614     53.33   -191.65   -402.84    449.28   2.84  -0.34  -0.01
1996-12-19T07:04:30.947     49.05   -189.97   -404.77    449.81   2.84  -0.34  -0.01
1996-12-19T07:04:31.280     50.21   -191.33   -403.11    449.03   2.85  -0.34  -0.01
1996-12-19T07:04:31.614     52.69   -190.27   -404.27    449.91   2.85  -0.34  -0.01
1996-12-19T07:04:31.947     54.14   -188.65   -403.66    448.85   2.85  -0.35  -0.01
1996-12-19T07:04:32.280     51.36   -192.67   -403.24    449.85   2.85  -0.35  -0.01
1996-12-19T07:04:32.614     46.66   -190.36   -406.44    451.23   2.85  -0.35  -0.01
1996-12-19T07:04:32.947     53.53   -189.99   -403.49    449.18   2.85  -0.35  -0.01
1996-12-19T07:04:33.280     52.49   -188.40   -405.76    450.44   2.85  -0.35  -0.01
1996-12-19T07:04:33.614     51.36   -188.53   -406.19    450.74   2.85  -0.35  -0.01
1996-12-19T07:04:33.947     50.03   -188.93   -406.77    451.28   2.85  -0.35  -0.01
1996-12-19T07:04:34.280     50.53   -189.91   -405.88    450.95   2.85  -0.35  -0.01
1996-12-19T07:04:34.614     48.61   -190.32   -404.47    449.65   2.85  -0.35  -0.01
1996-12-19T07:04:34.947     50.91   -192.19   -405.06    451.22   2.86  -0.35  -0.01
1996-12-19T07:04:35.280     46.96   -191.02   -406.61    451.69   2.86  -0.35  -0.01
1996-12-19T07:04:35.614     47.80   -189.53   -405.66    450.29   2.86  -0.35  -0.01
1996-12-19T07:04:35.947     45.46   -191.89   -402.63    448.33   2.86  -0.35  -0.01
1996-12-19T07:04:36.280     49.05   -192.27   -404.51    450.56   2.86  -0.35  -0.01
1996-12-19T07:04:36.614     48.79   -191.62   -405.00    450.69   2.86  -0.36  -0.01
1996-12-19T07:04:36.947     45.97   -191.30   -403.79    449.18   2.86  -0.36  -0.01
1996-12-19T07:04:37.280     47.22   -194.17   -404.41    451.09   2.86  -0.36  -0.01
1996-12-19T07:04:37.614     47.28   -191.61   -406.26    451.66   2.86  -0.36  -0.01
1996-12-19T07:04:37.947     42.88   -193.36   -406.07    451.80   2.86  -0.36  -0.01
1996-12-19T07:04:38.280     45.41   -193.06   -405.71    451.59   2.86  -0.36  -0.01
1996-12-19T07:04:38.614     46.89   -191.46   -403.72    449.27   2.87  -0.36  -0.01
1996-12-19T07:04:38.947     47.60   -194.26   -405.52    452.16   2.87  -0.36  -0.01
1996-12-19T07:04:39.280     45.38   -192.68   -404.51    450.35   2.87  -0.36  -0.01
1996-12-19T07:04:39.614     43.71   -193.78   -406.95    452.85   2.87  -0.36  -0.01
1996-12-19T07:04:39.947     47.39   -194.41   -403.41    450.31   2.87  -0.36  -0.01
1996-12-19T07:04:40.280     47.01   -193.78   -404.22    450.72   2.87  -0.36  -0.01
1996-12-19T07:04:40.614     41.81   -196.96   -406.33    453.48   2.87  -0.36  -0.01
1996-12-19T07:04:40.947     40.82   -195.04   -405.16    451.51   2.87  -0.36  -0.01
1996-12-19T07:04:41.280     44.30   -194.50   -407.09    453.34   2.87  -0.37  -0.01
1996-12-19T07:04:41.614     42.52   -190.69   -407.05    451.51   2.87  -0.37  -0.01
1996-12-19T07:04:41.947     40.32   -194.36   -405.01    451.04   2.88  -0.37  -0.01
1996-12-19T07:04:42.280     40.57   -193.15   -404.77    450.32   2.88  -0.37  -0.01
1996-12-19T07:04:42.614     40.76   -190.33   -405.77    450.04   2.88  -0.37  -0.01
1996-12-19T07:04:42.947     42.54   -193.99   -404.13    450.29   2.88  -0.37  -0.01
1996-12-19T07:04:43.280     36.79   -194.95   -405.54    451.46   2.88  -0.37  -0.01
1996-12-19T07:04:43.614     37.18   -196.40   -404.55    451.24   2.88  -0.37  -0.01
1996-12-19T07:04:43.947     37.43   -193.10   -401.83    447.38   2.88  -0.37  -0.01
1996-12-19T07:04:44.280     39.14   -192.46   -406.10    451.10   2.88  -0.37  -0.01
1996-12-19T07:04:44.614     38.85   -187.97   -405.67    448.78   2.88  -0.37  -0.01
1996-12-19T07:04:44.947     41.25   -188.38   -407.52    450.84   2.88  -0.37  -0.01
1996-12-19T07:04:45.280     42.42   -191.29   -406.55    451.30   2.88  -0.37  -0.01
1996-12-19T07:04:45.614     47.60   -188.88   -407.19    451.38   2.89  -0.38  -0.01
1996-12-19T07:04:45.947     49.86   -191.37   -407.55    453.00   2.89  -0.38  -0.01
1996-12-19T07:04:46.280     52.27   -189.51   -403.43    448.78   2.89  -0.38  -0.01
1996-12-19T07:04:46.614     50.02   -190.30   -406.79    451.88   2.89  -0.38  -0.01
1996-12-19T07:04:46.947     50.91   -191.14   -407.75    453.20   2.89  -0.38  -0.01
1996-12-19T07:04:47.280     45.26   -190.86   -406.27    451.14   2.89  -0.38  -0.01
1996-12-19T07:04:47.614     42.21   -188.86   -406.85    450.53   2.89  -0.38  -0.01
1996-12-19T07:04:47.947     44.37   -193.91   -404.97    451.19   2.89  -0.38  -0.01
1996-12-19T07:04:48.280     46.39   -192.89   -402.39    448.63   2.89  -0.38  -0.01
1996-12-19T07:04:48.614     47.39   -187.68   -407.47    451.11   2.89  -0.38  -0.01
1996-12-19T07:04:48.947     49.81   -189.61   -406.90    451.66   2.89  -0.38  -0.01
1996-12-19T07:04:49.280     51.61   -190.30   -404.10    449.64   2.90  -0.38  -0.01
1996-12-19T07:04:49.614     48.59   -188.76   -405.23    449.67   2.90  -0.38  -0.01
1996-12-19T07:04:49.947     51.03   -189.47   -406.75    451.61   2.90  -0.38  -0.01
1996-12-19T07:04:50.280     51.44   -192.10   -404.90    451.10   2.90  -0.39  -0.01
1996-12-19T07:04:50.614     46.27   -191.06   -407.09    452.07   2.90  -0.39  -0.01
1996-12-19T07:04:50.947     43.71   -187.86   -404.97    448.56   2.90  -0.39  -0.01
1996-12-19T07:04:51.280     46.13   -191.93   -404.66    450.24   2.90  -0.39  -0.01
1996-12-19T07:04:51.614     45.89   -190.33   -402.78    447.84   2.90  -0.39  -0.01
1996-12-19T07:04:51.947     44.23   -191.93   -405.19    450.53   2.90  -0.39  -0.01
1996-12-19T07:04:52.280     44.19   -189.33   -402.38    446.89   2.90  -0.39  -0.01
1996-12-19T07:04:52.614     40.16   -191.82   -406.18    450.99   2.91  -0.39  -0.01
1996-12-19T07:04:52.947     46.40   -192.11   -405.17    450.80   2.91  -0.39  -0.01
1996-12-19T07:04:53.280     49.15   -194.66   -403.52    450.71   2.91  -0.39  -0.01
1996-12-19T07:04:53.614     47.65   -193.21   -406.32    452.44   2.91  -0.39  -0.01
1996-12-19T07:04:53.947     45.00   -193.36   -405.70    451.67   2.91  -0.39  -0.01
1996-12-19T07:04:54.280     50.97   -194.61   -403.86    451.19   2.91  -0.39  -0.01
1996-12-19T07:04:54.614     46.26   -192.62   -405.68    451.46   2.91  -0.39  -0.01
1996-12-19T07:04:54.947     45.85   -192.98   -407.21    452.95   2.91  -0.40  -0.01
1996-12-19T07:04:55.280     48.28   -193.67   -405.19    451.68   2.91  -0.40  -0.01
1996-12-19T07:04:55.614     48.87   -192.09   -404.61    450.55   2.91  -0.40  -0.01
1996-12-19T07:04:55.947     45.92   -190.54   -404.16    449.18   2.91  -0.40  -0.01
1996-12-19T07:04:56.280     46.10   -192.83   -405.56    451.43   2.92  -0.40  -0.01
1996-12-19T07:04:56.614     47.88   -191.95   -406.39    451.99   2.92  -0.40  -0.01
1996-12-19T07:04:56.947     46.18   -191.21   -406.02    451.16   2.92  -0.40  -0.01
1996-12-19T07:04:57.280     43.98   -193.45   -407.23    452.98   2.92  -0.40  -0.01
1996-12-19T07:04:57.614     47.52   -192.33   -406.48    452.19   2.92  -0.40  -0.01
1996-12-19T07:04:57.947     47.28   -191.97   -406.13    451.70   2.92  -0.40  -0.01
1996-12-19T07:04:58.280     45.60   -194.30   -404.78    451.30   2.92  -0.40  -0.01
1996-12-19T07:04:58.614     50.50   -194.90   -405.62    452.84   2.92  -0.40  -0.01
1996-12-19T07:04:58.947     48.75   -193.57   -405.79    452.23   2.92  -0.40  -0.01
1996-12-19T07:04:59.280     48.74   -191.46   -403.20    449.00   2.92  -0.41  -0.01
1996-12-19T07:04:59.614     47.29   -192.72   -406.77    452.59   2.92  -0.41  -0.01
1996-12-19T07:04:59.947     47.04   -192.49   -405.95    451.73   2.93  -0.41  -0.01
1996-12-19T07:05:00.280     46.64   -193.34   -407.81    453.73   2.93  -0.41  -0.01
1996-12-19T07:05:00.614     46.23   -191.77   -407.21    452.47   2.93  -0.41  -0.01
1996-12-19T07:05:00.947     46.71   -193.33   -405.64    451.77   2.93  -0.41  -0.01
1996-12-19T07:05:01.280     47.03   -192.49   -405.44    451.27   2.93  -0.41  -0.01
1996-12-19T07:05:01.614     47.95   -193.33   -405.17    451.48   2.93  -0.41  -0.01
1996-12-19T07:05:01.947     49.24   -195.21   -407.67    454.67   2.93  -0.41  -0.01
1996-12-19T07:05:02.280     50.00   -194.15   -404.53    451.48   2.93  -0.41  -0.01
1996-12-19T07:05:02.614     47.42   -191.65   -406.36    451.78   2.93  -0.41  -0.01
1996-12-19T07:05:02.947     46.21   -192.21   -407.84    453.23   2.93  -0.41  -0.01
1996-12-19T07:05:03.280     48.41   -190.23   -406.46    451.37   2.94  -0.41  -0.01
1996-12-19T07:05:03.614     50.68   -190.45   -407.02    452.22   2.94  -0.41  -0.01
1996-12-19T07:05:03.947     48.18   -191.58   -406.50    451.95   2.94  -0.42  -0.01
1996-12-19T07:05:04.280     47.93   -193.01   -408.20    454.07   2.94  -0.42  -0.01
1996-12-19T07:05:04.614     49.48   -194.31   -404.76    451.70   2.94  -0.42  -0.01
1996-12-19T07:05:04.947     51.11   -194.03   -404.95    451.94   2.94  -0.42  -0.01
1996-12-19T07:05:05.280     50.65   -193.36   -403.90    450.65   2.94  -0.42  -0.01
1996-12-19T07:05:05.614     50.51   -192.02   -406.77    452.65   2.94  -0.42  -0.01
1996-12-19T07:05:05.947     52.94   -190.56   -408.53    453.88   2.94  -0.42  -0.01
1996-12-19T07:05:06.280     50.34   -190.05   -407.02    452.02   2.94  -0.42  -0.01
1996-12-19T07:05:06.614     50.26   -191.62   -409.51    454.90   2.94  -0.42  -0.01
1996-12-19T07:05:06.947     50.43   -190.59   -407.22    452.44   2.95  -0.42  -0.01
1996-12-19T07:05:07.280     53.11   -191.93   -406.12    452.32   2.95  -0.42  -0.01
1996-12-19T07:05:07.614     48.96   -191.36   -408.06    453.35   2.95  -0.42  -0.01
1996-12-19T07:05:07.947     49.86   -189.23   -407.76    452.29   2.95  -0.42  -0.01
1996-12-19T07:05:08.280     51.74   -190.27   -404.55    450.04   2.95  -0.42  -0.01
1996-12-19T07:05:08.614     53.38   -190.93   -404.76    450.71   2.95  -0.43  -0.01
1996-12-19T07:05:08.947     53.53   -193.12   -405.09    451.94   2.95  -0.43  -0.01
1996-12-19T07:05:09.280     53.30   -190.45   -405.16    450.85   2.95  -0.43  -0.01
1996-12-19T07:05:09.614     53.29   -190.03   -405.23    450.74   2.95  -0.43  -0.01
1996-12-19T07:05:09.947     50.38   -191.83   -405.52    451.43   2.95  -0.43  -0.01
1996-12-19T07:05:10.280     53.93   -191.69   -405.14    451.44   2.95  -0.43  -0.01
1996-12-19T07:05:10.614     54.36   -190.41   -404.91    450.73   2.96  -0.43  -0.01
1996-12-19T07:05:10.947     54.17   -192.19   -405.85    452.31   2.96  -0.43  -0.01
1996-12-19T07:05:11.280     53.44   -192.76   -406.91    453.42   2.96  -0.43  -0.01
1996-12-19T07:05:11.614     52.45   -195.06   -403.57    451.30   2.96  -0.43  -0.01
1996-12-19T07:05:11.947     51.64   -197.33   -407.45    455.65   2.96  -0.43  -0.01
1996-12-19T07:05:12.280     56.08   -196.04   -403.84    452.39   2.96  -0.43  -0.01
1996-12-19T07:05:12.614     54.09   -195.64   -404.69    452.75   2.96  -0.43  -0.01
1996-12-19T07:05:12.947     51.30   -191.40   -405.63    451.44   2.96  -0.44  -0.01
1996-12-19T07:05:13.280     50.60   -191.52   -406.43    452.13   2.96  -0.44  -0.01
1996-12-19T07:05:13.614     47.31   -195.24   -409.24    455.89   2.96  -0.44  -0.01
1996-12-19T07:05:13.947     53.61   -194.22   -406.92    454.07   2.97  -0.44  -0.01
1996-12-19T07:05:14.280     52.55   -199.47   -403.81    453.44   2.97  -0.44  -0.01
1996-12-19T07:05:14.614     49.67   -197.53   -407.59    455.65   2.97  -0.44  -0.01
1996-12-19T07:05:14.947     53.70   -195.38   -406.78    454.46   2.97  -0.44  -0.01
1996-12-19T07:05:15.280     51.57   -192.46   -406.50    452.71   2.97  -0.44  -0.01
1996-12-19T07:05:15.614     52.59   -193.89   -406.12    453.09   2.97  -0.44  -0.01
1996-12-19T07:05:15.947     54.60   -194.35   -406.47    453.84   2.97  -0.44  -0.01
1996-12-19T07:05:16.280     51.95   -193.17   -407.66    454.09   2.97  -0.44  -0.01
1996-12-19T07:05:16.614     52.86   -191.20   -408.45    454.07   2.97  -0.44  -0.01
1996-12-19T07:05:16.947     55.04   -193.72   -407.07    454.17   2.97  -0.44  -0.01
1996-12-19T07:05:17.280     53.19   -194.94   -405.86    453.38   2.97  -0.44  -0.01
1996-12-19T07:05:17.614     51.47   -195.46   -406.47    453.95   2.98  -0.45  -0.01
1996-12-19T07:05:17.947     49.59   -193.05   -406.65    452.87   2.98  -0.45  -0.01
1996-12-19T07:05:18.280     51.45   -194.04   -408.13    454.83   2.98  -0.45  -0.01
1996-12-19T07:05:18.614     55.74   -194.66   -403.76    451.69   2.98  -0.45  -0.01
1996-12-19T07:05:18.947     55.68   -195.88   -405.77    454.00   2.98  -0.45  -0.01
1996-12-19T07:05:19.280     51.32   -193.78   -407.33    453.98   2.98  -0.45  -0.01
1996-12-19T07:05:19.614     52.26   -190.91   -407.02    452.60   2.98  -0.45  -0.01
1996-12-19T07:05:19.947     54.26   -190.00   -408.07    453.39   2.98  -0.45  -0.01
1996-12-19T07:05:20.280     55.44   -193.53   -405.65    452.86   2.98  -0.45  -0.01
1996-12-19T07:05:20.614     49.77   -192.37   -407.88    453.70   2.98  -0.45  -0.01
1996-12-19T07:05:20.947     50.09   -190.63   -405.81    451.14   2.99  -0.45  -0.01
1996-12-19T07:05:21.280     51.56   -191.25   -405.63    451.41   2.99  -0.45  -0.01
1996-12-19T07:05:21.614     49.49   -191.49   -407.95    453.36   2.99  -0.45  -0.01
1996-12-19T07:05:21.947     51.36   -188.84   -406.15    450.84   2.99  -0.46  -0.01
1996-12-19T07:05:22.280     49.00   -192.03   -404.48    450.42   2.99  -0.46  -0.01
1996-12-19T07:05:22.614     50.98   -191.15   -406.79    452.35   2.99  -0.46  -0.01
1996-12-19T07:05:22.947     53.32   -190.76   -406.35    452.05   2.99  -0.46  -0.01
1996-12-19T07:05:23.280     51.97   -189.43   -406.20    451.20   2.99  -0.46  -0.01
1996-12-19T07:05:23.614     48.11   -188.15   -407.10    451.05   2.99  -0.46  -0.01
1996-12-19T07:05:23.947     47.51   -187.19   -407.91    451.32   2.99  -0.46  -0.01
1996-12-19T07:05:24.280     47.01   -188.44   -404.54    448.75   2.99  -0.46  -0.01
1996-12-19T07:05:24.614     49.87   -188.78   -403.94    448.66   3.00  -0.46  -0.01
1996-12-19T07:05:24.947     52.38   -187.89   -406.42    450.80   3.00  -0.46  -0.01
1996-12-19T07:05:25.280     49.82   -185.42   -405.08    448.28   3.00  -0.46  -0.01
1996-12-19T07:05:25.614     49.01   -186.25   -405.80    449.19   3.00  -0.46  -0.01
1996-12-19T07:05:25.947     49.26   -190.00   -403.39    448.61   3.00  -0.46  -0.01
1996-12-19T07:05:26.280     51.03   -189.91   -403.33    448.72   3.00  -0.46  -0.01
1996-12-19T07:05:26.614     48.50   -189.83   -403.64    448.68   3.00  -0.47  -0.01
1996-12-19T07:05:26.947     50.84   -191.25   -405.86    451.54   3.00  -0.47  -0.01
1996-12-19T07:05:27.280     51.92   -191.20   -403.43    449.45   3.00  -0.47  -0.01
1996-12-19T07:05:27.614     52.69   -188.40   -403.71    448.61   3.00  -0.47  -0.01
1996-12-19T07:05:27.947     53.96   -188.81   -404.18    449.35   3.00  -0.47  -0.01
1996-12-19T07:05:28.280     55.13   -190.61   -401.38    447.74   3.01  -0.47  -0.01
1996-12-19T07:05:28.614     55.13   -192.52   -401.65    448.81   3.01  -0.47  -0.01
1996-12-19T07:05:28.947     50.87   -191.25   -399.78    446.09   3.01  -0.47  -0.01
1996-12-19T07:05:29.280     53.18   -192.18   -401.20    448.02   3.01  -0.47  -0.01
1996-12-19T07:05:29.614     51.38   -189.86   -401.82    447.38   3.01  -0.47  -0.01
1996-12-19T07:05:29.947     53.26   -189.47   -401.95    447.55   3.01  -0.47  -0.01
1996-12-19T07:05:30.280     52.36   -190.05   -400.28    446.19   3.01  -0.47  -0.01
1996-12-19T07:05:30.614     51.88   -192.73   -403.36    450.04   3.01  -0.47  -0.01
1996-12-19T07:05:30.947     50.96   -193.45   -401.64    448.71   3.01  -0.47  -0.01
1996-12-19T07:05:31.280     50.54   -191.96   -401.90    448.25   3.01  -0.48  -0.01
1996-12-19T07:05:31.614     54.80   -191.41   -404.42    450.78   3.02  -0.48  -0.01
1996-12-19T07:05:31.947     51.16   -191.52   -404.95    450.87   3.02  -0.48  -0.01
1996-12-19T07:05:32.280     50.59   -192.48   -405.73    451.91   3.02  -0.48  -0.01
1996-12-19T07:05:32.614     52.52   -195.34   -403.52    451.38   3.02  -0.48  -0.01
1996-12-19T07:05:32.947     54.04   -192.32   -402.67    449.50   3.02  -0.48  -0.01
1996-12-19T07:05:33.280     51.25   -191.81   -401.21    447.64   3.02  -0.48  -0.01
1996-12-19T07:05:33.614     52.31   -192.45   -403.72    450.29   3.02  -0.48  -0.01
1996-12-19T07:05:33.947     52.11   -192.53   -402.74    449.42   3.02  -0.48  -0.01
1996-12-19T07:05:34.280     50.24   -191.13   -403.46    449.26   3.02  -0.48  -0.01
1996-12-19T07:05:34.614     48.24   -192.14   -404.82    450.69   3.02  -0.48  -0.01
1996-12-19T07:05:34.947     54.01   -190.15   -404.66    450.36   3.02  -0.48  -0.01
1996-12-19T07:05:35.280     51.45   -189.67   -405.06    450.22   3.03  -0.48  -0.01
1996-12-19T07:05:35.614     53.29   -190.73   -404.01    449.94   3.03  -0.49  -0.01
1996-12-19T07:05:35.947     55.13   -190.42   -403.87    449.91   3.03  -0.49  -0.01
1996-12-19T07:05:36.280     53.36   -192.08   -403.98    450.49   3.03  -0.49  -0.01
1996-12-19T07:05:36.614     56.97   -190.58   -404.21    450.50   3.03  -0.49  -0.01
1996-12-19T07:05:36.947     57.90   -189.95   -403.09    449.35   3.03  -0.49  -0.01
1996-12-19T07:05:37.280     56.96   -192.25   -403.04    450.16   3.03  -0.49  -0.01
1996-12-19T07:05:37.614     55.43   -188.56   -401.98    447.46   3.03  -0.49  -0.01
1996-12-19T07:05:37.947     54.36   -189.72   -402.57    448.35   3.03  -0.49  -0.01
1996-12-19T07:05:38.280     55.55   -190.78   -404.58    450.74   3.03  -0.49  -0.01
1996-12-19T07:05:38.614     57.80   -189.00   -401.50    447.51   3.03  -0.49  -0.01
1996-12-19T07:05:38.947     59.78   -189.89   -398.42    445.39   3.04  -0.49  -0.01
1996-12-19T07:05:39.280     60.92   -191.29   -400.70    448.17   3.04  -0.49  -0.01
1996-12-19T07:05:39.614     57.82   -192.49   -400.76    448.33   3.04  -0.49  -0.01
1996-12-19T07:05:39.947     60.35   -192.21   -401.14    448.88   3.04  -0.49  -0.01
1996-12-19T07:05:40.280     59.52   -191.83   -402.13    449.50   3.04  -0.50  -0.01
1996-12-19T07:05:40.614     61.30   -190.01   -401.42    448.33   3.04  -0.50  -0.01
1996-12-19T07:05:40.947     60.50   -192.84   -404.38    452.07   3.04  -0.50  -0.01
1996-12-19T07:05:41.280     57.21   -191.10   -400.49    447.42   3.04  -0.50  -0.01
1996-12-19T07:05:41.614     57.08   -192.31   -401.94    449.22   3.04  -0.50  -0.01
1996-12-19T07:05:41.947     60.75   -193.48   -402.80    450.97   3.04  -0.50  -0.01
1996-12-19T07:05:42.280     61.46   -191.90   -400.75    448.56   3.05  -0.50  -0.01
1996-12-19T07:05:42.614     58.55   -192.71   -403.46    450.93   3.05  -0.50  -0.01
1996-12-19T07:05:42.947     52.47   -186.15   -404.34    448.22   3.05  -0.50  -0.01
1996-12-19T07:05:43.280     51.58   -185.97   -403.15    446.96   3.05  -0.50  -0.01
1996-12-19T07:05:43.614     54.40   -186.22   -403.68    447.87   3.05  -0.50  -0.01
1996-12-19T07:05:43.947     53.07   -190.74   -401.98    448.09   3.05  -0.50  -0.01
1996-12-19T07:05:44.280     53.30   -189.11   -402.89    448.25   3.05  -0.50  -0.01
1996-12-19T07:05:44.614     52.44   -187.59   -403.26    447.84   3.05  -0.50  -0.01
1996-12-19T07:05:44.947     50.03   -188.79   -403.96    448.70   3.05  -0.51  -0.01
1996-12-19T07:05:45.280     52.63   -190.25   -400.25    446.28   3.05  -0.51  -0.01
1996-12-19T07:05:45.614     51.21   -190.73   -399.34    445.50   3.05  -0.51  -0.01
1996-12-19T07:05:45.947     51.59   -188.32   -402.49    447.35   3.06  -0.51  -0.01
1996-12-19T07:05:46.280     51.61   -189.89   -402.62    448.14   3.06  -0.51  -0.01
1996-12-19T07:05:46.614     53.28   -190.94   -402.00    448.22   3.06  -0.51  -0.01
1996-12-19T07:05:46.947     56.23   -190.18   -400.01    446.47   3.06  -0.51  -0.01
1996-12-19T07:05:47.280     55.05   -190.30   -399.94    446.31   3.06  -0.51  -0.01
1996-12-19T07:05:47.614     55.81   -191.24   -399.71    446.60   3.06  -0.51  -0.01
1996-12-19T07:05:47.947     55.72   -189.53   -399.83    445.97   3.06  -0.51  -0.01
1996-12-19T07:05:48.280     56.12   -191.43   -400.10    447.07   3.06  -0.51  -0.01
1996-12-19T07:05:48.614     55.86   -191.62   -400.54    447.51   3.06  -0.51  -0.01
1996-12-19T07:05:48.947     55.23   -192.07   -399.13    446.37   3.06  -0.51  -0.01
1996-12-19T07:05:49.280     54.12   -191.01   -399.58    446.18   3.06  -0.52  -0.01
1996-12-19T07:05:49.614     52.50   -188.60   -400.10    445.43   3.07  -0.52  -0.01
1996-12-19T07:05:49.947     57.70   -190.39   -402.65    449.12   3.07  -0.52  -0.01
1996-12-19T07:05:50.280     52.05   -192.17   -400.58    447.33   3.07  -0.52  -0.01
1996-12-19T07:05:50.614     54.80   -192.48   -401.25    448.39   3.07  -0.52  -0.01
1996-12-19T07:05:50.947     52.74   -193.75   -399.02    446.70   3.07  -0.52  -0.01
1996-12-19T07:05:51.280     56.08   -192.54   -403.00    450.13   3.07  -0.52  -0.01
1996-12-19T07:05:51.614     56.35   -190.90   -401.53    448.16   3.07  -0.52  -0.01
1996-12-19T07:05:51.947     54.01   -192.78   -400.35    447.61   3.07  -0.52  -0.01
1996-12-19T07:05:52.280     56.04   -189.65   -401.71    447.75   3.07  -0.52  -0.01
1996-12-19T07:05:52.614     53.59   -191.38   -402.28    448.69   3.07  -0.52  -0.01
1996-12-19T07:05:52.947     53.23   -186.38   -401.96    446.26   3.08  -0.52  -0.01
1996-12-19T07:05:53.280     49.04   -190.66   -400.15    445.95   3.08  -0.52  -0.01
1996-12-19T07:05:53.614     53.87   -190.09   -398.65    444.92   3.08  -0.52  -0.01
1996-12-19T07:05:53.947     53.57   -187.85   -401.19    446.22   3.08  -0.53  -0.01
1996-12-19T07:05:54.280     51.38   -189.95   -400.50    446.23   3.08  -0.53  -0.01
1996-12-19T07:05:54.614     53.87   -191.77   -401.15    447.88   3.08  -0.53  -0.01
1996-12-19T07:05:54.947     55.00   -189.97   -400.30    446.49   3.08  -0.53  -0.01
1996-12-19T07:05:55.280     53.31   -192.16   -400.07    447.02   3.08  -0.53  -0.01
1996-12-19T07:05:55.614     51.53   -192.07   -401.06    447.66   3.08  -0.53  -0.01
1996-12-19T07:05:55.947     51.05   -192.46   -403.25    449.73   3.08  -0.53  -0.01
1996-12-19T07:05:56.280     52.74   -191.35   -400.88    447.33   3.08  -0.53  -0.01
1996-12-19T07:05:56.614     52.16   -190.42   -399.46    445.59   3.09  -0.53  -0.01
1996-12-19T07:05:56.947     53.50   -190.91   -401.45    447.74   3.09  -0.53  -0.01
1996-12-19T07:05:57.280     53.13   -188.00   -401.51    446.52   3.09  -0.53  -0.01
1996-12-19T07:05:57.614     51.41   -190.84   -402.04    447.99   3.09  -0.53  -0.01
1996-12-19T07:05:57.947     49.63   -188.58   -402.96    447.66   3.09  -0.53  -0.01
1996-12-19T07:05:58.280     51.39   -190.55   -404.72    450.28   3.09  -0.53  -0.01
1996-12-19T07:05:58.614     50.56   -189.71   -402.79    448.09   3.09  -0.54  -0.01
1996-12-19T07:05:58.947     50.43   -191.23   -401.19    447.29   3.09  -0.54  -0.01
1996-12-19T07:05:59.280     51.17   -191.03   -402.15    448.14   3.09  -0.54  -0.01
1996-12-19T07:05:59.614     54.90   -191.28   -401.94    448.50   3.09  -0.54  -0.01
1996-12-19T07:05:59.947     55.65   -192.98   -399.95    447.54   3.09  -0.54  -0.01
1996-12-19T07:06:00.280     57.54   -192.39   -400.97    448.44   3.10  -0.54  -0.01
1996-12-19T07:06:00.614     56.86   -190.77   -400.82    447.53   3.10  -0.54  -0.01
1996-12-19T07:06:00.947     54.35   -194.08   -400.67    448.50   3.10  -0.54  -0.01
1996-12-19T07:06:01.280     54.06   -190.71   -401.60    447.86   3.10  -0.54  -0.01
1996-12-19T07:06:01.614     51.80   -189.65   -402.97    448.37   3.10  -0.54  -0.01
1996-12-19T07:06:01.947     53.79   -193.11   -403.26    450.34   3.10  -0.54  -0.01
1996-12-19T07:06:02.280     50.98   -191.52   -404.47    450.41   3.10  -0.54  -0.01
1996-12-19T07:06:02.614     53.97   -188.01   -402.24    447.27   3.10  -0.54  -0.01
1996-12-19T07:06:02.947     52.74   -188.68   -402.33    447.50   3.10  -0.55  -0.01
1996-12-19T07:06:03.280     53.70   -187.94   -400.04    445.24   3.10  -0.55  -0.01
1996-12-19T07:06:03.614     52.79   -188.44   -402.37    447.43   3.11  -0.55  -0.01
1996-12-19T07:06:03.947     52.52   -190.25   -398.85    445.01   3.11  -0.55  -0.01
1996-12-19T07:06:04.280     52.32   -190.71   -399.11    445.41   3.11  -0.55  -0.01
1996-12-19T07:06:04.614     54.25   -189.66   -402.63    448.36   3.11  -0.55  -0.01
1996-12-19T07:06:04.947     49.99   -189.72   -403.50    448.67   3.11  -0.55  -0.01
1996-12-19T07:06:05.280     51.43   -188.73   -403.23    448.17   3.11  -0.55  -0.01
1996-12-19T07:06:05.614     52.76   -188.59   -401.68    446.88   3.11  -0.55  -0.01
1996-12-19T07:06:05.947     53.87   -188.57   -401.00    446.39   3.11  -0.55  -0.01
1996-12-19T07:06:06.280     54.98   -189.64   -400.80    446.80   3.11  -0.55  -0.01
1996-12-19T07:06:06.614     55.78   -190.19   -402.67    448.80   3.11  -0.55  -0.01
1996-12-19T07:06:06.947     54.59   -191.82   -398.76    445.85   3.11  -0.55  -0.01
1996-12-19T07:06:07.280     54.48   -191.10   -400.50    447.09   3.12  -0.55  -0.01
1996-12-19T07:06:07.614     54.02   -191.39   -397.82    444.76   3.12  -0.56  -0.01
1996-12-19T07:06:07.947     53.73   -192.98   -398.41    445.93   3.12  -0.56  -0.01
1996-12-19T07:06:08.280     52.51   -190.74   -400.59    446.78   3.12  -0.56  -0.01
1996-12-19T07:06:08.614     51.50   -192.39   -398.82    445.78   3.12  -0.56  -0.01
1996-12-19T07:06:08.947     52.75   -192.81   -400.19    447.34   3.12  -0.56  -0.01
1996-12-19T07:06:09.280     49.93   -189.91   -399.08    444.78   3.12  -0.56  -0.01
1996-12-19T07:06:09.614     53.98   -191.72   -399.67    446.55   3.12  -0.56  -0.01
1996-12-19T07:06:09.947     50.81   -191.51   -399.96    446.35   3.12  -0.56  -0.01
1996-12-19T07:06:10.280     50.36   -193.40   -400.57    447.65   3.12  -0.56  -0.01
1996-12-19T07:06:10.614     51.82   -192.71   -399.78    446.82   3.12  -0.56  -0.01
1996-12-19T07:06:10.947     53.09   -190.88   -400.32    446.67   3.13  -0.56  -0.01
1996-12-19T07:06:11.280     51.13   -192.31   -399.52    446.33   3.13  -0.56  -0.01
1996-12-19T07:06:11.614     51.61   -188.92   -401.94    447.12   3.13  -0.56  -0.01
1996-12-19T07:06:11.947     51.19   -187.65   -399.39    444.23   3.13  -0.57  -0.01
1996-12-19T07:06:12.280     50.48   -190.21   -402.83    448.33   3.13  -0.57  -0.01
1996-12-19T07:06:12.614     46.09   -184.76   -403.10    445.82   3.13  -0.57  -0.01
1996-12-19T07:06:12.947     46.37   -183.70   -400.43    442.99   3.13  -0.57  -0.01
1996-12-19T07:06:13.280     40.64   -182.39   -395.22    437.17   3.13  -0.57  -0.01
1996-12-19T07:06:13.614     48.71   -150.03   -380.03    411.46   3.13  -0.57  -0.01
1996-12-19T07:06:13.947     40.36   -144.83   -374.36    403.43   3.13  -0.57  -0.01
1996-12-19T07:06:14.280     23.42   -172.76   -380.41    418.46   3.14  -0.57  -0.01
1996-12-19T07:06:14.614     32.54   -184.84   -381.98    425.60   3.14  -0.57  -0.01
1996-12-19T07:06:14.947     29.99   -194.56   -379.39    427.42   3.14  -0.57  -0.01
1996-12-19T07:06:15.280     25.27   -171.61   -388.09    425.09   3.14  -0.57  -0.01
1996-12-19T07:06:15.614     24.56   -165.41   -397.78    431.51   3.14  -0.57  -0.01
1996-12-19T07:06:15.947     29.85   -184.19   -392.95    435.01   3.14  -0.57  -0.01
1996-12-19T07:06:16.280     35.51   -180.26   -391.10    432.10   3.14  -0.57  -0.01
1996-12-19T07:06:16.614     37.42   -181.50   -383.37    425.81   3.14  -0.58  -0.01
1996-12-19T07:06:16.947     27.02   -176.17   -381.90    421.44   3.14  -0.58  -0.01
1996-12-19T07:06:17.280     36.50   -180.24   -378.07    420.42   3.14  -0.58  -0.01
1996-12-19T07:06:17.614     27.92   -172.00   -380.54    418.54   3.14  -0.58  -0.01
1996-12-19T07:06:17.947     27.42   -173.07   -405.34    441.59   3.15  -0.58  -0.01
1996-12-19T07:06:18.280     39.92   -188.25   -402.80    446.40   3.15  -0.58  -0.01
1996-12-19T07:06:18.614     43.79   -192.55   -405.07    450.64   3.15  -0.58  -0.01
1996-12-19T07:06:18.947     45.94   -194.07   -404.92    451.37   3.15  -0.58  -0.01
1996-12-19T07:06:19.280     47.84   -192.83   -402.61    448.96   3.15  -0.58  -0.01
1996-12-19T07:06:19.614     49.32   -189.90   -406.33    451.22   3.15  -0.58  -0.01
1996-12-19T07:06:19.947     48.66   -192.19   -405.38    451.26   3.15  -0.58  -0.01
1996-12-19T07:06:20.280     48.23   -192.52   -404.15    450.25   3.15  -0.58  -0.01
1996-12-19T07:06:20.614     45.64   -192.41   -406.08    451.67   3.15  -0.58  -0.01
1996-12-19T07:06:20.947     47.03   -191.12   -406.56    451.70   3.15  -0.58  -0.01
1996-12-19T07:06:21.280     47.44   -189.80   -405.79    450.49   3.15  -0.59  -0.01
1996-12-19T07:06:21.614     50.62   -191.35   -403.67    449.59   3.16  -0.59  -0.01
1996-12-19T07:06:21.947     53.24   -190.83   -403.69    449.69   3.16  -0.59  -0.01
1996-12-19T07:06:22.280     49.21   -190.91   -402.79    448.45   3.16  -0.59  -0.01
1996-12-19T07:06:22.614     48.36   -191.66   -403.93    449.70   3.16  -0.59  -0.01
1996-12-19T07:06:22.947     51.35   -193.91   -402.36    449.59   3.16  -0.59  -0.01
1996-12-19T07:06:23.280     48.97   -189.47   -404.13    449.02   3.16  -0.59  -0.01
1996-12-19T07:06:23.614     49.35   -188.56   -405.08    449.53   3.16  -0.59  -0.01
1996-12-19T07:06:23.947     50.44   -192.04   -401.30    447.73   3.16  -0.59  -0.01
1996-12-19T07:06:24.280     51.91   -191.16   -401.79    447.97   3.16  -0.59  -0.01
1996-12-19T07:06:24.614     51.21   -188.25   -404.33    448.94   3.16  -0.59  -0.01
1996-12-19T07:06:24.947     52.45   -189.16   -401.59    447.00   3.17  -0.59  -0.01
1996-12-19T07:06:25.280     53.21   -191.42   -399.93    446.56   3.17  -0.59  -0.01
1996-12-19T07:06:25.614     52.16   -193.03   -401.24    448.30   3.17  -0.60  -0.01
1996-12-19T07:06:25.947     47.67   -190.31   -400.59    446.05   3.17  -0.60  -0.01
1996-12-19T07:06:26.280     49.62   -189.59   -401.78    447.02   3.17  -0.60  -0.01
1996-12-19T07:06:26.614     50.55   -187.98   -402.40    447.01   3.17  -0.60  -0.01
1996-12-19T07:06:26.947     50.89   -187.49   -402.81    447.21   3.17  -0.60  -0.01
1996-12-19T07:06:27.280     52.35   -189.21   -402.57    447.88   3.17  -0.60  -0.01
1996-12-19T07:06:27.614     50.95   -188.68   -401.14    446.21   3.17  -0.60  -0.01
1996-12-19T07:06:27.947     50.58   -191.11   -403.16    449.02   3.17  -0.60  -0.01
1996-12-19T07:06:28.280     48.00   -189.60   -401.79    446.87   3.17  -0.60  -0.01
1996-12-19T07:06:28.614     51.93   -190.58   -402.65    448.49   3.18  -0.60  -0.01
1996-12-19T07:06:28.947     49.16   -192.92   -402.73    449.25   3.18  -0.60  -0.01
1996-12-19T07:06:29.280     50.32   -191.76   -404.31    450.30   3.18  -0.60  -0.01
1996-12-19T07:06:29.614     47.88   -192.66   -402.12    448.45   3.18  -0.60  -0.01
1996-12-19T07:06:29.947     47.16   -191.29   -402.43    448.07   3.18  -0.60  -0.01
1996-12-19T07:06:30.280     50.96   -190.40   -401.17    446.97   3.18  -0.61  -0.01
1996-12-19T07:06:30.614     48.72   -193.47   -401.85    448.65   3.18  -0.61  -0.01
1996-12-19T07:06:30.947     50.61   -189.75   -403.88    449.09   3.18  -0.61  -0.01
1996-12-19T07:06:31.280     51.14   -191.65   -402.46    448.68   3.18  -0.61  -0.01
1996-12-19T07:06:31.614     48.65   -189.28   -401.41    446.46   3.18  -0.61  -0.01
1996-12-19T07:06:31.947     52.20   -189.33   -402.71    448.05   3.18  -0.61  -0.01
1996-12-19T07:06:32.280     50.80   -189.72   -402.31    447.69   3.19  -0.61  -0.01
1996-12-19T07:06:32.614     48.94   -189.41   -402.80    447.79   3.19  -0.61  -0.01
1996-12-19T07:06:32.947     48.97   -187.06   -404.19    448.06   3.19  -0.61  -0.01
1996-12-19T07:06:33.280     51.37   -189.55   -403.67    448.91   3.19  -0.61  -0.01
1996-12-19T07:06:33.614     50.88   -188.08   -406.32    450.62   3.19  -0.61  -0.01
1996-12-19T07:06:33.947     49.38   -191.77   -404.70    450.55   3.19  -0.61  -0.01
1996-12-19T07:06:34.280     49.72   -188.74   -403.27    448.02   3.19  -0.61  -0.01
1996-12-19T07:06:34.614     49.51   -190.48   -401.83    447.44   3.19  -0.61  -0.01
1996-12-19T07:06:34.947     50.47   -191.42   -402.27    448.34   3.19  -0.62  -0.01
1996-12-19T07:06:35.280     51.03   -191.07   -402.14    448.14   3.19  -0.62  -0.01
1996-12-19T07:06:35.614     53.31   -187.39   -403.80    448.35   3.20  -0.62  -0.01
1996-12-19T07:06:35.947     52.02   -190.42   -402.26    448.09   3.20  -0.62  -0.01
1996-12-19T07:06:36.280     52.97   -190.50   -403.92    449.72   3.20  -0.62  -0.01
1996-12-19T07:06:36.614     49.78   -190.27   -400.55    446.23   3.20  -0.62  -0.01
1996-12-19T07:06:36.947     49.75   -190.61   -403.31    448.85   3.20  -0.62  -0.01
1996-12-19T07:06:37.280     51.34   -189.50   -404.42    449.55   3.20  -0.62  -0.01
1996-12-19T07:06:37.614     52.88   -188.81   -402.85    448.03   3.20  -0.62  -0.01
1996-12-19T07:06:37.947     50.02   -191.25   -403.82    449.61   3.20  -0.62  -0.01
1996-12-19T07:06:38.280     49.55   -191.09   -401.92    447.78   3.20  -0.62  -0.01
1996-12-19T07:06:38.614     50.43   -189.84   -403.38    448.67   3.20  -0.62  -0.01
1996-12-19T07:06:38.947     53.47   -190.26   -403.60    449.39   3.20  -0.62  -0.01
1996-12-19T07:06:39.280     50.73   -189.52   -402.72    447.97   3.21  -0.63  -0.01
1996-12-19T07:06:39.614     48.15   -187.31   -405.04    448.84   3.21  -0.63  -0.01
1996-12-19T07:06:39.947     49.36   -187.34   -403.87    447.93   3.21  -0.63  -0.01
1996-12-19T07:06:40.280     51.48   -191.13   -404.80    450.60   3.21  -0.63  -0.01
1996-12-19T07:06:40.614     49.86   -187.76   -402.56    446.98   3.21  -0.63  -0.01
1996-12-19T07:06:40.947     52.62   -187.85   -399.63    444.70   3.21  -0.63  -0.01
1996-12-19T07:06:41.280     52.15   -189.79   -404.73    450.06   3.21  -0.63  -0.01
1996-12-19T07:06:41.614     47.57   -188.01   -403.08    447.30   3.21  -0.63  -0.01
1996-12-19T07:06:41.947     49.98   -187.71   -404.39    448.63   3.21  -0.63  -0.01
1996-12-19T07:06:42.280     51.41   -186.25   -404.24    448.05   3.21  -0.63  -0.01
1996-12-19T07:06:42.614     53.96   -188.01   -403.85    448.73   3.21  -0.63  -0.01
1996-12-19T07:06:42.947     49.77   -188.28   -405.41    449.76   3.22  -0.63  -0.01
1996-12-19T07:06:43.280     51.21   -187.78   -402.13    446.76   3.22  -0.63  -0.01
1996-12-19T07:06:43.614     52.82   -188.45   -402.42    447.49   3.22  -0.63  -0.01
1996-12-19T07:06:43.947     53.92   -188.42   -401.23    446.54   3.22  -0.64  -0.01
1996-12-19T07:06:44.280     54.48   -187.12   -401.37    446.18   3.22  -0.64  -0.01
1996-12-19T07:06:44.614     53.78   -188.45   -401.16    446.47   3.22  -0.64  -0.01
1996-12-19T07:06:44.947     53.26   -187.19   -401.07    445.80   3.22  -0.64  -0.01
1996-12-19T07:06:45.280     51.10   -189.15   -401.71    446.95   3.22  -0.64  -0.01
1996-12-19T07:06:45.614     53.52   -187.60   -401.73    446.60   3.22  -0.64  -0.01
1996-12-19T07:06:45.947     53.41   -189.92   -402.99    448.69   3.22  -0.64  -0.01
1996-12-19T07:06:46.280     51.96   -188.11   -400.41    445.43   3.23  -0.64  -0.01
1996-12-19T07:06:46.614     50.78   -187.67   -402.00    446.54   3.23  -0.64  -0.01
1996-12-19T07:06:46.947     49.68   -190.29   -400.48    446.16   3.23  -0.64  -0.01
1996-12-19T07:06:47.280     50.51   -193.09   -400.91    447.84   3.23  -0.64  -0.01
1996-12-19T07:06:47.614     50.01   -189.59   -400.94    446.32   3.23  -0.64  -0.01
1996-12-19T07:06:47.947     50.05   -187.28   -400.66    445.10   3.23  -0.64  -0.01
1996-12-19T07:06:48.280     49.18   -188.90   -403.29    448.04   3.23  -0.64  -0.01
1996-12-19T07:06:48.614     47.07   -187.93   -403.11    447.25   3.23  -0.65  -0.01
1996-12-19T07:06:48.947     49.76   -189.34   -401.92    447.06   3.23  -0.65  -0.01
1996-12-19T07:06:49.280     50.54   -188.56   -401.03    446.02   3.23  -0.65  -0.01
1996-12-19T07:06:49.614     51.51   -189.34   -401.42    446.81   3.23  -0.65  -0.01
1996-12-19T07:06:49.947     48.19   -188.22   -403.66    447.99   3.24  -0.65  -0.01
1996-12-19T07:06:50.280     49.44   -187.78   -401.26    445.77   3.24  -0.65  -0.01
1996-12-19T07:06:50.614     47.33   -187.74   -402.98    447.08   3.24  -0.65  -0.01
1996-12-19T07:06:50.947     49.24   -190.84   -403.04    448.65   3.24  -0.65  -0.01
1996-12-19T07:06:51.280     50.55   -188.68   -403.31    448.12   3.24  -0.65  -0.01
1996-12-19T07:06:51.614     48.36   -190.03   -400.03    445.50   3.24  -0.65  -0.01
1996-12-19T07:06:51.947     46.41   -187.89   -401.42    445.64   3.24  -0.65  -0.01
1996-12-19T07:06:52.280     49.42   -190.94   -403.27    448.92   3.24  -0.65  -0.01
1996-12-19T07:06:52.614     49.13   -186.63   -400.70    444.75   3.24  -0.65  -0.01
1996-12-19T07:06:52.947     49.15   -186.68   -402.34    446.25   3.24  -0.66  -0.01
1996-12-19T07:06:53.280     48.01   -187.64   -403.41    447.50   3.24  -0.66  -0.01
1996-12-19T07:06:53.614     47.43   -189.80   -400.20    445.46   3.25  -0.66  -0.01
1996-12-19T07:06:53.947     46.51   -188.39   -400.86    445.36   3.25  -0.66  -0.01
1996-12-19T07:06:54.280     47.79   -190.07   -403.50    448.58   3.25  -0.66  -0.01
1996-12-19T07:06:54.614     46.97   -188.76   -402.95    447.44   3.25  -0.66  -0.01
1996-12-19T07:06:54.947     47.15   -189.30   -405.62    450.09   3.25  -0.66  -0.01
1996-12-19T07:06:55.280     47.89   -187.19   -403.39    447.28   3.25  -0.66  -0.01
1996-12-19T07:06:55.614     48.46   -188.51   -401.72    446.39   3.25  -0.66  -0.01
1996-12-19T07:06:55.947     49.97   -188.47   -402.93    447.62   3.25  -0.66  -0.01
1996-12-19T07:06:56.280     50.92   -187.07   -405.29    449.28   3.25  -0.66  -0.01
1996-12-19T07:06:56.614     50.56   -184.22   -401.30    444.44   3.25  -0.66  -0.01
1996-12-19T07:06:56.947     48.06   -186.33   -404.46    447.91   3.26  -0.66  -0.01
1996-12-19T07:06:57.280     48.80   -189.04   -400.28    445.35   3.26  -0.66  -0.01
1996-12-19T07:06:57.614     50.79   -188.32   -402.65    447.40   3.26  -0.67  -0.01
1996-12-19T07:06:57.947     52.12   -190.45   -402.22    448.08   3.26  -0.67  -0.01
1996-12-19T07:06:58.280     48.27   -191.70   -400.65    446.77   3.26  -0.67  -0.01
1996-12-19T07:06:58.614     47.94   -187.55   -398.93    443.42   3.26  -0.67  -0.01
1996-12-19T07:06:58.947     48.76   -192.86   -401.00    447.63   3.26  -0.67  -0.01
1996-12-19T07:06:59.280     51.79   -191.80   -402.30    448.68   3.26  -0.67  -0.01
1996-12-19T07:06:59.614     50.15   -188.59   -402.96    447.72   3.26  -0.67  -0.01
1996-12-19T07:06:59.947     53.19   -189.82   -403.03    448.65   3.26  -0.67  -0.01
1996-12-19T07:07:00.280     51.82   -188.32   -397.88    443.24   3.26  -0.67  -0.01
1996-12-19T07:07:00.614     47.57   -188.01   -402.07    446.40   3.27  -0.67  -0.01
1996-12-19T07:07:00.947     50.49   -189.96   -401.76    447.26   3.27  -0.67  -0.01
1996-12-19T07:07:01.280     48.88   -188.77   -402.97    447.66   3.27  -0.67  -0.01
1996-12-19T07:07:01.614     48.24   -188.28   -400.97    445.60   3.27  -0.67  -0.01
1996-12-19T07:07:01.947     50.36   -191.07   -403.37    449.16   3.27  -0.68  -0.01
1996-12-19T07:07:02.280     51.73   -190.30   -400.62    446.53   3.27  -0.68  -0.01
1996-12-19T07:07:02.614     52.36   -186.89   -401.15    445.63   3.27  -0.68  -0.01
1996-12-19T07:07:02.947     53.73   -187.68   -402.08    446.97   3.27  -0.68  -0.01
1996-12-19T07:07:03.280     49.23   -189.38   -400.96    446.15   3.27  -0.68  -0.01
1996-12-19T07:07:03.614     48.23   -189.26   -401.44    446.43   3.27  -0.68  -0.01
1996-12-19T07:07:03.947     46.90   -189.17   -401.02    445.88   3.27  -0.68  -0.01
1996-12-19T07:07:04.280     49.80   -189.61   -397.36    443.09   3.28  -0.68  -0.01
1996-12-19T07:07:04.614     52.23   -190.13   -399.28    445.31   3.28  -0.68  -0.01
1996-12-19T07:07:04.947     49.25   -190.45   -402.00    447.55   3.28  -0.68  -0.01
1996-12-19T07:07:05.280     51.15   -187.59   -398.82    443.70   3.28  -0.68  -0.01
1996-12-19T07:07:05.614     50.96   -189.66   -400.62    446.17   3.28  -0.68  -0.01
1996-12-19T07:07:05.947     49.78   -190.31   -403.17    448.60   3.28  -0.68  -0.01
1996-12-19T07:07:06.280     48.02   -188.42   -399.62    444.41   3.28  -0.68  -0.01
1996-12-19T07:07:06.614     49.36   -189.39   -399.93    445.25   3.28  -0.69  -0.01
1996-12-19T07:07:06.947     52.52   -192.02   -404.33    450.68   3.28  -0.69  -0.01
1996-12-19T07:07:07.280     48.44   -190.60   -404.37    449.66   3.28  -0.69  -0.01
1996-12-19T07:07:07.614     49.35   -190.68   -400.34    446.17   3.29  -0.69  -0.01
1996-12-19T07:07:07.947     50.93   -190.73   -401.34    447.27   3.29  -0.69  -0.01
1996-12-19T07:07:08.280     50.57   -189.25   -400.26    445.63   3.29  -0.69  -0.01
1996-12-19T07:07:08.614     54.12   -189.23   -403.90    449.30   3.29  -0.69  -0.01
1996-12-19T07:07:08.947     51.96   -190.56   -399.71    445.85   3.29  -0.69  -0.01
1996-12-19T07:07:09.280     49.10   -192.48   -402.64    448.97   3.29  -0.69  -0.01
1996-12-19T07:07:09.614     46.97   -189.29   -399.99    445.01   3.29  -0.69  -0.01
1996-12-19T07:07:09.947     46.01   -193.36   -402.83    449.20   3.29  -0.69  -0.01
1996-12-19T07:07:10.280     49.91   -191.52   -403.86    449.75   3.29  -0.69  -0.01
1996-12-19T07:07:10.614     48.47   -186.81   -402.54    446.41   3.29  -0.69  -0.01
1996-12-19T07:07:10.947     46.62   -189.11   -401.89    446.61   3.29  -0.69  -0.01
1996-12-19T07:07:11.280     50.01   -191.12   -402.10    448.01   3.30  -0.70  -0.01
1996-12-19T07:07:11.614     48.48   -192.80   -403.18    449.53   3.30  -0.70  -0.01
1996-12-19T07:07:11.947     49.50   -192.71   -403.38    449.78   3.30  -0.70  -0.01
1996-12-19T07:07:12.280     48.41   -190.13   -402.23    447.53   3.30  -0.70  -0.01
1996-12-19T07:07:12.614     47.37   -190.04   -403.86    448.85   3.30  -0.70  -0.01
1996-12-19T07:07:12.947     46.82   -191.10   -404.37    449.69   3.30  -0.70  -0.01
1996-12-19T07:07:13.280     46.26   -189.36   -400.99    445.86   3.30  -0.70  -0.01
1996-12-19T07:07:13.614     46.33   -191.21   -403.62    449.01   3.30  -0.70  -0.01
1996-12-19T07:07:13.947     46.29   -193.18   -404.56    450.70   3.30  -0.70  -0.01
1996-12-19T07:07:14.280     47.24   -192.02   -401.63    447.67   3.30  -0.70  -0.01
1996-12-19T07:07:14.614     47.01   -189.45   -402.49    447.32   3.30  -0.70  -0.01
1996-12-19T07:07:14.947     48.41   -188.43   -402.31    446.88   3.31  -0.70  -0.01
1996-12-19T07:07:15.280     47.91   -189.92   -404.01    448.98   3.31  -0.70  -0.01
1996-12-19T07:07:15.614     50.54   -189.64   -402.80    448.07   3.31  -0.71  -0.01
1996-12-19T07:07:15.947     49.09   -191.38   -403.95    449.68   3.31  -0.71  -0.01
1996-12-19T07:07:16.280     49.05   -193.04   -400.88    447.63   3.31  -0.71  -0.01
1996-12-19T07:07:16.614     50.98   -189.20   -401.24    446.53   3.31  -0.71  -0.01
1996-12-19T07:07:16.947     53.41   -189.46   -402.41    447.98   3.31  -0.71  -0.01
1996-12-19T07:07:17.280     47.93   -190.62   -403.36    448.70   3.31  -0.71  -0.01
1996-12-19T07:07:17.614     48.45   -190.11   -401.62    446.98   3.31  -0.71  -0.01
1996-12-19T07:07:17.947     50.74   -188.48   -402.79    447.59   3.31  -0.71  -0.01
1996-12-19T07:07:18.280     49.34   -190.38   -401.64    447.21   3.32  -0.71  -0.01
1996-12-19T07:07:18.614     50.39   -189.66   -402.72    447.99   3.32  -0.71  -0.01
1996-12-19T07:07:18.947     49.84   -188.95   -402.16    447.12   3.32  -0.71  -0.01
1996-12-19T07:07:19.280     47.89   -189.08   -404.29    448.88   3.32  -0.71  -0.01
1996-12-19T07:07:19.614     47.36   -191.21   -402.59    448.20   3.32  -0.71  -0.01
1996-12-19T07:07:19.947     49.32   -191.43   -401.55    447.57   3.32  -0.71  -0.01
1996-12-19T07:07:20.280     47.29   -188.65   -401.58    446.19   3.32  -0.72  -0.01
1996-12-19T07:07:20.614     48.54   -191.42   -402.31    448.16   3.32  -0.72  -0.01
1996-12-19T07:07:20.947     50.38   -191.29   -401.25    447.36   3.32  -0.72  -0.01
1996-12-19T07:07:21.280     51.33   -188.36   -400.73    445.75   3.32  -0.72  -0.01
1996-12-19T07:07:21.614     52.82   -188.59   -401.40    446.63   3.32  -0.72  -0.01
1996-12-19T07:07:21.947     49.76   -188.63   -400.32    445.33   3.33  -0.72  -0.01
1996-12-19T07:07:22.280     48.08   -190.94   -401.07    446.79   3.33  -0.72  -0.01
1996-12-19T07:07:22.614     47.59   -189.16   -398.50    443.67   3.33  -0.72  -0.01
1996-12-19T07:07:22.947     42.68   -190.89   -400.94    446.10   3.33  -0.72  -0.01
1996-12-19T07:07:23.280     48.65   -189.85   -402.01    447.24   3.33  -0.72  -0.01
1996-12-19T07:07:23.614     49.11   -189.55   -399.58    444.98   3.33  -0.72  -0.01
1996-12-19T07:07:23.947     50.15   -189.93   -400.89    446.44   3.33  -0.72  -0.01
1996-12-19T07:07:24.280     50.96   -190.69   -401.85    447.71   3.33  -0.72  -0.01
1996-12-19T07:07:24.614     50.89   -189.95   -398.17    444.09   3.33  -0.72  -0.01
1996-12-19T07:07:24.947     49.78   -190.69   -401.88    447.60   3.33  -0.73  -0.01
1996-12-19T07:07:25.280     48.14   -192.32   -399.09    445.62   3.33  -0.73  -0.01
1996-12-19T07:07:25.614     45.98   -190.78   -399.91    445.47   3.34  -0.73  -0.01
1996-12-19T07:07:25.947     51.06   -190.37   -402.24    447.93   3.34  -0.73  -0.01
1996-12-19T07:07:26.280     48.82   -191.14   -401.71    447.54   3.34  -0.73  -0.01
1996-12-19T07:07:26.614     47.64   -192.49   -403.24    449.37   3.34  -0.73  -0.01
1996-12-19T07:07:26.947     44.84   -191.68   -401.11    446.81   3.34  -0.73  -0.01
1996-12-19T07:07:27.280     50.57   -189.85   -400.75    446.32   3.34  -0.73  -0.01
1996-12-19T07:07:27.614     48.34   -193.01   -401.77    448.34   3.34  -0.73  -0.01
1996-12-19T07:07:27.947     48.24   -189.71   -402.52    447.59   3.34  -0.73  -0.01
1996-12-19T07:07:28.280     46.78   -191.62   -401.09    446.97   3.34  -0.73  -0.01
1996-12-19T07:07:28.614     45.88   -189.52   -401.22    446.09   3.34  -0.73  -0.01
1996-12-19T07:07:28.947     44.52   -187.15   -402.13    445.77   3.34  -0.73  -0.01
1996-12-19T07:07:29.280     50.52   -189.69   -404.27    449.42   3.35  -0.74  -0.01
1996-12-19T07:07:29.614     48.79   -190.55   -400.75    446.42   3.35  -0.74  -0.01
1996-12-19T07:07:29.947     46.69   -190.88   -403.09    448.43   3.35  -0.74  -0.01
1996-12-19T07:07:30.280     47.90   -191.62   -401.86    447.78   3.35  -0.74  -0.01
1996-12-19T07:07:30.614     48.38   -189.28   -402.71    447.60   3.35  -0.74  -0.01
1996-12-19T07:07:30.947     48.42   -189.42   -402.62    447.58   3.35  -0.74  -0.01
1996-12-19T07:07:31.280     47.88   -187.16   -401.60    445.65   3.35  -0.74  -0.01
1996-12-19T07:07:31.614     47.09   -188.52   -401.71    446.24   3.35  -0.74  -0.01
1996-12-19T07:07:31.947     46.06   -189.66   -401.76    446.65   3.35  -0.74  -0.01
1996-12-19T07:07:32.280     46.22   -189.58   -400.50    445.51   3.35  -0.74  -0.01
1996-12-19T07:07:32.614     45.91   -188.95   -403.33    447.75   3.36  -0.74  -0.01
1996-12-19T07:07:32.947     46.09   -192.23   -404.80    450.49   3.36  -0.74  -0.01
1996-12-19T07:07:33.280     47.02   -191.22   -402.90    448.45   3.36  -0.74  -0.01
1996-12-19T07:07:33.614     47.86   -191.94   -405.55    451.23   3.36  -0.74  -0.01
1996-12-19T07:07:33.947     49.02   -191.29   -401.66    447.58   3.36  -0.75  -0.01
1996-12-19T07:07:34.280     50.13   -189.98   -401.44    446.94   3.36  -0.75  -0.01
1996-12-19T07:07:34.614     50.87   -191.19   -403.62    449.50   3.36  -0.75  -0.01
1996-12-19T07:07:34.947     49.32   -191.94   -403.13    449.21   3.36  -0.75  -0.01
1996-12-19T07:07:35.280     49.11   -190.59   -402.13    447.71   3.36  -0.75  -0.01
1996-12-19T07:07:35.614     51.15   -189.75   -403.04    448.40   3.36  -0.75  -0.01
1996-12-19T07:07:35.947     52.06   -190.16   -404.35    449.85   3.36  -0.75  -0.01
1996-12-19T07:07:36.280     46.55   -192.76   -401.14    447.48   3.37  -0.75  -0.01
1996-12-19T07:07:36.614     49.31   -190.84   -400.70    446.56   3.37  -0.75  -0.01
1996-12-19T07:07:36.947     50.65   -191.67   -400.75    447.10   3.37  -0.75  -0.01
1996-12-19T07:07:37.280     52.23   -191.29   -403.71    449.78   3.37  -0.75  -0.01
1996-12-19T07:07:37.614     51.09   -192.17   -402.54    448.97   3.37  -0.75  -0.01
1996-12-19T07:07:37.947     53.67   -191.51   -400.67    447.32   3.37  -0.75  -0.01
1996-12-19T07:07:38.280     49.54   -191.31   -401.88    447.84   3.37  -0.75  -0.01
1996-12-19T07:07:38.614     46.31   -190.84   -403.56    448.80   3.37  -0.76  -0.01
1996-12-19T07:07:38.947     50.23   -190.52   -402.04    447.72   3.37  -0.76  -0.01
1996-12-19T07:07:39.280     49.13   -189.53   -399.56    444.96   3.37  -0.76  -0.01
1996-12-19T07:07:39.614     48.58   -191.51   -400.13    446.25   3.37  -0.76  -0.01
1996-12-19T07:07:39.947     49.74   -188.47   -401.49    446.30   3.38  -0.76  -0.01
1996-12-19T07:07:40.280     49.38   -189.07   -399.74    444.95   3.38  -0.76  -0.01
1996-12-19T07:07:40.614     51.39   -188.73   -403.83    448.70   3.38  -0.76  -0.01
1996-12-19T07:07:40.947     51.04   -191.73   -401.71    448.03   3.38  -0.76  -0.01
1996-12-19T07:07:41.280     53.61   -190.57   -400.64    446.88   3.38  -0.76  -0.01
1996-12-19T07:07:41.614     50.69   -190.87   -402.38    448.23   3.38  -0.76  -0.01
1996-12-19T07:07:41.947     47.59   -190.37   -400.02    445.56   3.38  -0.76  -0.01
1996-12-19T07:07:42.280     49.85   -191.52   -400.49    446.72   3.38  -0.76  -0.01
1996-12-19T07:07:42.614     50.03   -191.35   -401.60    447.66   3.38  -0.76  -0.01
1996-12-19T07:07:42.947     48.75   -191.14   -400.90    446.80   3.38  -0.77  -0.01
1996-12-19T07:07:43.280     50.69   -191.05   -398.45    444.78   3.39  -0.77  -0.01
1996-12-19T07:07:43.614     51.00   -189.44   -403.07    448.28   3.39  -0.77  -0.01
1996-12-19T07:07:43.947     50.19   -192.56   -404.77    451.04   3.39  -0.77  -0.01
1996-12-19T07:07:44.280     48.10   -191.73   -401.52    447.54   3.39  -0.77  -0.01
1996-12-19T07:07:44.614     47.92   -190.70   -399.90    445.62   3.39  -0.77  -0.01
1996-12-19T07:07:44.947     51.04   -191.14   -401.59    447.68   3.39  -0.77  -0.01
1996-12-19T07:07:45.280     48.29   -191.20   -403.28    448.91   3.39  -0.77  -0.01
1996-12-19T07:07:45.614     47.13   -190.10   -402.24    447.39   3.39  -0.77  -0.01
1996-12-19T07:07:45.947     48.83   -191.12   -403.05    448.73   3.39  -0.77  -0.01
1996-12-19T07:07:46.280     50.38   -189.26   -400.31    445.66   3.39  -0.77  -0.01
1996-12-19T07:07:46.614     48.14   -191.92   -402.28    448.31   3.39  -0.77  -0.01
1996-12-19T07:07:46.947     49.10   -189.51   -400.41    445.71   3.40  -0.77  -0.01
1996-12-19T07:07:47.280     50.47   -192.81   -402.75    449.36   3.40  -0.77  -0.01
1996-12-19T07:07:47.614     47.97   -190.43   -401.27    446.75   3.40  -0.78  -0.01
1996-12-19T07:07:47.947     43.82   -189.66   -403.85    448.31   3.40  -0.78  -0.01
1996-12-19T07:07:48.280     50.42   -189.09   -402.74    447.77   3.40  -0.78  -0.01
1996-12-19T07:07:48.614     48.65   -189.43   -401.11    446.25   3.40  -0.78  -0.01
1996-12-19T07:07:48.947     46.58   -189.92   -398.88    444.24   3.40  -0.78  -0.01
1996-12-19T07:07:49.280     47.60   -189.45   -401.87    446.83   3.40  -0.78  -0.01
1996-12-19T07:07:49.614     48.57   -190.67   -402.32    447.86   3.40  -0.78  -0.01
1996-12-19T07:07:49.947     47.15   -191.06   -401.74    447.35   3.40  -0.78  -0.01
1996-12-19T07:07:50.280     48.35   -190.33   -401.58    447.02   3.40  -0.78  -0.01
1996-12-19T07:07:50.614     47.33   -189.64   -399.92    445.13   3.41  -0.78  -0.01
1996-12-19T07:07:50.947     46.24   -190.29   -400.10    445.46   3.41  -0.78  -0.01
1996-12-19T07:07:51.280     45.82   -190.46   -402.00    447.19   3.41  -0.78  -0.01
1996-12-19T07:07:51.614     45.71   -189.96   -400.98    446.05   3.41  -0.78  -0.01
1996-12-19T07:07:51.947     46.70   -191.83   -402.70    448.49   3.41  -0.78  -0.01
1996-12-19T07:07:52.280     47.11   -190.81   -400.93    446.52   3.41  -0.79  -0.01
1996-12-19T07:07:52.614     47.62   -192.25   -402.06    448.20   3.41  -0.79  -0.01
1996-12-19T07:07:52.947     48.07   -191.99   -403.93    449.81   3.41  -0.79  -0.01
1996-12-19T07:07:53.280     49.64   -191.98   -399.44    445.95   3.41  -0.79  -0.01
1996-12-19T07:07:53.614     48.09   -191.71   -400.30    446.44   3.41  -0.79  -0.01
1996-12-19T07:07:53.947     47.25   -193.28   -398.54    445.45   3.42  -0.79  -0.01
1996-12-19T07:07:54.280     48.88   -191.80   -401.70    447.82   3.42  -0.79  -0.01
1996-12-19T07:07:54.614     51.12   -189.21   -401.09    446.42   3.42  -0.79  -0.01
1996-12-19T07:07:54.947     50.13   -190.29   -401.68    447.29   3.42  -0.79  -0.01
1996-12-19T07:07:55.280     45.47   -192.53   -401.13    447.26   3.42  -0.79  -0.01
1996-12-19T07:07:55.614     47.27   -189.08   -402.75    447.43   3.42  -0.79  -0.01
1996-12-19T07:07:55.947     48.29   -190.59   -401.64    447.18   3.42  -0.79  -0.01
1996-12-19T07:07:56.280     49.98   -190.52   -402.72    448.31   3.42  -0.79  -0.01
1996-12-19T07:07:56.614     50.37   -189.27   -403.74    448.74   3.42  -0.80  -0.01
1996-12-19T07:07:56.947     50.62   -189.65   -402.04    447.40   3.42  -0.80  -0.01
1996-12-19T07:07:57.280     49.13   -191.70   -403.29    449.23   3.42  -0.80  -0.01
1996-12-19T07:07:57.614     49.86   -188.46   -401.16    446.02   3.43  -0.80  -0.01
1996-12-19T07:07:57.947     49.81   -193.31   -398.58    445.77   3.43  -0.80  -0.01
1996-12-19T07:07:58.280     52.87   -189.86   -403.00    448.61   3.43  -0.80  -0.01
1996-12-19T07:07:58.614     48.22   -189.93   -401.92    447.15   3.43  -0.80  -0.01
1996-12-19T07:07:58.947     50.35   -190.91   -402.44    448.26   3.43  -0.80  -0.01
1996-12-19T07:07:59.280     51.39   -188.64   -400.84    445.98   3.43  -0.80  -0.01
1996-12-19T07:07:59.614     52.58   -187.58   -401.93    446.65   3.43  -0.80  -0.01
1996-12-19T07:07:59.947     50.33   -188.87   -400.95    446.06   3.43  -0.80  -0.01
1996-12-19T07:08:00.280     48.56   -188.76   -400.63    445.52   3.43  -0.80  -0.01
1996-12-19T07:08:00.614     49.49   -190.29   -401.29    446.87   3.43  -0.80  -0.01
1996-12-19T07:08:00.947     47.85   -191.67   -399.59    445.76   3.43  -0.80  -0.01
1996-12-19T07:08:01.280     47.69   -191.09   -400.23    446.06   3.44  -0.81  -0.01
1996-12-19T07:08:01.614     45.27   -190.85   -401.19    446.57   3.44  -0.81  -0.01
1996-12-19T07:08:01.947     46.24   -193.65   -401.92    448.53   3.44  -0.81  -0.01
1996-12-19T07:08:02.280     49.35   -191.81   -399.22    445.65   3.44  -0.81  -0.01
1996-12-19T07:08:02.614     50.80   -189.90   -398.76    444.58   3.44  -0.81  -0.01
1996-12-19T07:08:02.947     49.74   -191.49   -400.79    446.96   3.44  -0.81  -0.01
1996-12-19T07:08:03.280     47.90   -191.85   -398.36    444.74   3.44  -0.81  -0.01
1996-12-19T07:08:03.614     45.97   -191.80   -398.79    444.90   3.44  -0.81  -0.01
1996-12-19T07:08:03.947     49.48   -191.50   -400.16    446.38   3.44  -0.81  -0.01
1996-12-19T07:08:04.280     46.41   -192.64   -401.82    448.02   3.44  -0.81  -0.01
1996-12-19T07:08:04.614     47.46   -192.16   -402.29    448.34   3.45  -0.81  -0.01
1996-12-19T07:08:04.947     46.47   -189.41   -401.23    446.12   3.45  -0.81  -0.01
1996-12-19T07:08:05.280     50.48   -189.95   -400.17    445.83   3.45  -0.81  -0.01
1996-12-19T07:08:05.614     47.52   -191.95   -399.98    446.19   3.45  -0.82  -0.01
1996-12-19T07:08:05.947     49.23   -189.98   -403.99    449.14   3.45  -0.82  -0.01
1996-12-19T07:08:06.280     48.16   -190.92   -403.59    449.06   3.45  -0.82  -0.01
1996-12-19T07:08:06.614     47.51   -191.24   -400.92    446.73   3.45  -0.82  -0.01
1996-12-19T07:08:06.947     41.76   -190.11   -402.78    447.34   3.45  -0.82  -0.01
1996-12-19T07:08:07.280     50.20   -192.08   -400.94    447.40   3.45  -0.82  -0.01
1996-12-19T07:08:07.614     48.91   -192.06   -402.70    448.82   3.45  -0.82  -0.01
1996-12-19T07:08:07.947     46.74   -191.81   -401.21    447.15   3.45  -0.82  -0.01
1996-12-19T07:08:08.280     45.06   -193.83   -401.59    448.19   3.46  -0.82  -0.01
1996-12-19T07:08:08.614     47.55   -194.98   -401.47    448.84   3.46  -0.82  -0.01
1996-12-19T07:08:08.947     48.95   -189.90   -399.91    445.40   3.46  -0.82  -0.01
1996-12-19T07:08:09.280     48.01   -188.68   -401.62    446.32   3.46  -0.82  -0.01
1996-12-19T07:08:09.614     46.67   -185.94   -400.50    444.02   3.46  -0.82  -0.01
1996-12-19T07:08:09.947     45.81   -188.33   -401.67    445.99   3.46  -0.82  -0.01
1996-12-19T07:08:10.280     45.53   -189.31   -402.92    447.50   3.46  -0.83  -0.01
1996-12-19T07:08:10.614     45.49   -189.44   -402.11    446.83   3.46  -0.83  -0.01
1996-12-19T07:08:10.947     46.39   -189.81   -399.52    444.74   3.46  -0.83  -0.01
1996-12-19T07:08:11.280     46.83   -189.70   -400.70    445.80   3.46  -0.83  -0.01
1996-12-19T07:08:11.614     47.27   -190.71   -401.88    447.34   3.46  -0.83  -0.01
1996-12-19T07:08:11.947     46.72   -189.83   -400.55    445.71   3.47  -0.83  -0.01
1996-12-19T07:08:12.280     46.82   -191.38   -401.12    446.89   3.47  -0.83  -0.01
1996-12-19T07:08:12.614     47.76   -190.61   -401.56    447.06   3.47  -0.83  -0.01
1996-12-19T07:08:12.947     46.97   -190.23   -401.85    447.07   3.47  -0.83  -0.01
1996-12-19T07:08:13.280     48.63   -190.26   -400.00    445.60   3.47  -0.83  -0.01
1996-12-19T07:08:13.614     48.62   -186.80   -398.92    443.17   3.47  -0.83  -0.01
1996-12-19T07:08:13.947     48.67   -190.90   -403.64    449.16   3.47  -0.83  -0.01
1996-12-19T07:08:14.280     43.17   -191.50   -402.12    447.48   3.47  -0.83  -0.01
1996-12-19T07:08:14.614     49.57   -191.91   -402.45    448.61   3.47  -0.83  -0.01
1996-12-19T07:08:14.947     48.97   -191.15   -404.57    450.12   3.47  -0.84  -0.01
1996-12-19T07:08:15.280     48.15   -188.90   -400.95    445.83   3.47  -0.84  -0.01
1996-12-19T07:08:15.614     50.28   -188.44   -403.15    447.85   3.48  -0.84  -0.01
1996-12-19T07:08:15.947     49.91   -190.49   -402.70    448.27   3.48  -0.84  -0.01
1996-12-19T07:08:16.280     46.56   -191.38   -402.79    448.37   3.48  -0.84  -0.01
1996-12-19T07:08:16.614     48.92   -190.58   -402.10    447.66   3.48  -0.84  -0.01
1996-12-19T07:08:16.947     47.63   -192.28   -401.49    447.70   3.48  -0.84  -0.01
1996-12-19T07:08:17.280     51.53   -190.38   -401.26    447.11   3.48  -0.84  -0.01
1996-12-19T07:08:17.614     48.06   -188.84   -401.40    446.20   3.48  -0.84  -0.01
1996-12-19T07:08:17.947     50.33   -190.38   -402.14    447.76   3.48  -0.84  -0.01
1996-12-19T07:08:18.280     51.67   -189.42   -400.64    446.16   3.48  -0.84  -0.01
1996-12-19T07:08:18.614     53.07   -189.38   -401.46    447.05   3.48  -0.84  -0.01
1996-12-19T07:08:18.947     51.02   -191.39   -401.54    447.74   3.49  -0.84  -0.01
1996-12-19T07:08:19.280     49.55   -190.44   -401.51    447.14   3.49  -0.85  -0.01
1996-12-19T07:08:19.614     47.20   -189.18   -401.19    446.06   3.49  -0.85  -0.01
1996-12-19T07:08:19.947     46.38   -194.39   -399.20    446.43   3.49  -0.85  -0.01
1996-12-19T07:08:20.280     46.23   -190.73   -402.98    448.22   3.49  -0.85  -0.01
1996-12-19T07:08:20.614     48.49   -191.78   -400.91    447.06   3.49  -0.85  -0.01
1996-12-19T07:08:20.947     48.87   -192.00   -400.78    447.07   3.49  -0.85  -0.01
1996-12-19T07:08:21.280     49.25   -189.21   -398.33    443.73   3.49  -0.85  -0.01
1996-12-19T07:08:21.614     51.31   -191.34   -403.69    449.68   3.49  -0.85  -0.01
1996-12-19T07:08:21.947     49.36   -189.23   -402.70    447.67   3.49  -0.85  -0.01
1996-12-19T07:08:22.280     47.79   -190.62   -401.48    447.00   3.49  -0.85  -0.01
1996-12-19T07:08:22.614     45.91   -191.74   -399.73    445.71   3.50  -0.85  -0.01
1996-12-19T07:08:22.947     50.17   -189.59   -401.99    447.28   3.50  -0.85  -0.01
1996-12-19T07:08:23.280     49.37   -190.37   -399.84    445.58   3.50  -0.85  -0.01
1996-12-19T07:08:23.614     46.46   -190.43   -400.80    446.17   3.50  -0.85  -0.01
1996-12-19T07:08:23.947     44.74   -192.10   -402.75    448.46   3.50  -0.86  -0.01
1996-12-19T07:08:24.280     49.83   -190.32   -399.82    445.60   3.50  -0.86  -0.01
1996-12-19T07:08:24.614     47.83   -190.81   -403.33    448.74   3.50  -0.86  -0.01
1996-12-19T07:08:24.947     50.14   -191.07   -400.36    446.44   3.50  -0.86  -0.01
1996-12-19T07:08:25.280     46.21   -189.08   -402.38    446.98   3.50  -0.86  -0.01
1996-12-19T07:08:25.614     47.87   -191.08   -400.76    446.56   3.50  -0.86  -0.01
1996-12-19T07:08:25.947     45.52   -192.21   -403.51    449.26   3.50  -0.86  -0.01
1996-12-19T07:08:26.280     48.01   -191.24   -403.41    449.02   3.51  -0.86  -0.01
1996-12-19T07:08:26.614     48.67   -190.76   -399.09    445.01   3.51  -0.86  -0.01
1996-12-19T07:08:26.947     46.75   -192.25   -400.51    446.71   3.51  -0.86  -0.01
1996-12-19T07:08:27.280     49.56   -189.89   -402.30    447.62   3.51  -0.86  -0.01
1996-12-19T07:08:27.614     50.36   -189.83   -402.35    447.72   3.51  -0.86  -0.01
1996-12-19T07:08:27.947     48.64   -191.66   -401.74    447.77   3.51  -0.86  -0.01
1996-12-19T07:08:28.280     47.76   -186.96   -401.40    445.38   3.51  -0.86  -0.01
1996-12-19T07:08:28.614     47.11   -192.47   -401.66    447.88   3.51  -0.87  -0.01
1996-12-19T07:08:28.947     46.25   -190.94   -401.33    446.84   3.51  -0.87  -0.01
1996-12-19T07:08:29.280     46.34   -190.30   -400.40    445.74   3.51  -0.87  -0.01
1996-12-19T07:08:29.614     46.60   -192.63   -401.81    448.03   3.52  -0.87  -0.01
1996-12-19T07:08:29.947     46.79   -192.57   -402.55    448.69   3.52  -0.87  -0.01
1996-12-19T07:08:30.280     46.79   -189.17   -401.08    445.92   3.52  -0.87  -0.01
1996-12-19T07:08:30.614     48.11   -192.10   -401.60    447.78   3.52  -0.87  -0.01
1996-12-19T07:08:30.947     49.05   -190.97   -401.13    446.97   3.52  -0.87  -0.01
1996-12-19T07:08:31.280     49.29   -190.68   -402.86    448.42   3.52  -0.87  -0.01
1996-12-19T07:08:31.614     47.90   -191.18   -403.53    449.09   3.52  -0.87  -0.01
1996-12-19T07:08:31.947     47.43   -191.56   -399.99    446.03   3.52  -0.87  -0.01
1996-12-19T07:08:32.280     49.28   -190.69   -400.70    446.48   3.52  -0.87  -0.01
1996-12-19T07:08:32.614     51.23   -189.53   -402.10    447.47   3.52  -0.87  -0.01
1996-12-19T07:08:32.947     47.98   -189.60   -402.34    447.35   3.52  -0.88  -0.01
1996-12-19T07:08:33.280     47.18   -192.80   -400.94    447.38   3.53  -0.88  -0.01
1996-12-19T07:08:33.614     48.01   -189.47   -401.72    446.75   3.53  -0.88  -0.01
1996-12-19T07:08:33.947     49.39   -192.71   -403.43    449.81   3.53  -0.88  -0.01
1996-12-19T07:08:34.280     47.60   -188.76   -402.70    447.28   3.53  -0.88  -0.01
1996-12-19T07:08:34.614     50.65   -189.94   -402.73    448.14   3.53  -0.88  -0.01
1996-12-19T07:08:34.947     47.26   -192.50   -403.63    449.68   3.53  -0.88  -0.01
1996-12-19T07:08:35.280     45.28   -190.43   -401.32    446.51   3.53  -0.88  -0.01
1996-12-19T07:08:35.614     48.55   -191.11   -404.60    450.09   3.53  -0.88  -0.01
1996-12-19T07:08:35.947     48.69   -190.30   -402.90    448.23   3.53  -0.88  -0.01
1996-12-19T07:08:36.280     49.38   -190.18   -402.86    448.22   3.53  -0.88  -0.01
1996-12-19T07:08:36.614     48.24   -189.98   -400.48    445.87   3.53  -0.88  -0.01
1996-12-19T07:08:36.947     50.43   -191.01   -402.80    448.64   3.54  -0.88  -0.01
1996-12-19T07:08:37.280     49.92   -189.22   -398.56    444.01   3.54  -0.88  -0.01
1996-12-19T07:08:37.614     48.96   -187.67   -400.86    445.31   3.54  -0.89  -0.01
1996-12-19T07:08:37.947     48.18   -190.42   -402.09    447.51   3.54  -0.89  -0.01
1996-12-19T07:08:38.280     46.30   -192.08   -402.67    448.53   3.54  -0.89  -0.01
1996-12-19T07:08:38.614     46.22   -191.35   -404.14    449.54   3.54  -0.89  -0.01
1996-12-19T07:08:38.947     47.54   -190.26   -400.44    445.88   3.54  -0.89  -0.01
1996-12-19T07:08:39.280     44.77   -191.38   -403.07    448.44   3.54  -0.89  -0.01
1996-12-19T07:08:39.614     49.20   -190.96   -399.20    445.25   3.54  -0.89  -0.01
1996-12-19T07:08:39.947     45.33   -192.15   -401.99    447.86   3.54  -0.89  -0.01
1996-12-19T07:08:40.280     50.37   -189.11   -400.75    445.98   3.54  -0.89  -0.01
1996-12-19T07:08:40.614     48.92   -186.96   -403.40    447.30   3.55  -0.89  -0.01
1996-12-19T07:08:40.947     49.75   -192.25   -400.84    447.33   3.55  -0.89  -0.01
1996-12-19T07:08:41.280     47.96   -191.90   -401.14    447.26   3.55  -0.89  -0.01
1996-12-19T07:08:41.614     46.09   -192.70   -400.59    446.91   3.55  -0.89  -0.01
1996-12-19T07:08:41.947     47.43   -191.76   -401.90    447.82   3.55  -0.89  -0.01
1996-12-19T07:08:42.280     49.57   -191.29   -401.08    447.12   3.55  -0.90  -0.01
1996-12-19T07:08:42.614     45.61   -191.77   -400.49    446.37   3.55  -0.90  -0.01
1996-12-19T07:08:42.947     48.41   -189.13   -403.69    448.41   3.55  -0.90  -0.01
1996-12-19T07:08:43.280     49.90   -190.99   -399.18    445.32   3.55  -0.90  -0.01
1996-12-19T07:08:43.614     47.99   -192.19   -401.99    448.14   3.55  -0.90  -0.01
1996-12-19T07:08:43.947     49.38   -189.02   -400.81    445.89   3.56  -0.90  -0.01
1996-12-19T07:08:44.280     50.11   -191.12   -403.83    449.58   3.56  -0.90  -0.01
1996-12-19T07:08:44.614     47.82   -190.31   -402.21    447.52   3.56  -0.90  -0.01
1996-12-19T07:08:44.947     44.08   -189.22   -401.16    445.73   3.56  -0.90  -0.01
1996-12-19T07:08:45.280     45.82   -190.12   -401.44    446.54   3.56  -0.90  -0.01
1996-12-19T07:08:45.614     48.36   -188.52   -400.44    445.23   3.56  -0.90  -0.01
1996-12-19T07:08:45.947     45.79   -189.17   -400.96    445.70   3.56  -0.90  -0.01
1996-12-19T07:08:46.280     46.02   -190.22   -402.02    447.13   3.56  -0.90  -0.01
1996-12-19T07:08:46.614     47.69   -189.01   -402.09    446.85   3.56  -0.91  -0.01
1996-12-19T07:08:46.947     47.78   -189.12   -401.03    445.96   3.56  -0.91  -0.01
1996-12-19T07:08:47.280     47.86   -187.57   -400.75    445.05   3.56  -0.91  -0.01
1996-12-19T07:08:47.614     47.23   -189.26   -398.55    443.72   3.57  -0.91  -0.01
1996-12-19T07:08:47.947     46.09   -189.99   -401.13    446.23   3.57  -0.91  -0.01
1996-12-19T07:08:48.280     45.75   -190.34   -401.48    446.66   3.57  -0.91  -0.01
1996-12-19T07:08:48.614     45.56   -189.65   -400.95    445.88   3.57  -0.91  -0.01
1996-12-19T07:08:48.947     46.52   -190.72   -400.08    445.65   3.57  -0.91  -0.01
1996-12-19T07:08:49.280     46.89   -190.05   -401.18    446.39   3.57  -0.91  -0.01
1996-12-19T07:08:49.614     47.54   -188.85   -400.28    445.13   3.57  -0.91  -0.01
1996-12-19T07:08:49.947     48.82   -189.90   -400.62    446.03   3.57  -0.91  -0.01
1996-12-19T07:08:50.280     48.34   -188.24   -400.48    445.15   3.57  -0.91  -0.01
1996-12-19T07:08:50.614     47.20   -190.00   -401.23    446.45   3.57  -0.91  -0.01
1996-12-19T07:08:50.947     47.40   -192.07   -402.08    448.12   3.57  -0.91  -0.01
1996-12-19T07:08:51.280     49.31   -190.83   -400.00    445.92   3.58  -0.92  -0.01
1996-12-19T07:08:51.614     49.79   -192.30   -401.72    448.15   3.58  -0.92  -0.01
1996-12-19T07:08:51.947     49.15   -190.09   -402.26    447.61   3.58  -0.92  -0.01
1996-12-19T07:08:52.280     46.69   -190.60   -401.31    446.72   3.58  -0.92  -0.01
1996-12-19T07:08:52.614     45.47   -189.71   -403.52    448.20   3.58  -0.92  -0.01
1996-12-19T07:08:52.947     49.19   -191.65   -402.77    448.75   3.58  -0.92  -0.01
1996-12-19T07:08:53.280     48.03   -190.22   -400.32    445.81   3.58  -0.92  -0.01
1996-12-19T07:08:53.614     50.91   -190.73   -402.57    448.36   3.58  -0.92  -0.01
1996-12-19T07:08:53.947     48.52   -190.89   -401.15    446.89   3.58  -0.92  -0.01
1996-12-19T07:08:54.280     49.01   -192.63   -400.81    447.39   3.58  -0.92  -0.01
1996-12-19T07:08:54.613     48.17   -189.34   -402.01    446.96   3.59  -0.92  -0.01
1996-12-19T07:08:54.947     47.51   -191.57   -400.11    446.14   3.59  -0.92  -0.01
1996-12-19T07:08:55.280     47.75   -191.56   -401.78    447.66   3.59  -0.92  -0.01
1996-12-19T07:08:55.613     48.46   -190.47   -399.84    445.54   3.59  -0.92  -0.01
1996-12-19T07:08:55.947     50.04   -189.08   -401.75    446.83   3.59  -0.93  -0.01
1996-12-19T07:08:56.280     51.41   -187.93   -401.85    446.59   3.59  -0.93  -0.01
1996-12-19T07:08:56.613     51.78   -190.18   -401.86    447.60   3.59  -0.93  -0.01
1996-12-19T07:08:56.947     48.33   -188.40   -401.96    446.54   3.59  -0.93  -0.01
1996-12-19T07:08:57.280     46.96   -190.80   -399.23    444.96   3.59  -0.93  -0.01
1996-12-19T07:08:57.613     48.16   -190.69   -402.83    448.28   3.59  -0.93  -0.01
1996-12-19T07:08:57.947     50.24   -190.93   -398.54    444.77   3.59  -0.93  -0.01
1996-12-19T07:08:58.280     48.05   -190.05   -401.04    446.39   3.60  -0.93  -0.01
1996-12-19T07:08:58.613     48.90   -189.64   -397.68    443.29   3.60  -0.93  -0.01
1996-12-19T07:08:58.947     46.75   -191.95   -399.72    445.88   3.60  -0.93  -0.01
1996-12-19T07:08:59.280     50.32   -191.61   -399.67    446.07   3.60  -0.93  -0.01
1996-12-19T07:08:59.613     50.93   -190.43   -400.62    446.49   3.60  -0.93  -0.01
1996-12-19T07:08:59.947     49.97   -190.77   -400.77    446.66   3.60  -0.93  -0.01
1996-12-19T07:09:00.280     47.63   -190.06   -401.35    446.62   3.60  -0.94  -0.01
1996-12-19T07:09:00.613     49.10   -192.58   -400.39    447.00   3.60  -0.94  -0.01
1996-12-19T07:09:00.947     45.98   -190.43   -399.36    444.82   3.60  -0.94  -0.01
1996-12-19T07:09:01.280     49.44   -191.22   -400.39    446.45   3.60  -0.94  -0.01
1996-12-19T07:09:01.613     46.74   -193.18   -399.73    446.41   3.60  -0.94  -0.01
1996-12-19T07:09:01.947     48.41   -190.55   -400.82    446.44   3.61  -0.94  -0.01
1996-12-19T07:09:02.280     49.20   -190.11   -399.72    445.35   3.61  -0.94  -0.01
1996-12-19T07:09:02.613     47.95   -193.09   -400.39    447.10   3.61  -0.94  -0.01
1996-12-19T07:09:02.947     47.91   -186.63   -400.40    444.35   3.61  -0.94  -0.01
1996-12-19T07:09:03.280     47.05   -189.17   -398.15    443.31   3.61  -0.94  -0.01
1996-12-19T07:09:03.613     48.08   -193.49   -400.04    446.98   3.61  -0.94  -0.01
1996-12-19T07:09:03.947     43.30   -192.25   -399.53    445.49   3.61  -0.94  -0.01
1996-12-19T07:09:04.280     45.90   -191.69   -402.08    447.80   3.61  -0.94  -0.01
1996-12-19T07:09:04.613     48.38   -189.38   -402.70    447.63   3.61  -0.94  -0.01
1996-12-19T07:09:04.947     46.19   -188.94   -400.22    444.97   3.61  -0.95  -0.01
1996-12-19T07:09:05.280     46.16   -191.86   -402.61    448.37   3.62  -0.95  -0.01
1996-12-19T07:09:05.613     48.89   -190.63   -400.72    446.44   3.62  -0.95  -0.01
1996-12-19T07:09:05.947     48.80   -189.57   -400.95    446.19   3.62  -0.95  -0.01
1996-12-19T07:09:06.280     47.23   -190.56   -400.64    446.16   3.62  -0.95  -0.01
1996-12-19T07:09:06.613     47.03   -188.73   -400.75    445.46   3.62  -0.95  -0.01
1996-12-19T07:09:06.947     46.12   -190.45   -401.15    446.45   3.62  -0.95  -0.01
1996-12-19T07:09:07.280     45.82   -190.84   -401.66    447.05   3.62  -0.95  -0.01
1996-12-19T07:09:07.613     45.94   -191.57   -400.68    446.49   3.62  -0.95  -0.01
1996-12-19T07:09:07.947     46.13   -188.11   -400.53    444.90   3.62  -0.95  -0.01
1996-12-19T07:09:08.280     46.79   -188.90   -400.62    445.38   3.62  -0.95  -0.01
1996-12-19T07:09:08.613     47.77   -189.94   -401.55    446.77   3.62  -0.95  -0.01
1996-12-19T07:09:08.947     48.71   -188.79   -400.63    445.55   3.63  -0.95  -0.01
1996-12-19T07:09:09.280     50.14   -189.27   -401.38    446.59   3.63  -0.95  -0.01
1996-12-19T07:09:09.613     47.02   -190.92   -400.52    446.18   3.63  -0.96  -0.01
1996-12-19T07:09:09.947     46.75   -190.58   -401.23    446.65   3.63  -0.96  -0.01
1996-12-19T07:09:10.280     49.41   -190.48   -399.10    444.97   3.63  -0.96  -0.01
1996-12-19T07:09:10.613     50.84   -189.25   -400.43    445.81   3.63  -0.96  -0.01
1996-12-19T07:09:10.947     46.88   -190.74   -401.15    446.65   3.63  -0.96  -0.01
1996-12-19T07:09:11.280     46.24   -190.26   -401.12    446.36   3.63  -0.96  -0.01
1996-12-19T07:09:11.613     48.32   -189.98   -400.67    446.05   3.63  -0.96  -0.01
1996-12-19T07:09:11.947     49.61   -190.37   -399.27    445.11   3.63  -0.96  -0.01
1996-12-19T07:09:12.280     47.84   -188.96   -401.45    446.27   3.63  -0.96  -0.01
1996-12-19T07:09:12.613     50.41   -188.24   -401.45    446.25   3.64  -0.96  -0.01
1996-12-19T07:09:12.947     48.78   -189.42   -400.19    445.43   3.64  -0.96  -0.01
1996-12-19T07:09:13.280     45.11   -191.05   -401.96    447.33   3.64  -0.96  -0.01
1996-12-19T07:09:13.613     48.39   -189.80   -401.50    446.73   3.64  -0.96  -0.01
1996-12-19T07:09:13.947     47.39   -190.78   -399.09    444.88   3.64  -0.97  -0.01
1996-12-19T07:09:14.280     48.09   -190.74   -401.25    446.87   3.64  -0.97  -0.01
1996-12-19T07:09:14.613     47.82   -187.63   -401.21    445.49   3.64  -0.97  -0.01
1996-12-19T07:09:14.947     49.71   -187.82   -400.46    445.10   3.64  -0.97  -0.01
1996-12-19T07:09:15.280     51.99   -190.69   -400.04    446.21   3.64  -0.97  -0.01
1996-12-19T07:09:15.613     50.62   -187.83   -400.34    445.10   3.64  -0.97  -0.01
1996-12-19T07:09:15.947     50.07   -187.58   -399.72    444.38   3.64  -0.97  -0.01
1996-12-19T07:09:16.280     49.22   -189.45   -399.51    444.88   3.65  -0.97  -0.01
1996-12-19T07:09:16.613     46.71   -189.33   -401.39    446.25   3.65  -0.97  -0.01
1996-12-19T07:09:16.947     49.39   -191.69   -400.04    446.33   3.65  -0.97  -0.01
1996-12-19T07:09:17.280     48.07   -190.99   -399.76    445.64   3.65  -0.97  -0.01
1996-12-19T07:09:17.613     48.88   -189.25   -400.11    445.30   3.65  -0.97  -0.01
1996-12-19T07:09:17.947     52.16   -190.72   -401.27    447.34   3.65  -0.97  -0.01
1996-12-19T07:09:18.280     49.90   -190.65   -397.63    443.79   3.65  -0.97  -0.01
1996-12-19T07:09:18.613     50.66   -189.56   -400.12    445.65   3.65  -0.98  -0.01
1996-12-19T07:09:18.947     49.56   -191.16   -402.13    448.00   3.65  -0.98  -0.01
1996-12-19T07:09:19.280     47.72   -189.31   -397.68    443.02   3.65  -0.98  -0.01
1996-12-19T07:09:19.613     49.16   -190.94   -398.84    444.91   3.66  -0.98  -0.01
1996-12-19T07:09:19.947     46.83   -190.00   -398.86    444.28   3.66  -0.98  -0.01
1996-12-19T07:09:20.280     48.17   -189.78   -401.05    446.29   3.66  -0.98  -0.01
1996-12-19T07:09:20.613     45.29   -190.86   -399.72    445.26   3.66  -0.98  -0.01
1996-12-19T07:09:20.947     46.37   -191.29   -400.16    445.95   3.66  -0.98  -0.01
1996-12-19T07:09:21.280     49.80   -191.55   -398.50    444.95   3.66  -0.98  -0.01
1996-12-19T07:09:21.613     47.58   -190.14   -402.53    447.72   3.66  -0.98  -0.01
1996-12-19T07:09:21.947     47.20   -189.66   -398.33    443.69   3.66  -0.98  -0.01
1996-12-19T07:09:22.280     48.31   -190.80   -400.95    446.65   3.66  -0.98  -0.01
1996-12-19T07:09:22.613     47.19   -190.64   -401.39    446.86   3.66  -0.98  -0.01
1996-12-19T07:09:22.947     46.23   -191.30   -400.52    446.26   3.66  -0.98  -0.01
1996-12-19T07:09:23.280     49.69   -189.71   -401.09    446.47   3.67  -0.99  -0.01
1996-12-19T07:09:23.613     48.00   -190.38   -401.02    446.50   3.67  -0.99  -0.01
1996-12-19T07:09:23.947     46.26   -189.40   -399.53    444.57   3.67  -0.99  -0.01
1996-12-19T07:09:24.280     47.67   -187.88   -401.92    446.22   3.67  -0.99  -0.01
1996-12-19T07:09:24.613     47.13   -188.90   -400.72    445.52   3.67  -0.99  -0.01
1996-12-19T07:09:24.947     48.89   -190.15   -400.86    446.36   3.67  -0.99  -0.01
1996-12-19T07:09:25.280     46.14   -190.01   -400.74    445.90   3.67  -0.99  -0.01
1996-12-19T07:09:25.613     47.23   -189.84   -400.65    445.86   3.67  -0.99  -0.01
1996-12-19T07:09:25.947     46.96   -192.32   -400.73    446.97   3.67  -0.99  -0.01
1996-12-19T07:09:26.280     46.04   -188.15   -398.38    442.98   3.67  -0.99  -0.01
1996-12-19T07:09:26.613     45.49   -188.99   -401.30    445.90   3.67  -0.99  -0.01
1996-12-19T07:09:26.947     46.68   -190.92   -398.75    444.55   3.68  -0.99  -0.01
1996-12-19T07:09:27.280     47.01   -192.13   -397.15    443.68   3.68  -0.99  -0.01
1996-12-19T07:09:27.613     47.61   -190.56   -396.23    442.24   3.68  -1.00  -0.01
1996-12-19T07:09:27.947     48.47   -189.96   -399.56    445.06   3.68  -1.00  -0.01
1996-12-19T07:09:28.280     47.01   -188.96   -401.19    445.94   3.68  -1.00  -0.01
1996-12-19T07:09:28.613     50.64   -190.95   -400.04    446.16   3.68  -1.00  -0.01
1996-12-19T07:09:28.947     47.50   -191.37   -399.24    445.28   3.68  -1.00  -0.01
1996-12-19T07:09:29.280     49.16   -189.47   -399.57    444.94   3.68  -1.00  -0.01
1996-12-19T07:09:29.613     50.09   -190.69   -401.07    446.91   3.68  -1.00  -0.01
1996-12-19T07:09:29.947     47.21   -192.28   -400.91    447.13   3.68  -1.00  -0.01
1996-12-19T07:09:30.280     48.03   -189.31   -401.91    446.85   3.69  -1.00  -0.01
1996-12-19T07:09:30.613     47.70   -189.89   -403.00    448.04   3.69  -1.00  -0.01
1996-12-19T07:09:30.947     50.37   -189.44   -401.30    446.62   3.69  -1.00  -0.01
1996-12-19T07:09:31.280     48.00   -189.76   -402.15    447.25   3.69  -1.00  -0.01
1996-12-19T07:09:31.613     51.00   -190.75   -402.77    448.57   3.69  -1.00  -0.01
1996-12-19T07:09:31.947     47.71   -191.55   -401.01    446.97   3.69  -1.00  -0.01
1996-12-19T07:09:32.280     44.05   -191.21   -400.31    445.81   3.69  -1.01  -0.01
1996-12-19T07:09:32.613     48.46   -190.33   -400.99    446.50   3.69  -1.01  -0.01
1996-12-19T07:09:32.947     49.31   -190.24   -399.68    445.39   3.69  -1.01  -0.01
1996-12-19T07:09:33.280     46.44   -190.32   -400.80    446.12   3.69  -1.01  -0.01
1996-12-19T07:09:33.613     48.10   -188.75   -400.29    445.17   3.69  -1.01  -0.01
1996-12-19T07:09:33.947     50.12   -189.53   -400.00    445.46   3.70  -1.01  -0.01
1996-12-19T07:09:34.280     52.06   -190.85   -400.62    446.80   3.70  -1.01  -0.01
1996-12-19T07:09:34.613     48.85   -188.76   -402.22    446.99   3.70  -1.01  -0.01
1996-12-19T07:09:34.947     52.32   -188.01   -400.94    445.91   3.70  -1.01  -0.01
1996-12-19T07:09:35.280     48.53   -190.62   -400.36    446.07   3.70  -1.01  -0.01
1996-12-19T07:09:35.613     47.33   -189.85   -400.79    446.00   3.70  -1.01  -0.01
1996-12-19T07:09:35.947     46.00   -190.07   -400.23    445.45   3.70  -1.01  -0.01
1996-12-19T07:09:36.280     45.94   -190.60   -399.22    444.77   3.70  -1.01  -0.01
1996-12-19T07:09:36.613     46.12   -190.93   -399.24    444.95   3.70  -1.01  -0.01
1996-12-19T07:09:36.947     45.61   -191.27   -401.15    446.76   3.70  -1.02  -0.01
1996-12-19T07:09:37.280     51.65   -187.90   -400.57    445.45   3.70  -1.02  -0.01
1996-12-19T07:09:37.613     50.69   -190.35   -398.19    444.25   3.71  -1.02  -0.01
1996-12-19T07:09:37.947     49.42   -191.60   -398.69    445.09   3.71  -1.02  -0.01
1996-12-19T07:09:38.280     47.54   -191.13   -397.95    444.02   3.71  -1.02  -0.01
1996-12-19T07:09:38.613     49.26   -190.39   -401.83    447.37   3.71  -1.02  -0.01
1996-12-19T07:09:38.947     47.13   -190.62   -402.24    447.61   3.71  -1.02  -0.01
1996-12-19T07:09:39.280     49.22   -190.51   -399.78    445.58   3.71  -1.02  -0.01
1996-12-19T07:09:39.613     43.38   -191.32   -401.29    446.68   3.71  -1.02  -0.01
1996-12-19T07:09:39.947     50.79   -190.58   -399.74    445.74   3.71  -1.02  -0.01
1996-12-19T07:09:40.280     50.01   -189.32   -399.82    445.19   3.71  -1.02  -0.01
1996-12-19T07:09:40.613     47.43   -189.55   -401.71    446.71   3.71  -1.02  -0.01
1996-12-19T07:09:40.947     50.44   -187.41   -399.58    444.22   3.71  -1.02  -0.01
1996-12-19T07:09:41.280     49.18   -190.37   -400.23    445.92   3.72  -1.03  -0.01
1996-12-19T07:09:41.613     45.72   -188.00   -400.21    444.52   3.72  -1.03  -0.01
1996-12-19T07:09:41.947     46.88   -189.16   -399.57    444.56   3.72  -1.03  -0.01
1996-12-19T07:09:42.280     50.74   -190.62   -401.24    447.11   3.72  -1.03  -0.01
1996-12-19T07:09:42.613     48.14   -188.44   -400.41    445.15   3.72  -1.03  -0.01
1996-12-19T07:09:42.947     46.06   -188.71   -398.68    443.48   3.72  -1.03  -0.01
1996-12-19T07:09:43.280     44.35   -190.36   -401.58    446.62   3.72  -1.03  -0.01
1996-12-19T07:09:43.613     47.14   -189.78   -401.08    446.21   3.72  -1.03  -0.01
1996-12-19T07:09:43.947     47.81   -190.79   -402.87    448.32   3.72  -1.03  -0.01
1996-12-19T07:09:44.280     47.88   -188.78   -401.28    446.05   3.72  -1.03  -0.01
1996-12-19T07:09:44.613     47.21   -190.26   -399.85    445.32   3.73  -1.03  -0.01
1996-12-19T07:09:44.947     46.44   -190.00   -402.84    447.82   3.73  -1.03  -0.01
1996-12-19T07:09:45.280     45.69   -187.06   -400.71    444.57   3.73  -1.03  -0.01
1996-12-19T07:09:45.613     46.02   -189.88   -402.63    447.53   3.73  -1.03  -0.01
1996-12-19T07:09:45.947     46.28   -189.36   -400.49    445.41   3.73  -1.04  -0.01
1996-12-19T07:09:46.280     46.99   -190.03   -399.95    445.29   3.73  -1.04  -0.01
1996-12-19T07:09:46.613     47.19   -191.71   -398.62    444.83   3.73  -1.04  -0.01
1996-12-19T07:09:46.947     48.84   -189.72   -401.67    446.90   3.73  -1.04  -0.01
1996-12-19T07:09:47.280     46.68   -189.95   -401.96    447.02   3.73  -1.04  -0.01
1996-12-19T07:09:47.613     45.87   -190.31   -400.70    445.96   3.73  -1.04  -0.01
1996-12-19T07:09:47.947     47.66   -192.28   -400.40    446.72   3.73  -1.04  -0.01
1996-12-19T07:09:48.280     49.41   -190.09   -397.99    443.82   3.74  -1.04  -0.01
1996-12-19T07:09:48.613     48.13   -190.90   -402.05    447.67   3.74  -1.04  -0.01
1996-12-19T07:09:48.947     44.86   -190.53   -401.16    446.37   3.74  -1.04  -0.01
1996-12-19T07:09:49.280     47.21   -189.49   -400.66    445.72   3.74  -1.04  -0.01
1996-12-19T07:09:49.613     46.43   -192.52   -400.94    447.18   3.74  -1.04  -0.01
1996-12-19T07:09:49.947     49.37   -191.23   -400.82    446.84   3.74  -1.04  -0.01
1996-12-19T07:09:50.280     48.82   -192.67   -404.02    450.26   3.74  -1.05  -0.01
1996-12-19T07:09:50.613     51.10   -190.49   -400.92    446.80   3.74  -1.05  -0.01
1996-12-19T07:09:50.947     46.22   -191.17   -398.43    444.33   3.74  -1.05  -0.01
1996-12-19T07:09:51.280     48.35   -191.21   -401.06    446.93   3.74  -1.05  -0.01
1996-12-19T07:09:51.613     48.37   -191.48   -401.45    447.40   3.74  -1.05  -0.01
1996-12-19T07:09:51.947     50.66   -188.94   -400.56    445.77   3.75  -1.05  -0.01
1996-12-19T07:09:52.280     46.33   -189.61   -400.28    445.34   3.75  -1.05  -0.01
1996-12-19T07:09:52.613     48.18   -188.64   -401.12    445.87   3.75  -1.05  -0.01
1996-12-19T07:09:52.947     50.53   -190.69   -401.61    447.44   3.75  -1.05  -0.01
1996-12-19T07:09:53.280     52.16   -189.01   -399.42    444.95   3.75  -1.05  -0.01
1996-12-19T07:09:53.613     48.18   -190.56   -399.56    445.29   3.75  -1.05  -0.01
1996-12-19T07:09:53.947     47.50   -186.91   -402.20    446.04   3.75  -1.05  -0.01
1996-12-19T07:09:54.280     50.33   -189.94   -398.22    444.06   3.75  -1.05  -0.01
1996-12-19T07:09:54.613     49.09   -190.60   -401.63    447.27   3.75  -1.05  -0.01
1996-12-19T07:09:54.947     46.46   -190.27   -398.89    444.38   3.75  -1.06  -0.01
1996-12-19T07:09:55.280     49.97   -190.03   -400.07    445.72   3.75  -1.06  -0.01
1996-12-19T07:09:55.613     45.97   -190.16   -400.17    445.43   3.76  -1.06  -0.01
1996-12-19T07:09:55.947     48.18   -191.83   -400.64    446.80   3.76  -1.06  -0.01
1996-12-19T07:09:56.280     52.12   -190.87   -400.42    446.64   3.76  -1.06  -0.01
1996-12-19T07:09:56.613     50.75   -190.74   -399.33    445.45   3.76  -1.06  -0.01
1996-12-19T07:09:56.947     49.21   -190.12   -401.21    446.70   3.76  -1.06  -0.01
1996-12-19T07:09:57.280     47.67   -189.27   -399.24    444.40   3.76  -1.06  -0.01
1996-12-19T07:09:57.613     47.57   -191.25   -399.11    445.12   3.76  -1.06  -0.01
1996-12-19T07:09:57.947     47.54   -191.14   -401.14    446.89   3.76  -1.06  -0.01
1996-12-19T07:09:58.280     48.50   -189.64   -400.28    445.58   3.76  -1.06  -0.01
1996-12-19T07:09:58.613     47.23   -193.99   -400.72    447.71   3.76  -1.06  -0.01
1996-12-19T07:09:58.947     46.25   -191.25   -400.19    445.94   3.77  -1.06  -0.01
1996-12-19T07:09:59.280     49.85   -188.73   -400.05    445.13   3.77  -1.06  -0.01
1996-12-19T07:09:59.613     47.37   -189.76   -402.14    447.18   3.77  -1.07  -0.01
1996-12-19T07:09:59.947     48.20   -190.23   -400.37    445.87   3.77  -1.07  -0.01
1996-12-19T07:10:00.280     48.31   -188.57   -398.93    443.89   3.77  -1.07  -0.01
1996-12-19T07:10:00.613     44.07   -191.12   -402.12    447.40   3.77  -1.07  -0.01
1996-12-19T07:10:00.947     47.38   -189.62   -400.01    445.21   3.77  -1.07  -0.01
1996-12-19T07:10:01.280     50.84   -191.80   -400.38    446.86   3.77  -1.07  -0.01
1996-12-19T07:10:01.613     48.08   -188.04   -400.97    445.47   3.77  -1.07  -0.01
1996-12-19T07:10:01.947     46.23   -189.92   -402.83    447.75   3.77  -1.07  -0.01
1996-12-19T07:10:02.280     45.87   -190.08   -401.36    446.46   3.77  -1.07  -0.01
1996-12-19T07:10:02.613     48.04   -188.43   -399.83    444.61   3.78  -1.07  -0.01
1996-12-19T07:10:02.947     49.33   -189.81   -399.46    445.01   3.78  -1.07  -0.01
1996-12-19T07:10:03.280     48.12   -189.67   -399.60    444.94   3.78  -1.07  -0.01
1996-12-19T07:10:03.613     47.16   -189.01   -397.85    442.98   3.78  -1.07  -0.01
1996-12-19T07:10:03.947     46.62   -192.98   -398.60    445.31   3.78  -1.08  -0.01
1996-12-19T07:10:04.280     46.28   -189.40   -398.12    443.30   3.78  -1.08  -0.01
1996-12-19T07:10:04.613     45.99   -191.41   -400.39    446.16   3.78  -1.08  -0.01
1996-12-19T07:10:04.947     46.70   -190.73   -399.21    444.90   3.78  -1.08  -0.01
1996-12-19T07:10:05.280     47.17   -190.32   -399.71    445.21   3.78  -1.08  -0.01
1996-12-19T07:10:05.613     46.25   -192.01   -400.51    446.56   3.78  -1.08  -0.01
1996-12-19T07:10:05.947     47.17   -188.57   -402.07    446.59   3.78  -1.08  -0.01
1996-12-19T07:10:06.280     48.61   -188.69   -401.54    446.32   3.79  -1.08  -0.01
1996-12-19T07:10:06.613     45.62   -188.43   -400.49    444.94   3.79  -1.08  -0.01
1996-12-19T07:10:06.947     47.40   -190.04   -398.35    443.90   3.79  -1.08  -0.01
1996-12-19T07:10:07.280     49.16   -190.94   -398.25    444.38   3.79  -1.08  -0.01
1996-12-19T07:10:07.613     50.02   -189.71   -401.44    446.82   3.79  -1.08  -0.01
1996-12-19T07:10:07.947     43.20   -192.07   -400.63    446.39   3.79  -1.08  -0.01
1996-12-19T07:10:08.280     46.65   -191.26   -399.35    445.24   3.79  -1.08  -0.01
1996-12-19T07:10:08.613     49.25   -188.95   -400.99    446.01   3.79  -1.09  -0.01
1996-12-19T07:10:08.947     50.82   -190.45   -398.67    444.73   3.79  -1.09  -0.01
1996-12-19T07:10:09.280     49.99   -192.92   -399.48    446.43   3.79  -1.09  -0.01
1996-12-19T07:10:09.613     50.65   -188.71   -403.75    448.54   3.80  -1.09  -0.01
1996-12-19T07:10:09.947     49.01   -189.90   -398.29    443.96   3.80  -1.09  -0.01
1996-12-19T07:10:10.280     48.31   -191.02   -399.47    445.42   3.80  -1.09  -0.01
1996-12-19T07:10:10.613     44.86   -189.70   -401.47    446.29   3.80  -1.09  -0.01
1996-12-19T07:10:10.947     51.19   -190.81   -401.43    447.41   3.80  -1.09  -0.01
1996-12-19T07:10:11.280     46.37   -189.55   -400.99    445.96   3.80  -1.09  -0.01
1996-12-19T07:10:11.613     48.32   -189.16   -400.48    445.54   3.80  -1.09  -0.01
1996-12-19T07:10:11.947     50.36   -190.01   -400.46    446.10   3.80  -1.09  -0.01
1996-12-19T07:10:12.280     50.22   -189.13   -400.89    446.10   3.80  -1.09  -0.01
1996-12-19T07:10:12.613     49.64   -187.64   -400.12    444.71   3.80  -1.09  -0.01
1996-12-19T07:10:12.947     48.57   -189.03   -402.78    447.58   3.80  -1.09  -0.01
1996-12-19T07:10:13.280     45.65   -191.56   -400.28    446.09   3.81  -1.10  -0.01
1996-12-19T07:10:13.613     45.08   -188.78   -401.53    445.98   3.81  -1.10  -0.01
1996-12-19T07:10:13.947     45.61   -190.42   -401.21    446.44   3.81  -1.10  -0.01
1996-12-19T07:10:14.280     47.11   -189.24   -398.11    443.31   3.81  -1.10  -0.01
1996-12-19T07:10:14.613     43.77   -189.69   -399.17    444.11   3.81  -1.10  -0.01
1996-12-19T07:10:14.947     48.05   -188.58   -399.84    444.69   3.81  -1.10  -0.01
1996-12-19T07:10:15.280     51.10   -188.00   -399.95    444.87   3.81  -1.10  -0.01
1996-12-19T07:10:15.613     50.33   -187.86   -400.08    444.84   3.81  -1.10  -0.01
1996-12-19T07:10:15.947     49.20   -190.14   -399.73    445.38   3.81  -1.10  -0.01
1996-12-19T07:10:16.280     47.90   -189.71   -400.13    445.41   3.81  -1.10  -0.01
1996-12-19T07:10:16.613     45.77   -191.25   -401.71    447.26   3.81  -1.10  -0.01
1996-12-19T07:10:16.947     47.89   -189.38   -401.78    446.75   3.82  -1.10  -0.01
1996-12-19T07:10:17.280     48.31   -191.44   -399.63    445.75   3.82  -1.10  -0.01
1996-12-19T07:10:17.613     46.78   -190.63   -400.93    446.40   3.82  -1.11  -0.01
1996-12-19T07:10:17.947     44.10   -190.91   -398.58    444.14   3.82  -1.11  -0.01
1996-12-19T07:10:18.280     49.95   -189.50   -399.36    444.85   3.82  -1.11  -0.01
1996-12-19T07:10:18.613     47.60   -191.65   -400.55    446.58   3.82  -1.11  -0.01
1996-12-19T07:10:18.947     47.40   -191.38   -400.63    446.51   3.82  -1.11  -0.01
1996-12-19T07:10:19.280     49.34   -191.80   -399.77    446.14   3.82  -1.11  -0.01
1996-12-19T07:10:19.613     47.44   -189.72   -399.03    444.38   3.82  -1.11  -0.01
1996-12-19T07:10:19.947     46.51   -189.99   -402.38    447.40   3.82  -1.11  -0.01
1996-12-19T07:10:20.280     49.20   -190.42   -403.28    448.68   3.82  -1.11  -0.01
1996-12-19T07:10:20.613     48.33   -189.89   -399.97    445.39   3.83  -1.11  -0.01
1996-12-19T07:10:20.947     46.18   -189.54   -399.42    444.51   3.83  -1.11  -0.01
1996-12-19T07:10:21.280     44.40   -190.49   -400.24    445.48   3.83  -1.11  -0.01
1996-12-19T07:10:21.613     47.49   -192.13   -400.56    446.78   3.83  -1.11  -0.01
1996-12-19T07:10:21.947     49.26   -189.78   -400.51    445.92   3.83  -1.11  -0.01
1996-12-19T07:10:22.280     47.68   -190.70   -401.05    446.63   3.83  -1.12  -0.01
1996-12-19T07:10:22.613     46.57   -189.41   -401.29    446.18   3.83  -1.12  -0.01
1996-12-19T07:10:22.947     46.20   -190.56   -398.91    444.49   3.83  -1.12  -0.01
1996-12-19T07:10:23.280     46.03   -191.93   -400.77    446.73   3.83  -1.12  -0.01
1996-12-19T07:10:23.613     45.93   -191.41   -400.48    446.24   3.83  -1.12  -0.01
1996-12-19T07:10:23.947     46.50   -189.92   -399.66    444.92   3.84  -1.12  -0.01
1996-12-19T07:10:24.280     47.22   -190.87   -399.91    445.64   3.84  -1.12  -0.01
1996-12-19T07:10:24.613     47.95   -190.07   -399.64    445.12   3.84  -1.12  -0.01
1996-12-19T07:10:24.947     48.30   -188.87   -400.67    445.58   3.84  -1.12  -0.01
1996-12-19T07:10:25.280     46.81   -189.54   -399.06    444.26   3.84  -1.12  -0.01
1996-12-19T07:10:25.613     45.92   -190.06   -401.06    446.19   3.84  -1.12  -0.01
1996-12-19T07:10:25.947     47.48   -190.21   -397.53    443.25   3.84  -1.12  -0.01
1996-12-19T07:10:26.280     49.50   -190.28   -400.12    445.82   3.84  -1.12  -0.01
1996-12-19T07:10:26.613     48.25   -190.81   -401.91    447.51   3.84  -1.12  -0.01
1996-12-19T07:10:26.947     47.51   -190.36   -401.63    446.99   3.84  -1.13  -0.01
1996-12-19T07:10:27.280     46.78   -189.39   -400.59    445.56   3.84  -1.13  -0.01
1996-12-19T07:10:27.613     46.60   -190.24   -398.35    443.90   3.85  -1.13  -0.01
1996-12-19T07:10:27.947     47.08   -189.71   -401.77    446.79   3.85  -1.13  -0.01
1996-12-19T07:10:28.280     48.13   -189.06   -401.41    446.31   3.85  -1.13  -0.01
1996-12-19T07:10:28.613     51.35   -191.04   -403.10    449.02   3.85  -1.13  -0.01
1996-12-19T07:10:28.947     44.47   -191.86   -399.91    445.77   3.85  -1.13  -0.01
1996-12-19T07:10:29.280     46.88   -190.86   -399.40    445.14   3.85  -1.13  -0.01
1996-12-19T07:10:29.613     48.40   -188.94   -399.41    444.49   3.85  -1.13  -0.01
1996-12-19T07:10:29.947     50.72   -190.72   -399.99    446.03   3.85  -1.13  -0.01
1996-12-19T07:10:30.280     46.71   -188.20   -402.41    446.69   3.85  -1.13  -0.01
1996-12-19T07:10:30.613     49.01   -189.38   -399.92    445.20   3.85  -1.13  -0.01
1996-12-19T07:10:30.947     50.29   -189.12   -400.53    445.78   3.85  -1.13  -0.01
1996-12-19T07:10:31.280     52.11   -189.90   -401.58    447.26   3.86  -1.14  -0.01
1996-12-19T07:10:31.613     49.21   -187.76   -399.40    444.06   3.86  -1.14  -0.01
1996-12-19T07:10:31.947     44.60   -187.62   -400.46    444.48   3.86  -1.14  -0.01
1996-12-19T07:10:32.280     46.44   -192.28   -400.54    446.72   3.86  -1.14  -0.01
1996-12-19T07:10:32.613     47.61   -191.04   -399.49    445.37   3.86  -1.14  -0.01
1996-12-19T07:10:32.947     44.51   -189.59   -401.74    446.46   3.86  -1.14  -0.01
1996-12-19T07:10:33.280     47.36   -189.60   -399.69    444.91   3.86  -1.14  -0.01
1996-12-19T07:10:33.613     44.53   -190.26   -400.23    445.38   3.86  -1.14  -0.01
1996-12-19T07:10:33.947     47.85   -189.74   -400.56    445.80   3.86  -1.14  -0.01
1996-12-19T07:10:34.280     49.64   -189.26   -397.93    443.43   3.86  -1.14  -0.01
1996-12-19T07:10:34.613     49.38   -191.65   -399.06    445.45   3.86  -1.14  -0.01
1996-12-19T07:10:34.947     49.16   -190.15   -399.94    445.57   3.87  -1.14  -0.01
1996-12-19T07:10:35.280     47.82   -192.34   -400.76    447.09   3.87  -1.14  -0.01
1996-12-19T07:10:35.613     47.34   -190.39   -397.73    443.48   3.87  -1.14  -0.01
1996-12-19T07:10:35.947     51.53   -190.65   -401.28    447.25   3.87  -1.15  -0.01
1996-12-19T07:10:36.280     47.62   -190.92   -399.71    445.51   3.87  -1.15  -0.01
1996-12-19T07:10:36.613     47.20   -190.60   -401.00    446.50   3.87  -1.15  -0.01
1996-12-19T07:10:36.947     48.00   -189.91   -399.68    445.10   3.87  -1.15  -0.00
1996-12-19T07:10:37.280     49.77   -188.90   -399.59    444.78   3.87  -1.15  -0.00
1996-12-19T07:10:37.613     48.55   -188.72   -398.59    443.67   3.87  -1.15  -0.00
1996-12-19T07:10:37.947     48.23   -187.39   -399.00    443.44   3.87  -1.15  -0.00
1996-12-19T07:10:38.280     48.13   -190.93   -401.82    447.47   3.88  -1.15  -0.00
1996-12-19T07:10:38.613     46.05   -191.40   -402.18    447.77   3.88  -1.15  -0.00
1996-12-19T07:10:38.947     45.12   -192.15   -401.31    447.22   3.88  -1.15  -0.00
1996-12-19T07:10:39.280     49.68   -191.13   -400.45    446.49   3.88  -1.15  -0.00
1996-12-19T07:10:39.613     48.21   -189.60   -397.05    442.63   3.88  -1.15  -0.00
1996-12-19T07:10:39.947     46.24   -190.55   -400.48    445.91   3.88  -1.15  -0.00
1996-12-19T07:10:40.280     44.07   -192.43   -401.91    447.77   3.88  -1.15  -0.00
1996-12-19T07:10:40.613     47.96   -192.35   -401.85    448.08   3.88  -1.16  -0.00
1996-12-19T07:10:40.947     49.11   -188.70   -399.27    444.34   3.88  -1.16  -0.00
1996-12-19T07:10:41.280     47.70   -190.63   -399.74    445.43   3.88  -1.16  -0.00
1996-12-19T07:10:41.613     46.15   -189.71   -400.72    445.75   3.88  -1.16  -0.00
1996-12-19T07:10:41.947     47.04   -192.65   -400.30    446.73   3.89  -1.16  -0.00
1996-12-19T07:10:42.280     45.91   -187.53   -400.25    444.38   3.89  -1.16  -0.00
1996-12-19T07:10:42.613     46.49   -190.83   -398.58    444.34   3.89  -1.16  -0.00
1996-12-19T07:10:42.947     46.69   -190.38   -398.67    444.26   3.89  -1.16  -0.00
1996-12-19T07:10:43.280     46.88   -191.17   -399.14    445.04   3.89  -1.16  -0.00
1996-12-19T07:10:43.613     48.25   -190.97   -398.96    444.93   3.89  -1.16  -0.00
1996-12-19T07:10:43.947     49.07   -188.93   -398.13    443.40   3.89  -1.16  -0.00
1996-12-19T07:10:44.280     46.37   -191.75   -398.96    445.06   3.89  -1.16  -0.00
1996-12-19T07:10:44.613     45.82   -191.09   -399.51    445.22   3.89  -1.16  -0.00
1996-12-19T07:10:44.947     47.93   -191.98   -398.69    445.09   3.89  -1.17  -0.00
1996-12-19T07:10:45.280     49.60   -190.47   -401.34    447.01   3.89  -1.17  -0.00
1996-12-19T07:10:45.613     50.00   -188.85   -401.49    446.49   3.90  -1.17  -0.00
1996-12-19T07:10:45.947     46.35   -193.57   -399.86    446.66   3.90  -1.17  -0.00
1996-12-19T07:10:46.280     46.54   -190.00   -400.32    445.56   3.90  -1.17  -0.00
1996-12-19T07:10:46.613     47.78   -190.65   -401.27    446.82   3.90  -1.17  -0.00
1996-12-19T07:10:46.947     46.17   -191.74   -398.27    444.43   3.90  -1.17  -0.00
1996-12-19T07:10:47.280     48.47   -190.07   -400.41    445.88   3.90  -1.17  -0.00
1996-12-19T07:10:47.613     51.42   -190.97   -401.71    447.76   3.90  -1.17  -0.00
1996-12-19T07:10:47.947     47.66   -189.89   -399.39    444.80   3.90  -1.17  -0.00
1996-12-19T07:10:48.280     48.89   -190.50   -400.74    446.40   3.90  -1.17  -0.00
1996-12-19T07:10:48.613     47.94   -191.05   -400.99    446.75   3.90  -1.17  -0.00
1996-12-19T07:10:48.947     49.69   -190.67   -398.16    444.25   3.91  -1.17  -0.00
1996-12-19T07:10:49.280     48.80   -190.52   -400.21    445.92   3.91  -1.17  -0.00
1996-12-19T07:10:49.613     48.66   -190.33   -398.41    444.21   3.91  -1.18  -0.00
1996-12-19T07:10:49.947     50.96   -190.06   -399.19    445.05   3.91  -1.18  -0.00
1996-12-19T07:10:50.280     52.14   -190.51   -399.55    445.71   3.91  -1.18  -0.00
1996-12-19T07:10:50.613     50.37   -188.24   -400.05    444.98   3.91  -1.18  -0.00
1996-12-19T07:10:50.947     49.75   -192.16   -400.57    447.05   3.91  -1.18  -0.00
1996-12-19T07:10:51.280     47.37   -189.99   -399.79    445.16   3.91  -1.18  -0.00
1996-12-19T07:10:51.613     47.43   -188.66   -397.79    442.81   3.91  -1.18  -0.00
1996-12-19T07:10:51.947     43.10   -193.46   -400.16    446.55   3.91  -1.18  -0.00
1996-12-19T07:10:52.280     47.21   -189.91   -397.55    443.10   3.91  -1.18  -0.00
1996-12-19T07:10:52.613     47.84   -189.68   -398.66    444.07   3.92  -1.18  -0.00
1996-12-19T07:10:52.947     50.03   -191.11   -399.57    445.74   3.92  -1.18  -0.00
1996-12-19T07:10:53.280     49.67   -191.74   -399.94    446.30   3.92  -1.18  -0.00
1996-12-19T07:10:53.613     49.08   -190.29   -398.98    444.75   3.92  -1.18  -0.00
1996-12-19T07:10:53.947     49.56   -191.92   -401.98    448.19   3.92  -1.18  -0.00
1996-12-19T07:10:54.280     47.37   -190.72   -398.81    444.60   3.92  -1.19  -0.00
1996-12-19T07:10:54.613     45.54   -191.69   -398.70    444.73   3.92  -1.19  -0.00
1996-12-19T07:10:54.947     50.12   -188.26   -401.53    446.29   3.92  -1.19  -0.00
1996-12-19T07:10:55.280     48.54   -190.71   -398.93    444.83   3.92  -1.19  -0.00
1996-12-19T07:10:55.613     46.91   -192.60   -399.93    446.37   3.92  -1.19  -0.00
1996-12-19T07:10:55.947     46.99   -189.87   -400.21    445.45   3.92  -1.19  -0.00
1996-12-19T07:10:56.280     50.05   -191.34   -397.78    444.24   3.93  -1.19  -0.00
1996-12-19T07:10:56.613     47.18   -189.28   -400.64    445.61   3.93  -1.19  -0.00
1996-12-19T07:10:56.947     47.46   -189.29   -398.45    443.68   3.93  -1.19  -0.00
1996-12-19T07:10:57.280     45.50   -190.31   -400.84    446.05   3.93  -1.19  -0.00
1996-12-19T07:10:57.613     45.53   -191.46   -399.04    444.93   3.93  -1.19  -0.00
1996-12-19T07:10:57.947     44.72   -192.72   -400.75    446.93   3.93  -1.19  -0.00
1996-12-19T07:10:58.280     47.14   -190.95   -401.00    446.64   3.93  -1.19  -0.00
1996-12-19T07:10:58.613     48.32   -190.24   -399.41    445.03   3.93  -1.20  -0.00
1996-12-19T07:10:58.947     45.85   -191.36   -398.47    444.41   3.93  -1.20  -0.00
1996-12-19T07:10:59.280     43.92   -191.23   -400.21    445.72   3.93  -1.20  -0.00
1996-12-19T07:10:59.613     47.59   -189.29   -398.84    444.04   3.93  -1.20  -0.00
1996-12-19T07:10:59.947     47.03   -191.99   -400.48    446.61   3.94  -1.20  -0.00
1996-12-19T07:11:00.280     47.34   -188.43   -401.65    446.17   3.94  -1.20  -0.00
1996-12-19T07:11:00.613     47.25   -189.98   -399.25    444.66   3.94  -1.20  -0.00
1996-12-19T07:11:00.947     46.37   -191.13   -397.45    443.45   3.94  -1.20  -0.00
1996-12-19T07:11:01.280     46.10   -188.65   -399.54    444.24   3.94  -1.20  -0.00
1996-12-19T07:11:01.613     46.55   -191.26   -398.46    444.43   3.94  -1.20  -0.00
1996-12-19T07:11:01.947     46.87   -191.78   -400.03    446.09   3.94  -1.20  -0.00
1996-12-19T07:11:02.280     46.74   -187.45   -398.58    442.93   3.94  -1.20  -0.00
1996-12-19T07:11:02.613     48.39   -192.54   -401.85    448.22   3.94  -1.20  -0.00
1996-12-19T07:11:02.947     48.91   -188.78   -400.22    445.21   3.94  -1.20  -0.00
1996-12-19T07:11:03.280     46.75   -191.50   -400.15    446.07   3.95  -1.21  -0.00
1996-12-19T07:11:03.613     45.93   -192.20   -401.62    447.60   3.95  -1.21  -0.00
1996-12-19T07:11:03.947     47.91   -191.89   -398.37    444.77   3.95  -1.21  -0.00
1996-12-19T07:11:04.280     49.62   -190.08   -398.64    444.41   3.95  -1.21  -0.00
1996-12-19T07:11:04.613     45.15   -190.05   -400.12    445.26   3.95  -1.21  -0.00
1996-12-19T07:11:04.947     44.70   -193.03   -398.57    445.10   3.95  -1.21  -0.00
1996-12-19T07:11:05.280     46.48   -189.76   -399.41    444.63   3.95  -1.21  -0.00
1996-12-19T07:11:05.613     47.57   -191.98   -400.11    446.33   3.95  -1.21  -0.00
1996-12-19T07:11:05.947     46.46   -190.90   -398.64    444.43   3.95  -1.21  -0.00
1996-12-19T07:11:06.280     48.50   -190.13   -400.41    445.90   3.95  -1.21  -0.00
1996-12-19T07:11:06.613     51.10   -189.44   -400.30    445.80   3.95  -1.21  -0.00
1996-12-19T07:11:06.947     46.49   -191.26   -399.98    445.78   3.96  -1.21  -0.00
1996-12-19T07:11:07.280     46.35   -190.54   -400.73    446.13   3.96  -1.21  -0.00
1996-12-19T07:11:07.613     45.21   -190.30   -400.46    445.68   3.96  -1.21  -0.00
1996-12-19T07:11:07.947     50.17   -192.34   -398.43    445.26   3.96  -1.22  -0.00
1996-12-19T07:11:08.280     48.05   -191.38   -400.59    446.55   3.96  -1.22  -0.00
1996-12-19T07:11:08.613     48.48   -189.15   -399.38    444.56   3.96  -1.22  -0.00
1996-12-19T07:11:08.947     50.48   -189.58   -401.07    446.48   3.96  -1.22  -0.00
1996-12-19T07:11:09.280     50.60   -190.15   -399.69    445.50   3.96  -1.22  -0.00
1996-12-19T07:11:09.613     49.89   -188.11   -399.73    444.59   3.96  -1.22  -0.00
1996-12-19T07:11:09.947     49.13   -191.13   -401.34    447.24   3.96  -1.22  -0.00
1996-12-19T07:11:10.280     44.31   -192.09   -399.28    445.29   3.96  -1.22  -0.00
1996-12-19T07:11:10.613     47.49   -190.44   -399.01    444.66   3.97  -1.22  -0.00
1996-12-19T07:11:10.947     46.28   -190.76   -400.93    446.40   3.97  -1.22  -0.00
1996-12-19T07:11:11.280     47.56   -190.99   -398.39    444.36   3.97  -1.22  -0.00
1996-12-19T07:11:11.613     47.14   -191.16   -398.16    444.18   3.97  -1.22  -0.00
1996-12-19T07:11:11.947     46.67   -192.61   -398.00    444.61   3.97  -1.22  -0.00
1996-12-19T07:11:12.280     50.37   -190.17   -398.82    444.70   3.97  -1.23  -0.00
1996-12-19T07:11:12.613     51.10   -192.32   -400.26    446.99   3.97  -1.23  -0.00
1996-12-19T07:11:12.947     49.31   -191.82   -398.06    444.62   3.97  -1.23  -0.00
1996-12-19T07:11:13.280     47.51   -191.35   -398.86    444.93   3.97  -1.23  -0.00
1996-12-19T07:11:13.613     47.58   -191.91   -398.12    444.51   3.97  -1.23  -0.00
1996-12-19T07:11:13.947     50.53   -191.81   -399.34    445.89   3.97  -1.23  -0.00
1996-12-19T07:11:14.280     47.16   -188.75   -398.57    443.52   3.98  -1.23  -0.00
1996-12-19T07:11:14.613     46.32   -190.18   -396.27    441.97   3.98  -1.23  -0.00
1996-12-19T07:11:14.947     48.07   -190.96   -399.43    445.33   3.98  -1.23  -0.00
1996-12-19T07:11:15.280     49.79   -190.10   -397.87    443.75   3.98  -1.23  -0.00
1996-12-19T07:11:15.613     47.41   -191.74   -399.90    446.02   3.98  -1.23  -0.00
1996-12-19T07:11:15.947     48.27   -188.29   -398.86    443.70   3.98  -1.23  -0.00
1996-12-19T07:11:16.280     48.54   -190.99   -400.70    446.53   3.98  -1.23  -0.00
1996-12-19T07:11:16.613     47.35   -190.68   -399.44    445.14   3.98  -1.23  -0.00
1996-12-19T07:11:16.947     43.20   -189.78   -401.86    446.51   3.98  -1.24  -0.00
1996-12-19T07:11:17.280     47.62   -191.56   -399.62    445.71   3.98  -1.24  -0.00
1996-12-19T07:11:17.613     48.07   -189.03   -398.77    443.92   3.99  -1.24  -0.00
1996-12-19T07:11:17.947     46.12   -189.99   -396.72    442.28   3.99  -1.24  -0.00
1996-12-19T07:11:18.280     44.65   -193.39   -400.96    447.39   3.99  -1.24  -0.00
1996-12-19T07:11:18.613     48.40   -192.05   -399.77    446.15   3.99  -1.24  -0.00
1996-12-19T07:11:18.947     47.17   -189.77   -399.01    444.36   3.99  -1.24  -0.00
1996-12-19T07:11:19.280     47.77   -191.37   -399.18    445.25   3.99  -1.24  -0.00
1996-12-19T07:11:19.613     47.52   -191.62   -396.69    443.10   3.99  -1.24  -0.00
1996-12-19T07:11:19.947     46.23   -190.38   -397.15    442.84   3.99  -1.24  -0.00
1996-12-19T07:11:20.280     46.25   -189.49   -398.98    444.10   3.99  -1.24  -0.00
1996-12-19T07:11:20.613     45.89   -187.55   -400.07    444.22   3.99  -1.24  -0.00
1996-12-19T07:11:20.947     46.18   -190.09   -398.05    443.52   3.99  -1.24  -0.00
1996-12-19T07:11:21.280     46.70   -190.06   -399.41    444.79   4.00  -1.24  -0.00
1996-12-19T07:11:21.613     47.50   -189.51   -398.83    444.11   4.00  -1.25  -0.00
1996-12-19T07:11:21.947     48.40   -191.08   -399.68    445.64   4.00  -1.25  -0.00
1996-12-19T07:11:22.280     50.05   -188.98   -397.44    442.91   4.00  -1.25  -0.00
1996-12-19T07:11:22.613     48.04   -191.47   -399.69    445.78   4.00  -1.25  -0.00
1996-12-19T07:11:22.947     47.54   -189.86   -400.09    445.40   4.00  -1.25  -0.00
1996-12-19T07:11:23.280     49.52   -189.16   -399.06    444.39   4.00  -1.25  -0.00
1996-12-19T07:11:23.613     51.28   -189.03   -399.02    444.50   4.00  -1.25  -0.00
1996-12-19T07:11:23.947     48.10   -191.49   -399.03    445.20   4.00  -1.25  -0.00
1996-12-19T07:11:24.280     45.88   -190.88   -398.77    444.47   4.00  -1.25  -0.00
1996-12-19T07:11:24.613     48.44   -190.63   -400.68    446.35   4.00  -1.25  -0.00
1996-12-19T07:11:24.947     47.86   -191.65   -397.93    444.26   4.01  -1.25  -0.00
1996-12-19T07:11:25.280     48.77   -190.40   -397.61    443.54   4.01  -1.25  -0.00
1996-12-19T07:11:25.613     51.31   -189.78   -401.37    446.93   4.01  -1.25  -0.00
1996-12-19T07:11:25.947     50.61   -190.63   -399.17    445.24   4.01  -1.26  -0.00
1996-12-19T07:11:26.280     46.59   -191.00   -400.59    446.23   4.01  -1.26  -0.00
1996-12-19T07:11:26.613     49.10   -190.94   -399.51    445.50   4.01  -1.26  -0.00
1996-12-19T07:11:26.947     48.70   -192.42   -397.10    443.94   4.01  -1.26  -0.00
1996-12-19T07:11:27.280     48.67   -189.41   -399.88    445.14   4.01  -1.26  -0.00
1996-12-19T07:11:27.613     48.50   -189.23   -397.09    442.54   4.01  -1.26  -0.00
1996-12-19T07:11:27.947     51.33   -193.51   -397.37    444.95   4.01  -1.26  -0.00
1996-12-19T07:11:28.280     50.35   -189.04   -399.51    444.83   4.01  -1.26  -0.00
1996-12-19T07:11:28.613     51.28   -191.52   -400.92    447.26   4.02  -1.26  -0.00
1996-12-19T07:11:28.947     48.21   -189.39   -401.26    446.32   4.02  -1.26  -0.00
1996-12-19T07:11:29.280     47.40   -187.37   -399.94    444.20   4.02  -1.26  -0.00
1996-12-19T07:11:29.613     48.39   -192.15   -400.13    446.50   4.02  -1.26  -0.00
1996-12-19T07:11:29.947     46.55   -192.76   -399.44    445.96   4.02  -1.26  -0.00
1996-12-19T07:11:30.280     45.97   -191.16   -398.16    444.06   4.02  -1.26  -0.00
1996-12-19T07:11:30.613     48.97   -190.27   -398.45    444.25   4.02  -1.27  -0.00
1996-12-19T07:11:30.947     49.92   -190.93   -398.84    445.00   4.02  -1.27  -0.00
1996-12-19T07:11:31.280     51.77   -189.32   -400.29    445.82   4.02  -1.27  -0.00
1996-12-19T07:11:31.613     50.87   -191.39   -400.76    447.02   4.02  -1.27  -0.00
1996-12-19T07:11:31.947     48.92   -189.80   -399.31    444.82   4.03  -1.27  -0.00
1996-12-19T07:11:32.280     47.26   -190.48   -399.33    444.95   4.03  -1.27  -0.00
1996-12-19T07:11:32.613     45.36   -191.24   -398.76    444.57   4.03  -1.27  -0.00
1996-12-19T07:11:32.947     48.90   -188.80   -398.68    443.83   4.03  -1.27  -0.00
1996-12-19T07:11:33.280     45.84   -193.40   -400.20    446.84   4.03  -1.27  -0.00
1996-12-19T07:11:33.613     46.64   -191.29   -400.94    446.67   4.03  -1.27  -0.00
1996-12-19T07:11:33.947     43.90   -191.12   -398.36    444.01   4.03  -1.27  -0.00
1996-12-19T07:11:34.280     49.87   -191.06   -397.66    443.98   4.03  -1.27  -0.00
1996-12-19T07:11:34.613     46.76   -187.30   -400.51    444.61   4.03  -1.27  -0.00
1996-12-19T07:11:34.947     48.50   -190.49   -398.13    444.01   4.03  -1.27  -0.00
1996-12-19T07:11:35.280     47.69   -188.70   -400.55    445.34   4.03  -1.28  -0.00
1996-12-19T07:11:35.613     47.56   -191.96   -401.58    447.63   4.04  -1.28  -0.00
1996-12-19T07:11:35.947     41.27   -190.57   -400.79    445.70   4.04  -1.28  -0.00
1996-12-19T07:11:36.280     46.99   -190.67   -399.13    444.83   4.04  -1.28  -0.00
1996-12-19T07:11:36.613     47.95   -188.20   -397.84    442.71   4.04  -1.28  -0.00
1996-12-19T07:11:36.947     46.25   -191.02   -398.93    444.72   4.04  -1.28  -0.00
1996-12-19T07:11:37.280     43.88   -191.13   -399.28    444.84   4.04  -1.28  -0.00
1996-12-19T07:11:37.613     46.82   -191.30   -399.11    445.06   4.04  -1.28  -0.00
1996-12-19T07:11:37.947     49.13   -189.28   -401.91    446.96   4.04  -1.28  -0.00
1996-12-19T07:11:38.280     47.62   -189.97   -399.31    444.75   4.04  -1.28  -0.00
1996-12-19T07:11:38.613     46.81   -190.56   -399.98    445.52   4.04  -1.28  -0.00
1996-12-19T07:11:38.947     46.96   -192.07   -400.02    446.22   4.04  -1.28  -0.00
1996-12-19T07:11:39.280     46.56   -190.96   -398.06    443.95   4.05  -1.28  -0.00
1996-12-19T07:11:39.613     46.65   -191.38   -397.94    444.03   4.05  -1.29  -0.00
1996-12-19T07:11:39.947     46.57   -192.13   -398.14    444.52   4.05  -1.29  -0.00
1996-12-19T07:11:40.280     46.82   -190.62   -400.12    445.67   4.05  -1.29  -0.00
1996-12-19T07:11:40.613     48.08   -192.42   -399.05    445.62   4.05  -1.29  -0.00
1996-12-19T07:11:40.947     47.59   -191.33   -397.13    443.38   4.05  -1.29  -0.00
1996-12-19T07:11:41.280     47.32   -190.84   -398.71    444.55   4.05  -1.29  -0.00
1996-12-19T07:11:41.613     45.30   -190.38   -398.80    444.23   4.05  -1.29  -0.00
1996-12-19T07:11:41.947     47.78   -190.87   -399.66    445.47   4.05  -1.29  -0.00
1996-12-19T07:11:42.280     49.93   -190.98   -399.38    445.50   4.05  -1.29  -0.00
1996-12-19T07:11:42.613     48.07   -190.99   -400.42    446.23   4.05  -1.29  -0.00
1996-12-19T07:11:42.947     46.76   -192.40   -399.04    445.46   4.06  -1.29  -0.00
1996-12-19T07:11:43.280     43.94   -191.36   -398.22    443.99   4.06  -1.29  -0.00
1996-12-19T07:11:43.613     50.01   -192.72   -398.70    445.66   4.06  -1.29  -0.00
1996-12-19T07:11:43.947     50.07   -192.41   -398.88    445.69   4.06  -1.29  -0.00
1996-12-19T07:11:44.280     48.96   -191.42   -398.83    445.09   4.06  -1.30  -0.00
1996-12-19T07:11:44.613     51.57   -190.85   -398.63    444.96   4.06  -1.30  -0.00
1996-12-19T07:11:44.947     47.32   -192.12   -400.36    446.59   4.06  -1.30  -0.00
1996-12-19T07:11:45.280     46.69   -191.51   -400.45    446.34   4.06  -1.30  -0.00
1996-12-19T07:11:45.613     49.37   -192.03   -401.00    447.34   4.06  -1.30  -0.00
1996-12-19T07:11:45.947     45.80   -190.94   -399.42    445.07   4.06  -1.30  -0.00
1996-12-19T07:11:46.280     47.16   -191.64   -400.05    446.08   4.07  -1.30  -0.00
1996-12-19T07:11:46.613     48.51   -189.04   -398.40    443.64   4.07  -1.30  -0.00
1996-12-19T07:11:46.947     51.14   -192.10   -400.99    447.56   4.07  -1.30  -0.00
1996-12-19T07:11:47.280     50.55   -189.92   -398.92    444.71   4.07  -1.30  -0.00
1996-12-19T07:11:47.613     50.82   -189.53   -401.14    446.56   4.07  -1.30  -0.00
1996-12-19T07:11:47.947     51.51   -192.85   -399.56    446.65   4.07  -1.30  -0.00
1996-12-19T07:11:48.280     46.44   -192.03   -400.90    446.94   4.07  -1.30  -0.00
1996-12-19T07:11:48.613     46.01   -190.73   -399.50    445.08   4.07  -1.30  -0.00
1996-12-19T07:11:48.947     45.89   -191.77   -400.04    445.99   4.07  -1.31  -0.00
1996-12-19T07:11:49.280     45.58   -191.62   -398.23    444.27   4.07  -1.31  -0.00
1996-12-19T07:11:49.613     47.86   -192.09   -398.96    445.38   4.07  -1.31  -0.00
1996-12-19T07:11:49.947     47.27   -190.42   -398.44    444.13   4.08  -1.31  -0.00
1996-12-19T07:11:50.280     50.53   -192.12   -396.25    443.26   4.08  -1.31  -0.00
1996-12-19T07:11:50.613     50.88   -192.23   -397.88    444.81   4.08  -1.31  -0.00
1996-12-19T07:11:50.947     49.32   -191.86   -399.00    445.47   4.08  -1.31  -0.00
1996-12-19T07:11:51.280     47.41   -191.95   -396.96    443.47   4.08  -1.31  -0.00
1996-12-19T07:11:51.613     45.88   -193.37   -400.67    447.26   4.08  -1.31  -0.00
1996-12-19T07:11:51.947     49.64   -192.03   -401.68    447.98   4.08  -1.31  -0.00
1996-12-19T07:11:52.280     48.76   -190.16   -397.17    443.04   4.08  -1.31  -0.00
1996-12-19T07:11:52.613     46.23   -192.07   -401.06    447.07   4.08  -1.31  -0.00
1996-12-19T07:11:52.947     48.58   -193.89   -403.31    450.12   4.08  -1.31  -0.00
1996-12-19T07:11:53.280     49.82   -190.87   -397.60    443.85   4.08  -1.32  -0.00
1996-12-19T07:11:53.613     46.96   -189.27   -398.91    444.02   4.09  -1.32  -0.00
1996-12-19T07:11:53.947     49.02   -190.62   -398.66    444.60   4.09  -1.32  -0.00
1996-12-19T07:11:54.280     46.30   -194.18   -398.44    445.65   4.09  -1.32  -0.00
1996-12-19T07:11:54.613     46.78   -190.68   -399.63    445.25   4.09  -1.32  -0.00
1996-12-19T07:11:54.947     44.36   -191.57   -399.22    445.02   4.09  -1.32  -0.00
1996-12-19T07:11:55.280     45.79   -189.73   -400.59    445.61   4.09  -1.32  -0.00
1996-12-19T07:11:55.613     48.22   -190.75   -398.95    444.83   4.09  -1.32  -0.00
1996-12-19T07:11:55.947     46.31   -192.16   -397.93    444.31   4.09  -1.32  -0.00
1996-12-19T07:11:56.280     44.37   -191.89   -399.45    445.37   4.09  -1.32  -0.00
1996-12-19T07:11:56.613     46.29   -192.02   -398.79    445.02   4.09  -1.32  -0.00
1996-12-19T07:11:56.947     47.61   -189.72   -398.95    444.32   4.09  -1.32  -0.00
1996-12-19T07:11:57.280     48.07   -190.78   -401.52    447.14   4.10  -1.32  -0.00
1996-12-19T07:11:57.613     46.98   -192.11   -398.89    445.23   4.10  -1.32  -0.00
1996-12-19T07:11:57.947     46.96   -192.59   -400.06    446.48   4.10  -1.33  -0.00
1996-12-19T07:11:58.280     46.16   -189.15   -399.01    443.98   4.10  -1.33  -0.00
1996-12-19T07:11:58.613     46.64   -191.89   -398.37    444.63   4.10  -1.33  -0.00
1996-12-19T07:11:58.947     47.06   -192.70   -399.25    445.81   4.10  -1.33  -0.00
1996-12-19T07:11:59.280     45.55   -192.01   -398.09    444.32   4.10  -1.33  -0.00
1996-12-19T07:11:59.613     47.97   -191.95   -398.46    444.87   4.10  -1.33  -0.00
1996-12-19T07:11:59.947     49.50   -191.46   -400.26    446.45   4.10  -1.33  -0.00
1996-12-19T07:12:00.280     49.10   -189.62   -399.21    444.68   4.10  -1.33  -0.00
1996-12-19T07:12:00.613     45.60   -191.65   -398.36    444.41   4.11  -1.33  -0.00
1996-12-19T07:12:00.947     48.13   -192.11   -398.38    444.89   4.11  -1.33  -0.00
1996-12-19T07:12:01.280     49.84   -190.66   -400.77    446.60   4.11  -1.33  -0.00
1996-12-19T07:12:01.613     44.78   -192.25   -400.46    446.47   4.11  -1.33  -0.00
1996-12-19T07:12:01.947     47.11   -193.56   -398.59    445.60   4.11  -1.33  -0.00
1996-12-19T07:12:02.280     48.15   -193.74   -399.59    446.68   4.11  -1.33  -0.00
1996-12-19T07:12:02.613     49.10   -193.09   -400.80    447.58   4.11  -1.34  -0.00
1996-12-19T07:12:02.947     47.64   -192.63   -399.55    446.11   4.11  -1.34  -0.00
1996-12-19T07:12:03.280     48.95   -190.82   -399.16    445.13   4.11  -1.34  -0.00
1996-12-19T07:12:03.613     52.10   -192.61   -401.35    448.21   4.11  -1.34  -0.00
1996-12-19T07:12:03.947     47.27   -191.47   -399.26    445.31   4.11  -1.34  -0.00
1996-12-19T07:12:04.280     45.86   -193.93   -400.66    447.49   4.12  -1.34  -0.00
1996-12-19T07:12:04.613     49.58   -192.64   -395.16    442.40   4.12  -1.34  -0.00
1996-12-19T07:12:04.947     45.06   -191.83   -398.25    444.33   4.12  -1.34  -0.00
1996-12-19T07:12:05.280     47.17   -191.36   -399.73    445.67   4.12  -1.34  -0.00
1996-12-19T07:12:05.613     48.90   -190.15   -399.11    444.79   4.12  -1.34  -0.00
1996-12-19T07:12:05.947     51.01   -191.38   -398.81    445.28   4.12  -1.34  -0.00
1996-12-19T07:12:06.280     49.79   -190.95   -397.65    443.92   4.12  -1.34  -0.00
1996-12-19T07:12:06.613     50.22   -191.78   -397.90    444.56   4.12  -1.34  -0.00
1996-12-19T07:12:06.947     47.31   -190.09   -399.89    445.29   4.12  -1.35  -0.00
1996-12-19T07:12:07.280     46.01   -192.76   -398.84    445.36   4.12  -1.35  -0.00
1996-12-19T07:12:07.613     46.78   -193.93   -400.33    447.29   4.12  -1.35  -0.00
1996-12-19T07:12:07.947     47.08   -192.89   -398.23    444.98   4.13  -1.35  -0.00
1996-12-19T07:12:08.280     45.13   -191.23   -400.18    445.81   4.13  -1.35  -0.00
1996-12-19T07:12:08.613     47.16   -191.42   -398.42    444.52   4.13  -1.35  -0.00
1996-12-19T07:12:08.947     45.92   -194.09   -399.13    446.19   4.13  -1.35  -0.00
1996-12-19T07:12:09.280     47.06   -192.65   -398.04    444.71   4.13  -1.35  -0.00
1996-12-19T07:12:09.613     49.43   -192.96   -398.64    445.63   4.13  -1.35  -0.00
1996-12-19T07:12:09.947     49.32   -192.85   -397.78    444.81   4.13  -1.35  -0.00
1996-12-19T07:12:10.280     47.52   -192.86   -398.06    444.86   4.13  -1.35  -0.00
1996-12-19T07:12:10.613     45.40   -192.60   -397.32    443.87   4.13  -1.35  -0.00
1996-12-19T07:12:10.947     47.33   -194.93   -400.33    447.77   4.13  -1.35  -0.00
1996-12-19T07:12:11.280     49.54   -194.20   -402.30    449.46   4.13  -1.35  -0.00
1996-12-19T07:12:11.613     45.25   -193.40   -400.08    446.68   4.14  -1.36  -0.00
1996-12-19T07:12:11.947     49.21   -192.77   -401.23    447.85   4.14  -1.36  -0.00
1996-12-19T07:12:12.280     50.08   -193.55   -398.05    445.43   4.14  -1.36  -0.00
1996-12-19T07:12:12.613     47.36   -192.77   -400.42    446.92   4.14  -1.36  -0.00
1996-12-19T07:12:12.947     50.63   -192.55   -397.42    444.50   4.14  -1.36  -0.00
1996-12-19T07:12:13.280     49.42   -191.71   -399.13    445.53   4.14  -1.36  -0.00
1996-12-19T07:12:13.613     47.23   -194.76   -399.39    446.85   4.14  -1.36  -0.00
1996-12-19T07:12:13.947     44.75   -191.15   -400.13    445.70   4.14  -1.36  -0.00
1996-12-19T07:12:14.280     46.29   -194.15   -397.55    444.84   4.14  -1.36  -0.00
1996-12-19T07:12:14.613     47.94   -192.84   -397.04    443.99   4.14  -1.36  -0.00
1996-12-19T07:12:14.947     45.93   -189.51   -398.47    443.62   4.15  -1.36  -0.00
1996-12-19T07:12:15.280     44.55   -193.18   -399.84    446.29   4.15  -1.36  -0.00
1996-12-19T07:12:15.613     45.41   -192.78   -399.57    445.97   4.15  -1.36  -0.00
1996-12-19T07:12:15.947     46.73   -193.97   -399.41    446.48   4.15  -1.36  -0.00
1996-12-19T07:12:16.280     48.33   -191.83   -399.81    446.07   4.15  -1.37  -0.00
1996-12-19T07:12:16.613     47.16   -192.91   -398.48    445.23   4.15  -1.37  -0.00
1996-12-19T07:12:16.947     47.07   -192.57   -398.62    445.20   4.15  -1.37  -0.00
1996-12-19T07:12:17.280     46.29   -192.64   -399.38    445.83   4.15  -1.37  -0.00
1996-12-19T07:12:17.613     46.39   -193.38   -400.61    447.25   4.15  -1.37  -0.00
1996-12-19T07:12:17.947     46.49   -191.50   -398.20    444.29   4.15  -1.37  -0.00
1996-12-19T07:12:18.280     47.93   -192.56   -395.25    442.26   4.15  -1.37  -0.00
1996-12-19T07:12:18.613     48.56   -194.76   -399.30    446.91   4.16  -1.37  -0.00
1996-12-19T07:12:18.947     48.59   -191.08   -398.30    444.42   4.16  -1.37  -0.00
1996-12-19T07:12:19.280     47.80   -193.52   -401.50    448.26   4.16  -1.37  -0.00
1996-12-19T07:12:19.613     46.26   -192.52   -401.01    447.23   4.16  -1.37  -0.00
1996-12-19T07:12:19.947     48.19   -192.11   -399.20    445.63   4.16  -1.37  -0.00
1996-12-19T07:12:20.280     50.11   -190.89   -397.89    444.15   4.16  -1.37  -0.00
1996-12-19T07:12:20.613     47.15   -190.86   -400.69    446.32   4.16  -1.38  -0.00
1996-12-19T07:12:20.947     47.55   -195.20   -398.93    446.66   4.16  -1.38  -0.00
1996-12-19T07:12:21.280     47.26   -191.55   -397.94    444.17   4.16  -1.38  -0.00
1996-12-19T07:12:21.613     47.00   -192.78   -402.33    448.60   4.16  -1.38  -0.00
1996-12-19T07:12:21.947     48.34   -192.95   -396.37    443.48   4.16  -1.38  -0.00
1996-12-19T07:12:22.280     49.31   -192.17   -398.60    445.24   4.17  -1.38  -0.00
1996-12-19T07:12:22.613     49.41   -189.83   -399.47    445.03   4.17  -1.38  -0.00
1996-12-19T07:12:22.947     48.40   -193.63   -399.13    446.25   4.17  -1.38  -0.00
1996-12-19T07:12:23.280     46.73   -190.89   -399.84    445.53   4.17  -1.38  -0.00
1996-12-19T07:12:23.613     49.67   -194.65   -400.65    448.19   4.17  -1.38  -0.00
1996-12-19T07:12:23.947     46.19   -193.99   -401.11    447.95   4.17  -1.38  -0.00
1996-12-19T07:12:24.280     47.33   -191.72   -401.05    447.03   4.17  -1.38  -0.00
1996-12-19T07:12:24.613     48.91   -190.01   -399.99    445.52   4.17  -1.38  -0.00
1996-12-19T07:12:24.947     50.96   -191.19   -399.80    446.08   4.17  -1.38  -0.00
1996-12-19T07:12:25.280     48.99   -191.84   -399.30    445.69   4.17  -1.39  -0.00
1996-12-19T07:12:25.613     48.10   -191.43   -399.14    445.27   4.17  -1.39  -0.00
1996-12-19T07:12:25.947     46.29   -192.76   -398.67    445.24   4.18  -1.39  -0.00
1996-12-19T07:12:26.280     47.84   -191.95   -398.14    444.58   4.18  -1.39  -0.00
1996-12-19T07:12:26.613     45.44   -192.50   -400.70    446.86   4.18  -1.39  -0.00
1996-12-19T07:12:26.947     47.48   -190.60   -396.38    442.38   4.18  -1.39  -0.00
1996-12-19T07:12:27.280     42.75   -193.18   -397.30    443.83   4.18  -1.39  -0.00
1996-12-19T07:12:27.613     47.07   -190.99   -398.75    444.63   4.18  -1.39  -0.00
1996-12-19T07:12:27.947     47.11   -192.01   -400.08    446.26   4.18  -1.39  -0.00
1996-12-19T07:12:28.280     50.51   -191.58   -398.76    445.27   4.18  -1.39  -0.00
1996-12-19T07:12:28.613     50.63   -191.33   -397.97    444.47   4.18  -1.39  -0.00
1996-12-19T07:12:28.947     49.43   -193.18   -398.65    445.74   4.18  -1.39  -0.00
1996-12-19T07:12:29.280     48.05   -192.81   -398.39    445.20   4.19  -1.39  -0.00
1996-12-19T07:12:29.613     47.08   -192.45   -399.95    446.33   4.19  -1.39  -0.00
1996-12-19T07:12:29.947     45.98   -192.23   -402.07    448.03   4.19  -1.40  -0.00
1996-12-19T07:12:30.280     49.20   -193.21   -398.86    445.92   4.19  -1.40  -0.00
1996-12-19T07:12:30.613     46.20   -193.67   -397.67    444.73   4.19  -1.40  -0.00
1996-12-19T07:12:30.947     49.55   -191.91   -399.62    446.07   4.19  -1.40  -0.00
1996-12-19T07:12:31.280     50.04   -193.16   -397.57    444.83   4.19  -1.40  -0.00
1996-12-19T07:12:31.613     47.31   -192.54   -398.88    445.44   4.19  -1.40  -0.00
1996-12-19T07:12:31.947     50.05   -191.70   -397.89    444.49   4.19  -1.40  -0.00
1996-12-19T07:12:32.280     48.60   -192.90   -399.11    445.94   4.19  -1.40  -0.00
1996-12-19T07:12:32.613     47.44   -192.47   -398.57    445.15   4.19  -1.40  -0.00
1996-12-19T07:12:32.947     43.04   -193.40   -401.09    447.36   4.20  -1.40  -0.00
1996-12-19T07:12:33.280     49.51   -191.37   -400.46    446.59   4.20  -1.40  -0.00
1996-12-19T07:12:33.613     48.49   -193.15   -400.87    447.61   4.20  -1.40  -0.00
1996-12-19T07:12:33.947     45.83   -188.94   -399.55    444.34   4.20  -1.40  -0.00
1996-12-19T07:12:34.280     44.77   -194.74   -398.26    445.58   4.20  -1.41  -0.00
1996-12-19T07:12:34.613     47.21   -191.23   -399.48    445.40   4.20  -1.41  -0.00
1996-12-19T07:12:34.947     46.87   -191.47   -398.38    444.48   4.20  -1.41  -0.00
1996-12-19T07:12:35.280     47.60   -194.13   -399.85    447.02   4.20  -1.41  -0.00
1996-12-19T07:12:35.613     47.38   -191.53   -399.99    446.01   4.20  -1.41  -0.00
1996-12-19T07:12:35.947     47.23   -194.31   -400.34    447.50   4.20  -1.41  -0.00
1996-12-19T07:12:36.280     46.16   -192.35   -400.08    446.31   4.20  -1.41  -0.00
1996-12-19T07:12:36.613     46.54   -194.38   -399.75    446.93   4.21  -1.41  -0.00
1996-12-19T07:12:36.947     47.26   -193.40   -398.95    445.87   4.21  -1.41  -0.00
1996-12-19T07:12:37.280     47.51   -190.76   -396.93    442.94   4.21  -1.41  -0.00
1996-12-19T07:12:37.613     48.93   -193.60   -397.24    444.61   4.21  -1.41  -0.00
1996-12-19T07:12:37.947     47.52   -191.72   -401.81    447.73   4.21  -1.41  -0.00
1996-12-19T07:12:38.280     49.16   -192.48   -401.01    447.52   4.21  -1.41  -0.00
1996-12-19T07:12:38.613     45.68   -192.00   -400.02    446.06   4.21  -1.41  -0.00
1996-12-19T07:12:38.947     48.86   -195.01   -397.56    445.50   4.21  -1.42  -0.00
1996-12-19T07:12:39.280     50.38   -192.67   -400.47    447.25   4.21  -1.42  -0.00
1996-12-19T07:12:39.613     50.75   -192.82   -398.70    445.77   4.21  -1.42  -0.00
1996-12-19T07:12:39.947     45.57   -193.42   -400.81    447.37   4.21  -1.42  -0.00
1996-12-19T07:12:40.280     45.11   -191.10   -398.34    444.10   4.22  -1.42  -0.00
1996-12-19T07:12:40.613     49.31   -193.45   -400.64    447.62   4.22  -1.42  -0.00
1996-12-19T07:12:40.947     46.61   -192.25   -399.72    445.99   4.22  -1.42  -0.00
1996-12-19T07:12:41.280     49.38   -192.27   -399.13    445.77   4.22  -1.42  -0.00
1996-12-19T07:12:41.613     47.72   -193.27   -398.71    445.64   4.22  -1.42  -0.00
1996-12-19T07:12:41.947     46.91   -193.66   -399.43    446.38   4.22  -1.42  -0.00
1996-12-19T07:12:42.280     46.84   -193.22   -401.49    448.02   4.22  -1.42  -0.00
1996-12-19T07:12:42.613     48.24   -190.84   -399.59    445.44   4.22  -1.42  -0.00
1996-12-19T07:12:42.947     46.74   -191.98   -399.53    445.71   4.22  -1.42  -0.00
1996-12-19T07:12:43.280     47.32   -191.74   -399.31    445.48   4.22  -1.42  -0.00
1996-12-19T07:12:43.613     49.39   -191.87   -399.97    446.36   4.23  -1.43  -0.00
1996-12-19T07:12:43.947     51.21   -191.83   -400.49    447.01   4.23  -1.43  -0.00
1996-12-19T07:12:44.280     49.28   -192.78   -398.67    445.57   4.23  -1.43  -0.00
1996-12-19T07:12:44.613     47.09   -193.62   -397.73    444.85   4.23  -1.43  -0.00
1996-12-19T07:12:44.947     44.21   -192.02   -400.07    445.96   4.23  -1.43  -0.00
1996-12-19T07:12:45.280     48.02   -192.27   -398.86    445.38   4.23  -1.43  -0.00
1996-12-19T07:12:45.613     43.56   -195.35   -401.07    448.24   4.23  -1.43  -0.00
1996-12-19T07:12:45.947     46.78   -193.67   -399.10    446.07   4.23  -1.43  -0.00
1996-12-19T07:12:46.280     46.03   -191.23   -398.19    444.12   4.23  -1.43  -0.00
1996-12-19T07:12:46.613     47.44   -192.81   -398.63    445.35   4.23  -1.43  -0.00
1996-12-19T07:12:46.947     48.03   -194.20   -399.71    446.97   4.23  -1.43  -0.00
1996-12-19T07:12:47.280     47.20   -192.66   -400.03    446.51   4.24  -1.43  -0.00
1996-12-19T07:12:47.613     51.90   -195.81   -397.52    446.16   4.24  -1.43  -0.00
1996-12-19T07:12:47.947     49.28   -193.41   -396.73    444.10   4.24  -1.44  -0.00
1996-12-19T07:12:48.280     47.94   -192.73   -398.06    444.85   4.24  -1.44  -0.00
1996-12-19T07:12:48.613     45.23   -191.27   -399.22    444.98   4.24  -1.44  -0.00
1996-12-19T07:12:48.947     45.90   -193.61   -398.74    445.63   4.24  -1.44  -0.00
1996-12-19T07:12:49.280     48.25   -193.87   -400.67    447.72   4.24  -1.44  -0.00
1996-12-19T07:12:49.613     45.15   -193.93   -398.55    445.52   4.24  -1.44  -0.00
1996-12-19T07:12:49.947     46.20   -194.01   -400.10    447.05   4.24  -1.44  -0.00
1996-12-19T07:12:50.280     48.95   -193.31   -398.66    445.76   4.24  -1.44  -0.00
1996-12-19T07:12:50.613     47.09   -191.22   -402.32    447.93   4.24  -1.44  -0.00
1996-12-19T07:12:50.947     44.51   -193.27   -397.91    444.59   4.25  -1.44  -0.00
1996-12-19T07:12:51.280     47.98   -193.29   -398.82    445.78   4.25  -1.44  -0.00
1996-12-19T07:12:51.613     47.16   -195.19   -399.09    446.76   4.25  -1.44  -0.00
1996-12-19T07:12:51.947     44.80   -192.66   -398.09    444.53   4.25  -1.44  -0.00
1996-12-19T07:12:52.280     49.51   -192.41   -402.56    448.92   4.25  -1.44  -0.00
1996-12-19T07:12:52.613     48.41   -193.60   -399.62    446.68   4.25  -1.45  -0.00
1996-12-19T07:12:52.947     46.09   -191.66   -398.19    444.31   4.25  -1.45  -0.00
1996-12-19T07:12:53.280     44.42   -193.12   -400.15    446.53   4.25  -1.45  -0.00
1996-12-19T07:12:53.613     46.41   -193.69   -401.33    448.03   4.25  -1.45  -0.00
1996-12-19T07:12:53.947     47.68   -193.92   -397.65    444.98   4.25  -1.45  -0.00
1996-12-19T07:12:54.280     46.52   -193.56   -397.80    444.83   4.25  -1.45  -0.00
1996-12-19T07:12:54.613     47.38   -191.84   -400.65    446.73   4.26  -1.45  -0.00
1996-12-19T07:12:54.947     47.24   -194.41   -400.05    447.29   4.26  -1.45  -0.00
1996-12-19T07:12:55.280     46.40   -193.66   -398.74    445.70   4.26  -1.45  -0.00
1996-12-19T07:12:55.613     46.21   -192.56   -400.56    446.84   4.26  -1.45  -0.00
1996-12-19T07:12:55.947     47.03   -192.05   -399.51    445.76   4.26  -1.45  -0.00
1996-12-19T07:12:56.280     47.79   -192.29   -397.49    444.13   4.26  -1.45  -0.00
1996-12-19T07:12:56.613     48.64   -192.09   -398.29    444.86   4.26  -1.45  -0.00
1996-12-19T07:12:56.947     47.38   -192.78   -399.39    446.00   4.26  -1.45  -0.00
1996-12-19T07:12:57.280     44.99   -194.01   -399.59    446.47   4.26  -1.46  -0.00
1996-12-19T07:12:57.613     45.81   -192.41   -400.89    447.03   4.26  -1.46  -0.00
1996-12-19T07:12:57.947     48.45   -192.53   -396.76    443.66   4.27  -1.46  -0.00
1996-12-19T07:12:58.280     49.01   -192.89   -400.22    446.97   4.27  -1.46  -0.00
1996-12-19T07:12:58.613     45.29   -193.55   -400.72    447.31   4.27  -1.46  -0.00
1996-12-19T07:12:58.947     45.57   -192.96   -400.57    446.95   4.27  -1.46  -0.00
1996-12-19T07:12:59.280     47.54   -192.33   -398.97    445.46   4.27  -1.46  -0.00
1996-12-19T07:12:59.613     47.13   -192.60   -400.69    447.06   4.27  -1.46  -0.00
1996-12-19T07:12:59.947     47.71   -192.07   -399.01    445.39   4.27  -1.46  -0.00
1996-12-19T07:13:00.280     49.01   -190.41   -399.98    445.69   4.27  -1.46  -0.00
1996-12-19T07:13:00.613     47.15   -192.81   -400.59    447.07   4.27  -1.46  -0.00
1996-12-19T07:13:00.947     46.66   -192.45   -399.49    445.88   4.27  -1.46  -0.00
1996-12-19T07:13:01.280     44.95   -191.75   -398.11    444.16   4.27  -1.46  -0.00
1996-12-19T07:13:01.613     49.65   -194.29   -400.15    447.58   4.28  -1.47  -0.00
1996-12-19T07:13:01.947     46.85   -190.24   -398.31    443.89   4.28  -1.47  -0.00
1996-12-19T07:13:02.280     47.45   -192.20   -398.55    445.01   4.28  -1.47  -0.00
1996-12-19T07:13:02.613     49.63   -192.61   -401.62    448.17   4.28  -1.47  -0.00
1996-12-19T07:13:02.947     51.24   -192.17   -399.46    446.23   4.28  -1.47  -0.00
1996-12-19T07:13:03.280     53.09   -193.72   -398.49    446.26   4.28  -1.47  -0.00
1996-12-19T07:13:03.613     48.99   -190.36   -400.31    445.97   4.28  -1.47  -0.00
1996-12-19T07:13:03.947     50.27   -192.02   -398.10    444.84   4.28  -1.47  -0.00
1996-12-19T07:13:04.280     47.68   -191.06   -398.93    444.89   4.28  -1.47  -0.00
1996-12-19T07:13:04.613     46.24   -191.45   -401.54    447.25   4.28  -1.47  -0.00
1996-12-19T07:13:04.947     48.31   -194.35   -398.04    445.58   4.28  -1.47  -0.00
1996-12-19T07:13:05.280     46.48   -193.80   -398.56    445.61   4.29  -1.47  -0.00
1996-12-19T07:13:05.613     46.12   -194.23   -399.27    446.40   4.29  -1.47  -0.00
1996-12-19T07:13:05.947     44.61   -192.92   -399.96    446.29   4.29  -1.47  -0.00
1996-12-19T07:13:06.280     46.65   -191.37   -396.94    443.13   4.29  -1.48  -0.00
1996-12-19T07:13:06.613     51.58   -194.37   -397.99    445.91   4.29  -1.48  -0.00
1996-12-19T07:13:06.947     49.64   -194.83   -399.45    447.19   4.29  -1.48  -0.00
1996-12-19T07:13:07.280     47.59   -194.15   -397.85    445.24   4.29  -1.48  -0.00
1996-12-19T07:13:07.613     46.89   -192.32   -399.55    445.90   4.29  -1.48  -0.00
1996-12-19T07:13:07.947     45.74   -195.31   -400.79    448.19   4.29  -1.48  -0.00
1996-12-19T07:13:08.280     47.07   -194.47   -396.39    444.03   4.29  -1.48  -0.00
1996-12-19T07:13:08.613     43.27   -194.62   -400.57    447.44   4.29  -1.48  -0.00
1996-12-19T07:13:08.947     47.47   -193.03   -398.49    445.32   4.30  -1.48  -0.00
1996-12-19T07:13:09.280     49.84   -192.88   -397.54    444.66   4.30  -1.48  -0.00
1996-12-19T07:13:09.613     47.27   -192.98   -400.37    446.96   4.30  -1.48  -0.00
1996-12-19T07:13:09.947     49.04   -192.59   -399.01    445.76   4.30  -1.48  -0.00
1996-12-19T07:13:10.280     49.40   -192.27   -399.77    446.34   4.30  -1.48  -0.00
1996-12-19T07:13:10.613     45.87   -192.91   -400.83    447.19   4.30  -1.48  -0.00
1996-12-19T07:13:10.947     47.14   -194.88   -399.55    447.04   4.30  -1.49  -0.00
1996-12-19T07:13:11.280     49.62   -193.21   -399.79    446.79   4.30  -1.49  -0.00
1996-12-19T07:13:11.613     48.32   -192.78   -397.10    444.05   4.30  -1.49  -0.00
1996-12-19T07:13:11.947     46.23   -192.75   -399.25    445.74   4.30  -1.49  -0.00
1996-12-19T07:13:12.280     44.52   -193.78   -399.66    446.38   4.31  -1.49  -0.00
1996-12-19T07:13:12.613     45.89   -193.33   -398.77    445.54   4.31  -1.49  -0.00
1996-12-19T07:13:12.947     48.25   -195.05   -401.88    449.31   4.31  -1.49  -0.00
1996-12-19T07:13:13.280     48.53   -193.52   -398.41    445.58   4.31  -1.49  -0.00
1996-12-19T07:13:13.613     47.26   -193.61   -396.76    444.00   4.31  -1.49  -0.00
1996-12-19T07:13:13.947     47.03   -192.91   -399.67    446.27   4.31  -1.49  -0.00
1996-12-19T07:13:14.280     46.88   -192.90   -396.76    443.65   4.31  -1.49  -0.00
1996-12-19T07:13:14.613     46.87   -192.89   -398.31    445.03   4.31  -1.49  -0.00
1996-12-19T07:13:14.947     46.82   -193.56   -398.26    445.28   4.31  -1.49  -0.00
1996-12-19T07:13:15.280     47.92   -193.21   -398.20    445.19   4.31  -1.50  -0.00
1996-12-19T07:13:15.613     47.67   -195.30   -399.01    446.79   4.31  -1.50  -0.00
1996-12-19T07:13:15.947     47.97   -190.71   -399.81    445.55   4.32  -1.50  -0.00
1996-12-19T07:13:16.280     47.24   -194.91   -398.45    446.08   4.32  -1.50  -0.00
1996-12-19T07:13:16.613     46.60   -193.68   -400.00    446.86   4.32  -1.50  -0.00
1996-12-19T07:13:16.947     48.54   -193.21   -398.04    445.11   4.32  -1.50  -0.00
1996-12-19T07:13:17.280     50.61   -192.75   -397.42    444.58   4.32  -1.50  -0.00
1996-12-19T07:13:17.613     46.88   -193.58   -398.43    445.44   4.32  -1.50  -0.00
1996-12-19T07:13:17.947     43.91   -192.28   -398.10    444.28   4.32  -1.50  -0.00
1996-12-19T07:13:18.280     46.49   -192.62   -401.15    447.42   4.32  -1.50  -0.00
1996-12-19T07:13:18.613     46.94   -193.97   -400.07    447.08   4.32  -1.50  -0.00
1996-12-19T07:13:18.947     48.10   -195.97   -400.08    448.09   4.32  -1.50  -0.00
1996-12-19T07:13:19.280     50.07   -194.87   -400.72    448.39   4.32  -1.50  -0.00
1996-12-19T07:13:19.613     50.15   -194.49   -401.58    449.01   4.33  -1.50  -0.00
1996-12-19T07:13:19.947     46.95   -193.55   -399.50    446.39   4.33  -1.51  -0.00
1996-12-19T07:13:20.280     49.40   -192.87   -398.76    445.70   4.33  -1.51  -0.00
1996-12-19T07:13:20.613     48.81   -194.97   -400.22    447.86   4.33  -1.51  -0.00
1996-12-19T07:13:20.947     52.48   -193.95   -399.61    447.28   4.33  -1.51  -0.00
1996-12-19T07:13:21.280     48.01   -194.39   -398.39    445.87   4.33  -1.51  -0.00
1996-12-19T07:13:21.613     50.53   -196.66   -397.18    446.08   4.33  -1.51  -0.00
1996-12-19T07:13:21.947     51.51   -193.24   -398.17    445.57   4.33  -1.51  -0.00
1996-12-19T07:13:22.280     49.16   -194.00   -400.49    447.71   4.33  -1.51  -0.00
1996-12-19T07:13:22.613     47.99   -192.63   -399.60    446.19   4.33  -1.51  -0.00
1996-12-19T07:13:22.947     45.79   -194.40   -400.06    447.14   4.33  -1.51  -0.00
1996-12-19T07:13:23.280     50.50   -194.92   -395.81    444.09   4.34  -1.51  -0.00
1996-12-19T07:13:23.613     47.06   -195.34   -399.62    447.29   4.34  -1.51  -0.00
1996-12-19T07:13:23.947     47.19   -193.73   -397.40    444.61   4.34  -1.51  -0.00
1996-12-19T07:13:24.280     46.15   -194.36   -398.58    445.84   4.34  -1.51  -0.00
1996-12-19T07:13:24.613     45.85   -195.52   -398.28    446.05   4.34  -1.52  -0.00
1996-12-19T07:13:24.947     47.99   -194.24   -399.96    447.22   4.34  -1.52  -0.00
1996-12-19T07:13:25.280     50.69   -195.12   -400.33    448.22   4.34  -1.52  -0.00
1996-12-19T07:13:25.613     51.56   -193.99   -398.50    446.20   4.34  -1.52  -0.00
1996-12-19T07:13:25.947     49.70   -195.05   -399.62    447.45   4.34  -1.52  -0.00
1996-12-19T07:13:26.280     47.64   -194.68   -397.22    444.92   4.34  -1.52  -0.00
1996-12-19T07:13:26.613     45.90   -195.55   -399.81    447.43   4.35  -1.52  -0.00
1996-12-19T07:13:26.947     45.60   -197.79   -400.51    449.01   4.35  -1.52  -0.00
1996-12-19T07:13:27.280     47.99   -193.13   -398.68    445.59   4.35  -1.52  -0.00
1996-12-19T07:13:27.613     46.70   -195.00   -397.68    445.37   4.35  -1.52  -0.00
1996-12-19T07:13:27.947     45.59   -190.87   -399.62    445.20   4.35  -1.52  -0.00
1996-12-19T07:13:28.280     49.74   -193.35   -395.41    442.95   4.35  -1.52  -0.00
1996-12-19T07:13:28.613     47.66   -196.56   -399.74    448.00   4.35  -1.52  -0.00
1996-12-19T07:13:28.947     44.63   -194.41   -399.92    446.90   4.35  -1.53  -0.00
1996-12-19T07:13:29.280     48.10   -194.91   -399.51    447.12   4.35  -1.53  -0.00
1996-12-19T07:13:29.613     44.03   -195.52   -398.96    446.47   4.35  -1.53  -0.00
1996-12-19T07:13:29.947     44.97   -194.77   -398.57    445.89   4.35  -1.53  -0.00
1996-12-19T07:13:30.280     47.73   -191.51   -399.73    445.80   4.36  -1.53  -0.00
1996-12-19T07:13:30.613     48.44   -194.73   -398.28    445.97   4.36  -1.53  -0.00
1996-12-19T07:13:30.947     45.79   -193.93   -397.96    445.05   4.36  -1.53  -0.00
1996-12-19T07:13:31.280     43.97   -194.04   -398.64    445.53   4.36  -1.53  -0.00
1996-12-19T07:13:31.613     47.90   -193.59   -397.86    445.04   4.36  -1.53  -0.00
1996-12-19T07:13:31.947     48.55   -193.52   -398.88    446.00   4.36  -1.53  -0.00
1996-12-19T07:13:32.280     48.39   -193.32   -399.62    446.56   4.36  -1.53  -0.00
1996-12-19T07:13:32.613     47.85   -195.24   -399.01    446.79   4.36  -1.53  -0.00
1996-12-19T07:13:32.947     47.28   -194.64   -398.30    445.83   4.36  -1.53  -0.00
1996-12-19T07:13:33.280     46.34   -193.38   -398.83    445.66   4.36  -1.53  -0.00
1996-12-19T07:13:33.613     46.07   -191.93   -401.02    446.96   4.36  -1.54  -0.00
1996-12-19T07:13:33.947     46.50   -194.89   -399.18    446.64   4.37  -1.54  -0.00
1996-12-19T07:13:34.280     48.19   -194.51   -397.30    444.98   4.37  -1.54  -0.00
1996-12-19T07:13:34.613     47.16   -195.29   -398.97    446.70   4.37  -1.54  -0.00
1996-12-19T07:13:34.947     48.22   -194.19   -398.09    445.55   4.37  -1.54  -0.00
1996-12-19T07:13:35.280     46.26   -194.82   -397.52    445.10   4.37  -1.54  -0.00
1996-12-19T07:13:35.613     47.30   -196.70   -398.98    447.34   4.37  -1.54  -0.00
1996-12-19T07:13:35.947     48.70   -193.82   -398.60    445.89   4.37  -1.54  -0.00
1996-12-19T07:13:36.280     49.28   -195.87   -398.17    446.46   4.37  -1.54  -0.00
1996-12-19T07:13:36.613     47.50   -191.22   -398.83    444.84   4.37  -1.54  -0.00
1996-12-19T07:13:36.947     42.78   -196.21   -400.71    448.22   4.37  -1.54  -0.00
1996-12-19T07:13:37.280     48.30   -192.77   -397.55    444.45   4.37  -1.54  -0.00
1996-12-19T07:13:37.613     48.13   -194.11   -400.76    447.89   4.38  -1.54  -0.00
1996-12-19T07:13:37.947     46.86   -192.28   -399.35    445.70   4.38  -1.54  -0.00
1996-12-19T07:13:38.280     50.34   -195.34   -399.47    447.51   4.38  -1.55  -0.00
1996-12-19T07:13:38.613     46.39   -193.47   -400.75    447.42   4.38  -1.55  -0.00
1996-12-19T07:13:38.947     44.94   -195.52   -399.55    447.09   4.38  -1.55  -0.00
1996-12-19T07:13:39.280     48.12   -195.69   -399.04    447.04   4.38  -1.55  -0.00
1996-12-19T07:13:39.613     46.22   -196.79   -397.86    446.26   4.38  -1.55  -0.00
1996-12-19T07:13:39.947     49.90   -195.95   -395.44    444.14   4.38  -1.55  -0.00
1996-12-19T07:13:40.280     48.30   -195.15   -398.24    446.11   4.38  -1.55  -0.00
1996-12-19T07:13:40.613     50.19   -194.67   -398.86    446.65   4.38  -1.55  -0.00
1996-12-19T07:13:40.947     49.85   -194.62   -399.24    446.95   4.39  -1.55  -0.00
1996-12-19T07:13:41.280     47.03   -193.84   -399.54    446.57   4.39  -1.55  -0.00
1996-12-19T07:13:41.613     49.70   -193.61   -397.29    444.74   4.39  -1.55  -0.00
1996-12-19T07:13:41.947     48.08   -195.24   -399.70    447.43   4.39  -1.55  -0.00
1996-12-19T07:13:42.280     46.36   -193.67   -400.58    447.35   4.39  -1.55  -0.00
1996-12-19T07:13:42.613     45.54   -195.69   -398.97    446.71   4.39  -1.56  -0.00
1996-12-19T07:13:42.947     46.53   -195.29   -398.51    446.22   4.39  -1.56  -0.00
1996-12-19T07:13:43.280     46.62   -194.50   -398.07    445.50   4.39  -1.56  -0.00
1996-12-19T07:13:43.613     45.04   -196.40   -399.49    447.43   4.39  -1.56  -0.00
1996-12-19T07:13:43.947     48.72   -194.62   -395.09    443.11   4.39  -1.56  -0.00
1996-12-19T07:13:44.280     47.87   -195.20   -397.40    445.34   4.39  -1.56  -0.00
1996-12-19T07:13:44.613     47.99   -194.67   -398.36    445.97   4.40  -1.56  -0.00
1996-12-19T07:13:44.947     49.64   -194.94   -400.38    448.07   4.40  -1.56  -0.00
1996-12-19T07:13:45.280     47.86   -195.99   -398.54    446.69   4.40  -1.56  -0.00
1996-12-19T07:13:45.613     46.57   -197.85   -397.92    446.83   4.40  -1.56  -0.00
1996-12-19T07:13:45.947     47.62   -195.60   -399.60    447.44   4.40  -1.56  -0.00
1996-12-19T07:13:46.280     46.51   -193.40   -401.22    447.82   4.40  -1.56  -0.00
1996-12-19T07:13:46.613     46.73   -195.47   -398.85    446.62   4.40  -1.56  -0.00
1996-12-19T07:13:46.947     44.18   -195.48   -400.34    447.70   4.40  -1.56  -0.00
1996-12-19T07:13:47.280     48.92   -194.54   -398.17    445.84   4.40  -1.57  -0.00
1996-12-19T07:13:47.613     47.47   -195.68   -400.22    448.02   4.40  -1.57  -0.00
1996-12-19T07:13:47.947     46.30   -195.71   -401.06    448.66   4.40  -1.57  -0.00
1996-12-19T07:13:48.280     48.36   -193.58   -398.57    445.72   4.41  -1.57  -0.00
1996-12-19T07:13:48.613     47.65   -196.13   -399.68    447.75   4.41  -1.57  -0.00
1996-12-19T07:13:48.947     46.56   -195.53   -398.10    445.97   4.41  -1.57  -0.00
1996-12-19T07:13:49.280     48.68   -194.82   -397.67    445.49   4.41  -1.57  -0.00
1996-12-19T07:13:49.613     48.37   -193.99   -398.26    445.62   4.41  -1.57  -0.00
1996-12-19T07:13:49.947     46.37   -194.40   -398.93    446.19   4.41  -1.57  -0.00
1996-12-19T07:13:50.280     44.07   -194.62   -398.23    445.43   4.41  -1.57  -0.00
1996-12-19T07:13:50.613     44.50   -194.95   -401.17    448.24   4.41  -1.57  -0.00
1996-12-19T07:13:50.947     43.49   -193.78   -400.31    446.86   4.41  -1.57  -0.00
1996-12-19T07:13:51.280     45.93   -193.34   -398.66    445.44   4.41  -1.57  -0.00
1996-12-19T07:13:51.613     47.64   -193.57   -400.16    447.06   4.41  -1.57  -0.00
1996-12-19T07:13:51.947     47.47   -195.54   -398.80    446.69   4.42  -1.58  -0.00
1996-12-19T07:13:52.280     46.36   -196.44   -399.54    447.63   4.42  -1.58   0.00
1996-12-19T07:13:52.613     47.03   -196.71   -399.25    447.56   4.42  -1.58   0.00
1996-12-19T07:13:52.947     45.90   -196.80   -398.94    447.20   4.42  -1.58   0.00
1996-12-19T07:13:53.280     46.83   -195.41   -399.08    446.81   4.42  -1.58   0.00
1996-12-19T07:13:53.613     47.57   -197.30   -400.37    448.87   4.42  -1.58   0.00
1996-12-19T07:13:53.947     48.60   -193.57   -400.65    447.61   4.42  -1.58   0.00
1996-12-19T07:13:54.280     45.03   -196.05   -398.31    446.22   4.42  -1.58   0.00
1996-12-19T07:13:54.613     47.42   -196.81   -398.86    447.30   4.42  -1.58   0.00
1996-12-19T07:13:54.947     49.17   -195.78   -399.38    447.49   4.42  -1.58   0.00
1996-12-19T07:13:55.280     47.85   -196.12   -397.97    446.25   4.43  -1.58   0.00
1996-12-19T07:13:55.613     45.53   -196.25   -399.27    447.21   4.43  -1.58   0.00
1996-12-19T07:13:55.947     46.97   -198.14   -397.11    446.27   4.43  -1.58   0.00
1996-12-19T07:13:56.280     48.36   -195.36   -399.53    447.36   4.43  -1.58   0.00
1996-12-19T07:13:56.613     47.96   -195.35   -399.08    446.91   4.43  -1.59   0.00
1996-12-19T07:13:56.947     47.54   -195.16   -399.86    447.48   4.43  -1.59   0.00
1996-12-19T07:13:57.280     50.70   -196.77   -399.45    448.16   4.43  -1.59   0.00
1996-12-19T07:13:57.613     46.69   -196.75   -401.51    449.56   4.43  -1.59   0.00
1996-12-19T07:13:57.947     44.36   -197.34   -400.03    448.26   4.43  -1.59   0.00
1996-12-19T07:13:58.280     48.12   -195.50   -402.38    449.94   4.43  -1.59   0.00
1996-12-19T07:13:58.613     47.36   -197.00   -398.88    447.39   4.43  -1.59   0.00
1996-12-19T07:13:58.947     46.07   -194.86   -398.40    445.88   4.44  -1.59   0.00
1996-12-19T07:13:59.280     48.57   -195.84   -401.79    449.61   4.44  -1.59   0.00
1996-12-19T07:13:59.613     51.48   -197.54   -401.42    450.34   4.44  -1.59   0.00
1996-12-19T07:13:59.947     52.20   -195.43   -400.77    448.92   4.44  -1.59   0.00
1996-12-19T07:14:00.280     51.18   -195.90   -399.48    447.86   4.44  -1.59   0.00
1996-12-19T07:14:00.613     46.57   -192.74   -400.81    447.18   4.44  -1.59   0.00
1996-12-19T07:14:00.947     46.22   -196.24   -399.38    447.38   4.44  -1.60   0.00
1996-12-19T07:14:01.280     45.56   -192.63   -399.27    445.64   4.44  -1.60   0.00
1996-12-19T07:14:01.613     46.86   -194.40   -399.32    446.60   4.44  -1.60   0.00
1996-12-19T07:14:01.947     45.64   -195.68   -399.03    446.77   4.44  -1.60   0.00
1996-12-19T07:14:02.280     46.66   -194.52   -398.18    445.60   4.44  -1.60   0.00
1996-12-19T07:14:02.613     43.32   -197.77   -400.18    448.48   4.45  -1.60   0.00
1996-12-19T07:14:02.947     46.83   -193.82   -399.80    446.77   4.45  -1.60   0.00
1996-12-19T07:14:03.280     47.09   -195.83   -398.97    446.92   4.45  -1.60   0.00
1996-12-19T07:14:03.613     49.16   -195.05   -398.88    446.73   4.45  -1.60   0.00
1996-12-19T07:14:03.947     49.79   -195.77   -400.11    448.21   4.45  -1.60   0.00
1996-12-19T07:14:04.280     47.58   -194.90   -396.70    444.55   4.45  -1.60   0.00
1996-12-19T07:14:04.613     46.47   -196.88   -398.39    446.81   4.45  -1.60   0.00
1996-12-19T07:14:04.947     50.29   -196.18   -399.49    447.89   4.45  -1.60   0.00
1996-12-19T07:14:05.280     47.38   -196.86   -397.55    446.14   4.45  -1.60   0.00
1996-12-19T07:14:05.613     47.18   -195.21   -397.85    445.66   4.45  -1.61   0.00
1996-12-19T07:14:05.947     48.26   -196.17   -397.62    446.00   4.45  -1.61   0.00
1996-12-19T07:14:06.280     50.25   -196.06   -399.85    448.16   4.46  -1.61   0.00
1996-12-19T07:14:06.613     47.56   -195.98   -401.18    449.02   4.46  -1.61   0.00
1996-12-19T07:14:06.947     46.87   -196.50   -399.33    447.52   4.46  -1.61   0.00
1996-12-19T07:14:07.280     47.55   -194.82   -401.11    448.45   4.46  -1.61   0.00
1996-12-19T07:14:07.613     46.25   -193.35   -399.90    446.59   4.46  -1.61   0.00
1996-12-19T07:14:07.947     45.17   -196.45   -400.51    448.38   4.46  -1.61   0.00
1996-12-19T07:14:08.280     46.92   -197.11   -398.97    447.47   4.46  -1.61   0.00
1996-12-19T07:14:08.613     48.67   -196.41   -399.55    447.87   4.46  -1.61   0.00
1996-12-19T07:14:08.947     46.61   -196.44   -399.95    448.02   4.46  -1.61   0.00
1996-12-19T07:14:09.280     44.59   -195.18   -398.95    446.36   4.46  -1.61   0.00
1996-12-19T07:14:09.613     46.29   -197.05   -400.21    448.48   4.46  -1.61   0.00
1996-12-19T07:14:09.947     48.19   -194.67   -398.48    446.10   4.47  -1.61   0.00
1996-12-19T07:14:10.280     46.52   -194.52   -400.58    447.73   4.47  -1.62   0.00
1996-12-19T07:14:10.613     46.64   -193.85   -399.71    446.68   4.47  -1.62   0.00
1996-12-19T07:14:10.947     47.17   -194.11   -399.65    446.79   4.47  -1.62   0.00
1996-12-19T07:14:11.280     46.21   -192.76   -399.20    445.70   4.47  -1.62   0.00
1996-12-19T07:14:11.613     46.70   -195.42   -399.91    447.55   4.47  -1.62   0.00
1996-12-19T07:14:11.947     47.56   -195.26   -400.14    447.77   4.47  -1.62   0.00
1996-12-19T07:14:12.280     47.64   -195.06   -401.06    448.52   4.47  -1.62   0.00
1996-12-19T07:14:12.613     45.35   -194.22   -401.46    448.27   4.47  -1.62   0.00
1996-12-19T07:14:12.947     43.90   -195.57   -399.09    446.60   4.47  -1.62   0.00
1996-12-19T07:14:13.280     44.98   -193.93   -401.81    448.43   4.48  -1.62   0.00
1996-12-19T07:14:13.613     46.86   -194.20   -399.93    447.05   4.48  -1.62   0.00
1996-12-19T07:14:13.947     48.72   -195.77   -397.96    446.18   4.48  -1.62   0.00
1996-12-19T07:14:14.280     45.29   -196.44   -400.04    447.96   4.48  -1.62   0.00
1996-12-19T07:14:14.613     45.62   -196.66   -400.28    448.31   4.48  -1.63   0.00
1996-12-19T07:14:14.947     46.52   -196.10   -398.80    446.84   4.48  -1.63   0.00
1996-12-19T07:14:15.280     46.29   -199.28   -398.06    447.55   4.48  -1.63   0.00
1996-12-19T07:14:15.613     46.80   -194.67   -401.34    448.51   4.48  -1.63   0.00
1996-12-19T07:14:15.947     48.32   -197.99   -398.75    447.82   4.48  -1.63   0.00
1996-12-19T07:14:16.280     48.40   -195.45   -400.28    448.07   4.48  -1.63   0.00
1996-12-19T07:14:16.613     46.18   -196.20   -399.87    447.80   4.48  -1.63   0.00
1996-12-19T07:14:16.947     45.31   -194.30   -400.91    447.81   4.49  -1.63   0.00
1996-12-19T07:14:17.280     47.74   -195.72   -398.91    446.89   4.49  -1.63   0.00
1996-12-19T07:14:17.613     44.88   -197.05   -400.91    448.97   4.49  -1.63   0.00
1996-12-19T07:14:17.947     46.16   -194.95   -398.98    446.46   4.49  -1.63   0.00
1996-12-19T07:14:18.280     48.53   -195.57   -399.85    447.75   4.49  -1.63   0.00
1996-12-19T07:14:18.613     50.28   -194.74   -398.54    446.41   4.49  -1.63   0.00
1996-12-19T07:14:18.947     48.88   -196.48   -399.93    448.26   4.49  -1.63   0.00
1996-12-19T07:14:19.280     47.89   -194.60   -400.64    447.97   4.49  -1.64   0.00
1996-12-19T07:14:19.613     45.71   -197.78   -400.23    448.77   4.49  -1.64   0.00
1996-12-19T07:14:19.947     46.60   -195.35   -399.72    447.33   4.49  -1.64   0.00
1996-12-19T07:14:20.280     45.15   -195.70   -397.49    445.35   4.49  -1.64   0.00
1996-12-19T07:14:20.613     47.07   -195.10   -399.94    447.48   4.50  -1.64   0.00
1996-12-19T07:14:20.947     43.49   -194.98   -399.69    446.84   4.50  -1.64   0.00
1996-12-19T07:14:21.280     46.51   -193.76   -398.05    445.14   4.50  -1.64   0.00
1996-12-19T07:14:21.613     45.97   -193.75   -398.33    445.33   4.50  -1.64   0.00
1996-12-19T07:14:21.947     49.79   -196.28   -399.19    447.61   4.50  -1.64   0.00
1996-12-19T07:14:22.280     50.35   -194.26   -399.19    446.79   4.50  -1.64   0.00
1996-12-19T07:14:22.613     50.41   -196.17   -400.13    448.48   4.50  -1.64   0.00
1996-12-19T07:14:22.947     49.43   -194.57   -399.06    446.71   4.50  -1.64   0.00
1996-12-19T07:14:23.280     47.60   -194.24   -400.56    447.71   4.50  -1.64   0.00
1996-12-19T07:14:23.613     45.65   -195.45   -399.09    446.71   4.50  -1.64   0.00
1996-12-19T07:14:23.947     48.39   -194.23   -400.30    447.56   4.50  -1.65   0.00
1996-12-19T07:14:24.280     47.93   -196.87   -400.69    449.00   4.51  -1.65   0.00
1996-12-19T07:14:24.613     46.99   -197.76   -399.75    448.46   4.51  -1.65   0.00
1996-12-19T07:14:24.947     42.57   -195.55   -401.19    448.34   4.51  -1.65   0.00
1996-12-19T07:14:25.280     45.92   -196.08   -397.34    445.46   4.51  -1.65   0.00
1996-12-19T07:14:25.613     47.49   -196.74   -400.29    448.55   4.51  -1.65   0.00
1996-12-19T07:14:25.947     44.58   -195.61   -398.89    446.50   4.51  -1.65   0.00
1996-12-19T07:14:26.280     45.22   -197.44   -399.87    448.25   4.51  -1.65   0.00
1996-12-19T07:14:26.613     45.56   -196.95   -399.91    448.10   4.51  -1.65   0.00
1996-12-19T07:14:26.947     44.38   -195.43   -400.09    447.48   4.51  -1.65   0.00
1996-12-19T07:14:27.280     42.69   -196.76   -398.52    446.49   4.51  -1.65   0.00
1996-12-19T07:14:27.613     43.52   -196.69   -397.60    445.72   4.52  -1.65   0.00
1996-12-19T07:14:27.947     46.70   -197.75   -400.14    448.78   4.52  -1.65   0.00
1996-12-19T07:14:28.280     44.87   -197.54   -398.27    446.82   4.52  -1.66   0.00
1996-12-19T07:14:28.613     43.07   -199.61   -398.49    447.76   4.52  -1.66   0.00
1996-12-19T07:14:28.947     41.73   -195.91   -397.97    445.53   4.52  -1.66   0.00
1996-12-19T07:14:29.280     45.84   -196.76   -399.27    447.47   4.52  -1.66   0.00
1996-12-19T07:14:29.613     44.54   -196.55   -398.67    446.72   4.52  -1.66   0.00
1996-12-19T07:14:29.947     46.22   -197.31   -398.68    447.23   4.52  -1.66   0.00
1996-12-19T07:14:30.280     46.74   -195.29   -397.85    445.65   4.52  -1.66   0.00
1996-12-19T07:14:30.613     47.19   -194.47   -398.22    445.67   4.52  -1.66   0.00
1996-12-19T07:14:30.947     44.04   -195.05   -399.41    446.67   4.52  -1.66   0.00
1996-12-19T07:14:31.280     47.11   -196.53   -397.59    446.01   4.53  -1.66   0.00
1996-12-19T07:14:31.613     45.06   -197.21   -399.72    448.00   4.53  -1.66   0.00
1996-12-19T07:14:31.947     43.60   -195.80   -397.61    445.35   4.53  -1.66   0.00
1996-12-19T07:14:32.280     45.78   -196.69   -397.84    446.16   4.53  -1.66   0.00
1996-12-19T07:14:32.613     47.57   -196.25   -395.04    443.66   4.53  -1.66   0.00
1996-12-19T07:14:32.947     46.16   -195.41   -397.96    445.74   4.53  -1.67   0.00
1996-12-19T07:14:33.280     46.04   -192.14   -398.92    445.17   4.53  -1.67   0.00
1996-12-19T07:14:33.613     45.33   -194.97   -400.92    448.11   4.53  -1.67   0.00
1996-12-19T07:14:33.947     45.84   -194.86   -398.24    445.72   4.53  -1.67   0.00
1996-12-19T07:14:34.280     47.89   -194.89   -399.91    447.44   4.53  -1.67   0.00
1996-12-19T07:14:34.613     48.68   -195.50   -399.06    447.04   4.53  -1.67   0.00
1996-12-19T07:14:34.947     47.56   -194.31   -396.84    444.40   4.54  -1.67   0.00
1996-12-19T07:14:35.280     50.17   -193.82   -398.21    445.70   4.54  -1.67   0.00
1996-12-19T07:14:35.613     48.21   -195.86   -400.55    448.46   4.54  -1.67   0.00
1996-12-19T07:14:35.947     44.86   -196.58   -400.30    448.21   4.54  -1.67   0.00
1996-12-19T07:14:36.280     46.12   -193.16   -400.48    447.01   4.54  -1.67   0.00
1996-12-19T07:14:36.613     46.01   -197.40   -398.05    446.68   4.54  -1.67   0.00
1996-12-19T07:14:36.947     46.44   -195.88   -398.91    446.83   4.54  -1.67   0.00
1996-12-19T07:14:37.280     48.17   -194.02   -400.25    447.40   4.54  -1.67   0.00
1996-12-19T07:14:37.613     50.07   -194.02   -398.53    446.07   4.54  -1.68   0.00
1996-12-19T07:14:37.947     49.49   -193.14   -397.99    445.14   4.54  -1.68   0.00
1996-12-19T07:14:38.280     46.60   -196.37   -398.58    446.77   4.54  -1.68   0.00
1996-12-19T07:14:38.613     44.40   -196.88   -400.12    448.14   4.55  -1.68   0.00
1996-12-19T07:14:38.947     46.62   -195.99   -398.60    446.62   4.55  -1.68   0.00
1996-12-19T07:14:39.280     43.66   -198.01   -399.69    448.18   4.55  -1.68   0.00
1996-12-19T07:14:39.613     46.98   -195.01   -399.91    447.39   4.55  -1.68   0.00
1996-12-19T07:14:39.947     46.94   -194.68   -399.32    446.72   4.55  -1.68   0.00
1996-12-19T07:14:40.280     46.98   -196.82   -396.67    445.30   4.55  -1.68   0.00
1996-12-19T07:14:40.613     45.25   -195.39   -398.91    446.49   4.55  -1.68   0.00
1996-12-19T07:14:40.947     45.60   -196.32   -398.43    446.50   4.55  -1.68   0.00
1996-12-19T07:14:41.280     43.81   -195.41   -398.63    446.11   4.55  -1.68   0.00
1996-12-19T07:14:41.613     48.84   -193.55   -399.92    446.97   4.55  -1.68   0.00
1996-12-19T07:14:41.947     49.52   -195.51   -398.35    446.49   4.56  -1.69   0.00
1996-12-19T07:14:42.280     47.36   -193.70   -398.48    445.59   4.56  -1.69   0.00
1996-12-19T07:14:42.613     45.79   -197.00   -397.57    446.06   4.56  -1.69   0.00
1996-12-19T07:14:42.947     47.21   -196.72   -400.16    448.39   4.56  -1.69   0.00
1996-12-19T07:14:43.280     46.92   -194.57   -398.21    445.68   4.56  -1.69   0.00
1996-12-19T07:14:43.613     46.44   -194.81   -397.41    445.02   4.56  -1.69   0.00
1996-12-19T07:14:43.947     44.36   -198.02   -398.73    447.40   4.56  -1.69   0.00
1996-12-19T07:14:44.280     48.80   -194.89   -397.02    444.96   4.56  -1.69   0.00
1996-12-19T07:14:44.613     47.44   -196.62   -399.28    447.59   4.56  -1.69   0.00
1996-12-19T07:14:44.947     44.29   -193.43   -399.30    445.89   4.56  -1.69   0.00
1996-12-19T07:14:45.280     47.79   -193.84   -399.83    446.90   4.56  -1.69   0.00
1996-12-19T07:14:45.613     47.07   -196.40   -400.78    448.79   4.57  -1.69   0.00
1996-12-19T07:14:45.947     43.64   -197.23   -399.53    447.69   4.57  -1.69   0.00
1996-12-19T07:14:46.280     44.71   -196.65   -398.13    446.29   4.57  -1.69   0.00
1996-12-19T07:14:46.613     47.09   -193.18   -397.70    444.64   4.57  -1.70   0.00
1996-12-19T07:14:46.947     46.14   -193.56   -397.49    444.51   4.57  -1.70   0.00
1996-12-19T07:14:47.280     44.73   -196.57   -398.77    446.83   4.57  -1.70   0.00
1996-12-19T07:14:47.613     44.58   -196.09   -399.92    447.63   4.57  -1.70   0.00
1996-12-19T07:14:47.947     44.77   -196.14   -399.77    447.54   4.57  -1.70   0.00
1996-12-19T07:14:48.280     44.55   -194.86   -398.68    445.98   4.57  -1.70   0.00
1996-12-19T07:14:48.613     48.03   -195.85   -397.27    445.52   4.57  -1.70   0.00
1996-12-19T07:14:48.947     47.38   -195.27   -399.18    446.90   4.57  -1.70   0.00
1996-12-19T07:14:49.280     46.50   -194.49   -400.00    447.20   4.58  -1.70   0.00
1996-12-19T07:14:49.613     47.03   -197.03   -399.55    447.96   4.58  -1.70   0.00
1996-12-19T07:14:49.947     45.35   -196.73   -399.20    447.35   4.58  -1.70   0.00
1996-12-19T07:14:50.280     48.25   -195.15   -400.25    447.89   4.58  -1.70   0.00
1996-12-19T07:14:50.613     45.82   -198.44   -398.16    447.22   4.58  -1.70   0.00
1996-12-19T07:14:50.947     44.51   -198.14   -397.41    446.29   4.58  -1.70   0.00
1996-12-19T07:14:51.280     45.41   -194.94   -397.18    444.76   4.58  -1.71   0.00
1996-12-19T07:14:51.613     46.53   -194.61   -398.42    445.84   4.58  -1.71   0.00
1996-12-19T07:14:51.947     47.04   -197.80   -400.46    449.11   4.58  -1.71   0.00
1996-12-19T07:14:52.280     42.68   -196.09   -401.01    448.42   4.58  -1.71   0.00
1996-12-19T07:14:52.613     44.41   -197.65   -400.04    448.41   4.58  -1.71   0.00
1996-12-19T07:14:52.947     46.65   -196.63   -401.41    449.41   4.59  -1.71   0.00
1996-12-19T07:14:53.280     45.79   -196.99   -399.39    447.68   4.59  -1.71   0.00
1996-12-19T07:14:53.613     45.62   -193.79   -401.71    448.34   4.59  -1.71   0.00
1996-12-19T07:14:53.947     48.10   -197.02   -402.58    450.78   4.59  -1.71   0.00
1996-12-19T07:14:54.280     49.47   -197.40   -400.62    449.34   4.59  -1.71   0.00
1996-12-19T07:14:54.613     45.99   -197.25   -401.51    449.70   4.59  -1.71   0.00
1996-12-19T07:14:54.947     44.09   -197.49   -399.01    447.39   4.59  -1.71   0.00
1996-12-19T07:14:55.280     48.31   -197.69   -399.14    448.02   4.59  -1.71   0.00
1996-12-19T07:14:55.613     45.33   -196.50   -400.97    448.82   4.59  -1.72   0.00
1996-12-19T07:14:55.947     46.50   -196.00   -399.50    447.41   4.59  -1.72   0.00
1996-12-19T07:14:56.280     48.45   -194.94   -401.28    448.75   4.59  -1.72   0.00
1996-12-19T07:14:56.613     49.20   -196.62   -398.86    447.40   4.60  -1.72   0.00
1996-12-19T07:14:56.947     47.15   -195.81   -399.21    447.14   4.60  -1.72   0.00
1996-12-19T07:14:57.280     46.34   -196.72   -400.72    448.80   4.60  -1.72   0.00
1996-12-19T07:14:57.613     41.88   -196.80   -400.34    448.06   4.60  -1.72   0.00
1996-12-19T07:14:57.947     46.33   -194.06   -400.03    447.03   4.60  -1.72   0.00
1996-12-19T07:14:58.280     46.50   -194.28   -399.62    446.77   4.60  -1.72   0.00
1996-12-19T07:14:58.613     47.38   -196.90   -398.68    447.16   4.60  -1.72   0.00
1996-12-19T07:14:58.947     46.07   -195.39   -398.64    446.33   4.60  -1.72   0.00
1996-12-19T07:14:59.280     46.80   -195.18   -398.45    446.15   4.60  -1.72   0.00
1996-12-19T07:14:59.613     44.37   -195.39   -400.84    448.13   4.60  -1.72   0.00
1996-12-19T07:14:59.947     45.81   -196.57   -400.80    448.75   4.61  -1.72   0.00
1996-12-19T07:15:00.280     45.86   -195.64   -397.96    445.82   4.61  -1.73   0.00
1996-12-19T07:15:00.613     45.73   -195.43   -401.97    449.29   4.61  -1.73   0.00
1996-12-19T07:15:00.947     48.83   -194.64   -398.44    446.12   4.61  -1.73   0.00
1996-12-19T07:15:01.280     47.71   -196.10   -398.12    446.35   4.61  -1.73   0.00
1996-12-19T07:15:01.613     45.91   -194.24   -399.38    446.48   4.61  -1.73   0.00
1996-12-19T07:15:01.947     48.30   -194.44   -399.70    447.10   4.61  -1.73   0.00
1996-12-19T07:15:02.280     45.28   -196.60   -400.95    448.84   4.61  -1.73   0.00
1996-12-19T07:15:02.613     46.82   -196.84   -400.40    448.62   4.61  -1.73   0.00
1996-12-19T07:15:02.947     44.15   -196.74   -400.70    448.57   4.61  -1.73   0.00
1996-12-19T07:15:03.280     48.52   -196.96   -398.57    447.22   4.61  -1.73   0.00
1996-12-19T07:15:03.613     46.38   -193.31   -400.42    447.05   4.62  -1.73   0.00
1996-12-19T07:15:03.947     46.82   -194.46   -398.37    445.77   4.62  -1.73   0.00
1996-12-19T07:15:04.280     46.06   -196.69   -402.06    449.95   4.62  -1.73   0.00
1996-12-19T07:15:04.613     45.02   -193.53   -401.07    447.59   4.62  -1.73   0.00
1996-12-19T07:15:04.947     41.21   -195.42   -399.61    446.74   4.62  -1.74   0.00
1996-12-19T07:15:05.280     45.08   -196.53   -398.79    446.86   4.62  -1.74   0.00
1996-12-19T07:15:05.613     46.94   -196.66   -399.20    447.49   4.62  -1.74   0.00
1996-12-19T07:15:05.947     46.24   -195.15   -396.76    444.56   4.62  -1.74   0.00
1996-12-19T07:15:06.280     44.23   -193.80   -398.40    445.24   4.62  -1.74   0.00
1996-12-19T07:15:06.613     44.03   -196.55   -399.03    446.99   4.62  -1.74   0.00
1996-12-19T07:15:06.947     47.69   -195.93   -399.53    447.54   4.62  -1.74   0.00
1996-12-19T07:15:07.280     47.05   -195.33   -399.57    447.24   4.63  -1.74   0.00
1996-12-19T07:15:07.613     46.76   -195.08   -399.08    446.66   4.63  -1.74   0.00
1996-12-19T07:15:07.947     47.40   -195.48   -397.68    445.65   4.63  -1.74   0.00
1996-12-19T07:15:08.280     47.36   -196.73   -399.37    447.70   4.63  -1.74   0.00
1996-12-19T07:15:08.613     47.15   -194.02   -396.46    443.90   4.63  -1.74   0.00
1996-12-19T07:15:08.947     46.63   -195.04   -398.32    445.95   4.63  -1.74   0.00
1996-12-19T07:15:09.280     46.26   -197.64   -398.14    446.90   4.63  -1.75   0.00
1996-12-19T07:15:09.613     47.80   -195.08   -398.31    446.09   4.63  -1.75   0.00
1996-12-19T07:15:09.947     44.25   -196.71   -398.35    446.47   4.63  -1.75   0.00
1996-12-19T07:15:10.280     45.64   -195.89   -398.03    445.96   4.63  -1.75   0.00
1996-12-19T07:15:10.613     47.02   -196.81   -399.96    448.23   4.63  -1.75   0.00
1996-12-19T07:15:10.947     49.41   -195.53   -396.39    444.75   4.64  -1.75   0.00
1996-12-19T07:15:11.280     47.48   -193.75   -399.18    446.25   4.64  -1.75   0.00
1996-12-19T07:15:11.613     43.05   -195.75   -399.63    447.07   4.64  -1.75   0.00
1996-12-19T07:15:11.947     44.90   -194.91   -398.72    446.07   4.64  -1.75   0.00
1996-12-19T07:15:12.280     45.67   -195.84   -398.09    446.00   4.64  -1.75   0.00
1996-12-19T07:15:12.613     46.69   -197.57   -398.75    447.45   4.64  -1.75   0.00
1996-12-19T07:15:12.947     48.17   -196.70   -401.58    449.75   4.64  -1.75   0.00
1996-12-19T07:15:13.280     49.03   -194.98   -398.02    445.91   4.64  -1.75   0.00
1996-12-19T07:15:13.613     46.51   -196.83   -399.27    447.57   4.64  -1.75   0.00
1996-12-19T07:15:13.947     48.48   -196.04   -396.88    445.30   4.64  -1.76   0.00
1996-12-19T07:15:14.280     46.81   -193.41   -399.34    446.18   4.65  -1.76   0.00
1996-12-19T07:15:14.613     48.22   -195.51   -396.54    444.74   4.65  -1.76   0.00
1996-12-19T07:15:14.947     46.50   -195.79   -398.16    446.12   4.65  -1.76   0.00
1996-12-19T07:15:15.280     48.54   -195.52   -396.08    444.37   4.65  -1.76   0.00
1996-12-19T07:15:15.613     50.18   -193.69   -400.74    447.92   4.65  -1.76   0.00
1996-12-19T07:15:15.947     51.83   -193.57   -398.79    446.31   4.65  -1.76   0.00
1996-12-19T07:15:16.280     47.62   -195.80   -398.89    446.90   4.65  -1.76   0.00
1996-12-19T07:15:16.613     45.20   -193.42   -399.33    446.00   4.65  -1.76   0.00
1996-12-19T07:15:16.947     46.76   -196.54   -397.23    445.65   4.65  -1.76   0.00
1996-12-19T07:15:17.280     45.32   -194.27   -397.08    444.38   4.65  -1.76   0.00
1996-12-19T07:15:17.613     47.28   -196.42   -398.89    447.13   4.65  -1.76   0.00
1996-12-19T07:15:17.947     45.40   -197.18   -398.59    447.01   4.66  -1.76   0.00
1996-12-19T07:15:18.280     46.36   -195.78   -398.49    446.40   4.66  -1.76   0.00
1996-12-19T07:15:18.613     46.59   -197.10   -399.03    447.48   4.66  -1.77   0.00
1996-12-19T07:15:18.947     43.90   -195.64   -398.89    446.45   4.66  -1.77   0.00
1996-12-19T07:15:19.280     47.80   -194.70   -399.88    447.32   4.66  -1.77   0.00
1996-12-19T07:15:19.613     49.58   -195.07   -400.29    448.04   4.66  -1.77   0.00
1996-12-19T07:15:19.947     49.60   -195.90   -399.94    448.09   4.66  -1.77   0.00
1996-12-19T07:15:20.280     47.67   -195.91   -399.41    447.41   4.66  -1.77   0.00
1996-12-19T07:15:20.613     45.78   -198.02   -397.14    446.12   4.66  -1.77   0.00
1996-12-19T07:15:20.947     49.90   -198.59   -400.01    449.38   4.66  -1.77   0.00
1996-12-19T07:15:21.280     49.21   -196.04   -401.50    449.50   4.66  -1.77   0.00
1996-12-19T07:15:21.613     46.14   -196.80   -398.75    447.06   4.67  -1.77   0.00
1996-12-19T07:15:21.947     44.15   -197.57   -399.18    447.58   4.67  -1.77   0.00
1996-12-19T07:15:22.280     49.08   -197.14   -400.02    448.66   4.67  -1.77   0.00
1996-12-19T07:15:22.613     47.24   -196.03   -400.72    448.59   4.67  -1.77   0.00
1996-12-19T07:15:22.947     44.56   -196.60   -399.54    447.51   4.67  -1.78   0.00
1996-12-19T07:15:23.280     44.48   -196.82   -399.86    447.89   4.67  -1.78   0.00
1996-12-19T07:15:23.613     47.09   -194.10   -398.81    446.03   4.67  -1.78   0.00
1996-12-19T07:15:23.947     44.59   -194.05   -400.03    446.85   4.67  -1.78   0.00
1996-12-19T07:15:24.280     46.10   -196.48   -399.36    447.46   4.67  -1.78   0.00
1996-12-19T07:15:24.613     47.38   -195.99   -398.23    446.37   4.67  -1.78   0.00
1996-12-19T07:15:24.947     46.44   -196.22   -397.45    445.67   4.67  -1.78   0.00
1996-12-19T07:15:25.280     44.61   -196.03   -400.39    448.03   4.68  -1.78   0.00
1996-12-19T07:15:25.613     42.66   -196.83   -398.86    446.82   4.68  -1.78   0.00
1996-12-19T07:15:25.947     46.13   -198.56   -399.90    448.86   4.68  -1.78   0.00
1996-12-19T07:15:26.280     43.67   -195.50   -397.83    445.42   4.68  -1.78   0.00
1996-12-19T07:15:26.613     46.17   -197.56   -400.69    449.13   4.68  -1.78   0.00
1996-12-19T07:15:26.947     47.53   -195.61   -397.41    445.49   4.68  -1.78   0.00
1996-12-19T07:15:27.280     47.56   -197.17   -398.55    447.19   4.68  -1.78   0.00
1996-12-19T07:15:27.613     46.42   -195.58   -397.64    445.56   4.68  -1.79   0.00
1996-12-19T07:15:27.947     47.62   -195.09   -401.16    448.61   4.68  -1.79   0.00
1996-12-19T07:15:28.280     46.75   -197.13   -398.56    447.09   4.68  -1.79   0.00
1996-12-19T07:15:28.613     46.06   -196.96   -401.20    449.31   4.68  -1.79   0.00
1996-12-19T07:15:28.947     48.83   -193.32   -397.97    445.13   4.69  -1.79   0.00
1996-12-19T07:15:29.280     45.96   -197.58   -400.09    448.58   4.69  -1.79   0.00
1996-12-19T07:15:29.613     46.79   -195.27   -399.15    446.82   4.69  -1.79   0.00
1996-12-19T07:15:29.947     49.30   -194.94   -397.48    445.45   4.69  -1.79   0.00
1996-12-19T07:15:30.280     46.92   -195.97   -401.33    449.08   4.69  -1.79   0.00
1996-12-19T07:15:30.613     42.51   -197.58   -398.92    447.20   4.69  -1.79   0.00
1996-12-19T07:15:30.947     47.11   -197.66   -399.04    447.80   4.69  -1.79   0.00
1996-12-19T07:15:31.280     46.28   -196.08   -398.70    446.71   4.69  -1.79   0.00
1996-12-19T07:15:31.613     47.50   -196.45   -399.22    447.47   4.69  -1.79   0.00
1996-12-19T07:15:31.947     48.63   -198.42   -400.58    449.66   4.69  -1.79   0.00
1996-12-19T07:15:32.280     48.94   -194.53   -398.29    445.95   4.70  -1.80   0.00
1996-12-19T07:15:32.613     43.80   -196.26   -398.78    446.61   4.70  -1.80   0.00
1996-12-19T07:15:32.947     46.27   -195.35   -399.43    447.05   4.70  -1.80   0.00
1996-12-19T07:15:33.280     45.34   -197.89   -398.10    446.87   4.70  -1.80   0.00
1996-12-19T07:15:33.613     49.62   -196.74   -399.57    448.14   4.70  -1.80   0.00
1996-12-19T07:15:33.947     46.36   -194.87   -401.64    448.82   4.70  -1.80   0.00
1996-12-19T07:15:34.280     49.22   -195.83   -399.01    447.19   4.70  -1.80   0.00
1996-12-19T07:15:34.613     50.58   -195.39   -399.75    447.81   4.70  -1.80   0.00
1996-12-19T07:15:34.947     50.26   -197.40   -400.76    449.56   4.70  -1.80   0.00
1996-12-19T07:15:35.280     49.31   -196.45   -397.23    445.88   4.70  -1.80   0.00
1996-12-19T07:15:35.613     45.77   -197.80   -399.87    448.46   4.70  -1.80   0.00
1996-12-19T07:15:35.947     46.46   -194.59   -399.38    446.69   4.71  -1.80   0.00
1996-12-19T07:15:36.280     45.44   -199.09   -397.85    447.19   4.71  -1.80   0.00
1996-12-19T07:15:36.613     46.62   -195.52   -399.43    447.16   4.71  -1.81   0.00
1996-12-19T07:15:36.947     47.60   -197.93   -398.02    447.05   4.71  -1.81   0.00
1996-12-19T07:15:37.280     45.29   -195.10   -399.56    446.95   4.71  -1.81   0.00
1996-12-19T07:15:37.613     46.66   -196.80   -400.42    448.60   4.71  -1.81   0.00
1996-12-19T07:15:37.947     42.35   -197.97   -399.25    447.65   4.71  -1.81   0.00
1996-12-19T07:15:38.280     47.05   -196.38   -398.98    447.18   4.71  -1.81   0.00
1996-12-19T07:15:38.613     48.77   -197.11   -397.70    446.54   4.71  -1.81   0.00
1996-12-19T07:15:38.947     49.77   -197.35   -398.50    447.47   4.71  -1.81   0.00
1996-12-19T07:15:39.280     48.32   -196.72   -398.98    447.45   4.71  -1.81   0.00
1996-12-19T07:15:39.613     46.01   -198.31   -399.43    448.32   4.72  -1.81   0.00
1996-12-19T07:15:39.947     47.42   -198.72   -400.48    449.58   4.72  -1.81   0.00
1996-12-19T07:15:40.280     49.16   -196.60   -398.61    447.16   4.72  -1.81   0.00
1996-12-19T07:15:40.613     45.41   -198.34   -399.68    448.49   4.72  -1.81   0.00
1996-12-19T07:15:40.947     44.16   -197.61   -399.49    447.88   4.72  -1.81   0.00
1996-12-19T07:15:41.280     49.22   -198.73   -398.94    448.41   4.72  -1.82   0.00
1996-12-19T07:15:41.613     47.32   -196.93   -400.33    448.65   4.72  -1.82   0.00
1996-12-19T07:15:41.947     46.26   -198.25   -398.49    447.48   4.72  -1.82   0.00
1996-12-19T07:15:42.280     48.02   -197.20   -398.85    447.52   4.72  -1.82   0.00
1996-12-19T07:15:42.613     46.24   -195.53   -402.07    449.48   4.72  -1.82   0.00
1996-12-19T07:15:42.947     43.85   -196.71   -399.08    447.08   4.72  -1.82   0.00
1996-12-19T07:15:43.280     42.67   -197.91   -400.13    448.43   4.73  -1.82   0.00
1996-12-19T07:15:43.613     46.36   -196.56   -399.10    447.29   4.73  -1.82   0.00
1996-12-19T07:15:43.947     45.93   -197.07   -397.52    446.06   4.73  -1.82   0.00
1996-12-19T07:15:44.280     44.38   -195.43   -400.03    447.42   4.73  -1.82   0.00
1996-12-19T07:15:44.613     42.45   -196.44   -399.27    447.00   4.73  -1.82   0.00
1996-12-19T07:15:44.947     42.85   -197.70   -399.00    447.35   4.73  -1.82   0.00
1996-12-19T07:15:45.280     47.25   -196.80   -399.89    448.20   4.73  -1.82   0.00
1996-12-19T07:15:45.613     46.73   -197.90   -397.42    446.42   4.73  -1.82   0.00
1996-12-19T07:15:45.947     46.37   -198.95   -399.44    448.65   4.73  -1.83   0.00
1996-12-19T07:15:46.280     46.97   -194.80   -401.50    448.73   4.73  -1.83   0.00
1996-12-19T07:15:46.613     44.73   -195.77   -400.46    447.99   4.74  -1.83   0.00
1996-12-19T07:15:46.947     47.29   -196.09   -399.59    447.61   4.74  -1.83   0.00
1996-12-19T07:15:47.280     47.36   -197.86   -398.33    447.28   4.74  -1.83   0.00
1996-12-19T07:15:47.613     48.46   -198.46   -398.63    447.93   4.74  -1.83   0.00
1996-12-19T07:15:47.947     44.37   -197.23   -399.03    447.32   4.74  -1.83   0.00
1996-12-19T07:15:48.280     46.08   -198.24   -399.86    448.68   4.74  -1.83   0.00
1996-12-19T07:15:48.613     48.12   -199.52   -400.34    449.89   4.74  -1.83   0.00
1996-12-19T07:15:48.947     48.49   -198.28   -397.03    446.43   4.74  -1.83   0.00
1996-12-19T07:15:49.280     45.89   -197.80   -399.22    447.89   4.74  -1.83   0.00
1996-12-19T07:15:49.613     44.66   -197.91   -399.55    448.11   4.74  -1.83   0.00
1996-12-19T07:15:49.947     46.05   -197.68   -400.87    449.33   4.74  -1.83   0.00
1996-12-19T07:15:50.280     46.34   -195.96   -397.12    445.25   4.75  -1.83   0.00
1996-12-19T07:15:50.613     45.36   -195.90   -399.70    447.43   4.75  -1.84   0.00
1996-12-19T07:15:50.947     49.00   -199.60   -399.87    449.60   4.75  -1.84   0.00
1996-12-19T07:15:51.280     49.86   -198.00   -397.99    447.31   4.75  -1.84   0.00
1996-12-19T07:15:51.613     43.62   -197.26   -398.74    447.00   4.75  -1.84   0.00
1996-12-19T07:15:51.947     46.23   -196.84   -401.49    449.53   4.75  -1.84   0.00
1996-12-19T07:15:52.280     45.64   -196.46   -400.55    448.47   4.75  -1.84   0.00
1996-12-19T07:15:52.613     48.53   -195.96   -398.66    446.87   4.75  -1.84   0.00
1996-12-19T07:15:52.947     46.65   -195.58   -400.48    448.12   4.75  -1.84   0.00
1996-12-19T07:15:53.280     48.76   -195.25   -402.17    449.71   4.75  -1.84   0.00
1996-12-19T07:15:53.613     50.81   -195.96   -399.21    447.60   4.75  -1.84   0.00
1996-12-19T07:15:53.947     48.10   -197.38   -396.39    445.42   4.76  -1.84   0.00
1996-12-19T07:15:54.280     45.86   -196.62   -399.23    447.37   4.76  -1.84   0.00
1996-12-19T07:15:54.613     45.28   -195.96   -397.57    445.55   4.76  -1.84   0.00
1996-12-19T07:15:54.947     46.03   -195.16   -397.86    445.54   4.76  -1.85   0.00
1996-12-19T07:15:55.280     46.95   -196.10   -399.42    447.43   4.76  -1.85   0.00
1996-12-19T07:15:55.613     45.94   -197.30   -398.50    447.03   4.76  -1.85   0.00
1996-12-19T07:15:55.947     47.36   -196.57   -398.69    447.03   4.76  -1.85   0.00
1996-12-19T07:15:56.280     43.36   -196.12   -398.61    446.36   4.76  -1.85   0.00
1996-12-19T07:15:56.613     46.33   -196.22   -397.74    445.93   4.76  -1.85   0.00
1996-12-19T07:15:56.947     46.08   -195.80   -400.56    448.23   4.76  -1.85   0.00
1996-12-19T07:15:57.280     46.64   -196.45   -401.04    449.00   4.76  -1.85   0.00
1996-12-19T07:15:57.613     47.46   -198.45   -398.50    447.71   4.77  -1.85   0.00
1996-12-19T07:15:57.947     48.72   -197.90   -398.25    447.37   4.77  -1.85   0.00
1996-12-19T07:15:58.280     47.34   -195.11   -397.52    445.34   4.77  -1.85   0.00
1996-12-19T07:15:58.613     45.33   -195.91   -396.33    444.43   4.77  -1.85   0.00
1996-12-19T07:15:58.947     45.19   -198.44   -399.58    448.42   4.77  -1.85   0.00
1996-12-19T07:15:59.280     49.35   -197.49   -401.41    450.08   4.77  -1.85   0.00
1996-12-19T07:15:59.613     46.22   -198.81   -396.58    446.02   4.77  -1.86   0.00
1996-12-19T07:15:59.947     46.10   -198.05   -398.62    447.49   4.77  -1.86   0.00
1996-12-19T07:16:00.280     48.52   -197.32   -401.51    450.00   4.77  -1.86   0.00
1996-12-19T07:16:00.613     47.32   -197.76   -399.98    448.70   4.77  -1.86   0.00
1996-12-19T07:16:00.947     47.86   -195.80   -398.85    446.89   4.77  -1.86   0.00
1996-12-19T07:16:01.280     47.98   -197.35   -400.13    448.73   4.78  -1.86   0.00
1996-12-19T07:16:01.613     47.49   -197.81   -400.68    449.36   4.78  -1.86   0.00
1996-12-19T07:16:01.947     43.04   -198.48   -399.54    448.20   4.78  -1.86   0.00
1996-12-19T07:16:02.280     44.77   -198.70   -397.29    446.46   4.78  -1.86   0.00
1996-12-19T07:16:02.613     48.51   -197.42   -397.49    446.46   4.78  -1.86   0.00
1996-12-19T07:16:02.947     46.08   -198.01   -397.11    446.12   4.78  -1.86   0.00
1996-12-19T07:16:03.280     44.47   -195.81   -400.05    447.61   4.78  -1.86   0.00
1996-12-19T07:16:03.613     46.52   -196.29   -400.59    448.51   4.78  -1.86   0.00
1996-12-19T07:16:03.947     46.90   -197.27   -399.06    447.62   4.78  -1.86   0.00
1996-12-19T07:16:04.280     47.36   -196.86   -397.88    446.43   4.78  -1.87   0.00
1996-12-19T07:16:04.613     47.08   -197.01   -399.77    448.16   4.79  -1.87   0.00
1996-12-19T07:16:04.947     45.22   -194.55   -399.18    446.36   4.79  -1.87   0.00
1996-12-19T07:16:05.280     47.53   -197.43   -399.57    448.21   4.79  -1.87   0.00
1996-12-19T07:16:05.613     47.37   -198.72   -399.96    449.11   4.79  -1.87   0.00
1996-12-19T07:16:05.947     47.61   -194.73   -400.69    448.04   4.79  -1.87   0.00
1996-12-19T07:16:06.280     47.48   -195.45   -399.55    447.31   4.79  -1.87   0.00
1996-12-19T07:16:06.613     45.64   -198.92   -397.47    446.80   4.79  -1.87   0.00
1996-12-19T07:16:06.947     44.35   -197.03   -401.17    449.14   4.79  -1.87   0.00
1996-12-19T07:16:07.280     45.96   -197.22   -400.38    448.68   4.79  -1.87   0.00
1996-12-19T07:16:07.613     47.74   -197.17   -400.39    448.86   4.79  -1.87   0.00
1996-12-19T07:16:07.947     48.43   -197.90   -398.81    447.84   4.79  -1.87   0.00
1996-12-19T07:16:08.280     44.68   -196.54   -398.71    446.76   4.80  -1.87   0.00
1996-12-19T07:16:08.613     44.67   -197.32   -397.84    446.32   4.80  -1.88   0.00
1996-12-19T07:16:08.947     43.44   -196.76   -398.17    446.26   4.80  -1.88   0.00
1996-12-19T07:16:09.280     47.16   -194.78   -397.63    445.28   4.80  -1.88   0.00
1996-12-19T07:16:09.613     46.20   -199.07   -397.29    446.77   4.80  -1.88   0.00
1996-12-19T07:16:09.947     48.88   -198.80   -397.50    447.12   4.80  -1.88   0.00
1996-12-19T07:16:10.280     51.06   -196.43   -399.15    447.79   4.80  -1.88   0.00
1996-12-19T07:16:10.613     46.87   -197.77   -399.65    448.36   4.80  -1.88   0.00
1996-12-19T07:16:10.947     46.41   -197.52   -397.27    446.08   4.80  -1.88   0.00
1996-12-19T07:16:11.280     45.40   -197.47   -399.51    447.95   4.80  -1.88   0.00
1996-12-19T07:16:11.613     47.58   -196.32   -399.69    447.83   4.80  -1.88   0.00
1996-12-19T07:16:11.947     47.01   -197.37   -397.37    446.17   4.81  -1.88   0.00
1996-12-19T07:16:12.280     48.95   -196.37   -399.13    447.51   4.81  -1.88   0.00
1996-12-19T07:16:12.613     50.78   -195.99   -398.56    447.03   4.81  -1.88   0.00
1996-12-19T07:16:12.947     49.03   -198.84   -398.39    447.94   4.81  -1.88   0.00
1996-12-19T07:16:13.280     44.86   -196.80   -399.29    447.41   4.81  -1.89   0.00
1996-12-19T07:16:13.613     47.15   -196.89   -400.02    448.34   4.81  -1.89   0.00
1996-12-19T07:16:13.947     45.20   -198.42   -397.59    446.65   4.81  -1.89   0.00
1996-12-19T07:16:14.280     46.80   -195.80   -398.20    446.20   4.81  -1.89   0.00
1996-12-19T07:16:14.613     43.93   -197.60   -398.64    447.09   4.81  -1.89   0.00
1996-12-19T07:16:14.947     47.33   -196.45   -398.82    447.10   4.81  -1.89   0.00
1996-12-19T07:16:15.280     47.38   -198.28   -398.22    447.37   4.81  -1.89   0.00
1996-12-19T07:16:15.613     46.94   -198.19   -400.76    449.55   4.82  -1.89   0.00
1996-12-19T07:16:15.947     44.75   -197.02   -399.97    448.10   4.82  -1.89   0.00
1996-12-19T07:16:16.280     44.95   -199.36   -398.24    447.61   4.82  -1.89   0.00
1996-12-19T07:16:16.613     46.82   -197.46   -399.09    447.72   4.82  -1.89   0.00
1996-12-19T07:16:16.947     49.48   -196.27   -398.14    446.64   4.82  -1.89   0.00
1996-12-19T07:16:17.280     48.31   -196.76   -400.19    448.56   4.82  -1.89   0.00
1996-12-19T07:16:17.613     45.82   -197.23   -400.87    449.11   4.82  -1.89   0.00
1996-12-19T07:16:17.947     45.57   -197.42   -400.02    448.41   4.82  -1.90   0.00
1996-12-19T07:16:18.280     48.21   -197.85   -398.25    447.29   4.82  -1.90   0.00
1996-12-19T07:16:18.613     45.17   -197.49   -399.60    448.02   4.82  -1.90   0.00
1996-12-19T07:16:18.947     45.97   -197.10   -398.44    446.89   4.82  -1.90   0.00
1996-12-19T07:16:19.280     48.98   -197.26   -400.78    449.37   4.83  -1.90   0.00
1996-12-19T07:16:19.613     47.20   -196.80   -400.45    448.68   4.83  -1.90   0.00
1996-12-19T07:16:19.947     44.89   -200.28   -398.22    448.01   4.83  -1.90   0.00
1996-12-19T07:16:20.280     47.38   -196.55   -401.09    449.17   4.83  -1.90   0.00
1996-12-19T07:16:20.613     46.38   -197.30   -400.16    448.56   4.83  -1.90   0.00
1996-12-19T07:16:20.947     45.14   -199.13   -399.58    448.73   4.83  -1.90   0.00
1996-12-19T07:16:21.280     47.16   -197.69   -399.30    448.05   4.83  -1.90   0.00
1996-12-19T07:16:21.613     46.54   -194.23   -397.36    444.73   4.83  -1.90   0.00
1996-12-19T07:16:21.947     45.84   -196.43   -399.42    447.46   4.83  -1.90   0.00
1996-12-19T07:16:22.280     44.26   -198.03   -399.81    448.36   4.83  -1.91   0.00
1996-12-19T07:16:22.613     44.83   -198.74   -399.63    448.56   4.84  -1.91   0.00
1996-12-19T07:16:22.947     47.45   -197.88   -399.78    448.59   4.84  -1.91   0.00
1996-12-19T07:16:23.280     45.99   -195.33   -400.48    447.94   4.84  -1.91   0.00
1996-12-19T07:16:23.613     46.12   -197.67   -399.65    448.24   4.84  -1.91   0.00
1996-12-19T07:16:23.947     47.46   -195.80   -398.06    446.14   4.84  -1.91   0.00
1996-12-19T07:16:24.280     47.38   -196.51   -398.87    447.17   4.84  -1.91   0.00
1996-12-19T07:16:24.613     47.24   -198.25   -400.25    449.15   4.84  -1.91   0.00
1996-12-19T07:16:24.947     48.07   -196.67   -396.75    445.42   4.84  -1.91   0.00
1996-12-19T07:16:25.280     47.25   -199.96   -399.25    449.02   4.84  -1.91   0.00
1996-12-19T07:16:25.613     48.86   -197.39   -398.58    447.46   4.84  -1.91   0.00
1996-12-19T07:16:25.947     46.69   -197.98   -398.32    447.25   4.84  -1.91   0.00
1996-12-19T07:16:26.280     46.36   -198.79   -398.23    447.50   4.85  -1.91   0.00
1996-12-19T07:16:26.613     47.63   -196.49   -399.93    448.13   4.85  -1.91   0.00
1996-12-19T07:16:26.947     48.25   -197.03   -398.90    447.52   4.85  -1.92   0.00
1996-12-19T07:16:27.280     45.51   -200.18   -397.90    447.74   4.85  -1.92   0.00
1996-12-19T07:16:27.613     44.15   -197.30   -398.88    447.20   4.85  -1.92   0.00
1996-12-19T07:16:27.947     46.90   -198.36   -400.32    449.22   4.85  -1.92   0.00
1996-12-19T07:16:28.280     46.58   -196.49   -397.90    446.21   4.85  -1.92   0.00
1996-12-19T07:16:28.613     46.51   -197.87   -397.87    446.79   4.85  -1.92   0.00
1996-12-19T07:16:28.947     48.59   -197.38   -401.62    450.13   4.85  -1.92   0.00
1996-12-19T07:16:29.280     51.35   -197.16   -400.03    448.93   4.85  -1.92   0.00
1996-12-19T07:16:29.613     43.34   -197.60   -400.18    448.40   4.85  -1.92   0.00
1996-12-19T07:16:29.947     46.71   -198.13   -400.99    449.70   4.86  -1.92   0.00
1996-12-19T07:16:30.280     44.65   -198.22   -399.46    448.16   4.86  -1.92   0.00
1996-12-19T07:16:30.613     47.82   -198.84   -400.47    449.67   4.86  -1.92   0.00
1996-12-19T07:16:30.947     46.89   -196.22   -398.42    446.59   4.86  -1.92   0.00
1996-12-19T07:16:31.280     49.44   -197.58   -400.86    449.63   4.86  -1.92   0.00
1996-12-19T07:16:31.613     51.36   -197.69   -399.12    448.35   4.86  -1.93   0.00
1996-12-19T07:16:31.947     48.52   -198.28   -398.46    447.71   4.86  -1.93   0.00
1996-12-19T07:16:32.280     45.23   -200.23   -398.04    447.85   4.86  -1.93   0.00
1996-12-19T07:16:32.613     45.92   -198.13   -398.41    447.32   4.86  -1.93   0.00
1996-12-19T07:16:32.947     43.24   -198.50   -397.62    446.51   4.86  -1.93   0.00
1996-12-19T07:16:33.280     47.36   -198.11   -397.53    446.68   4.86  -1.93   0.00
1996-12-19T07:16:33.613     47.28   -195.94   -398.92    446.95   4.87  -1.93   0.00
1996-12-19T07:16:33.947     47.84   -199.14   -396.62    446.38   4.87  -1.93   0.00
1996-12-19T07:16:34.280     46.32   -197.84   -398.17    447.01   4.87  -1.93   0.00
1996-12-19T07:16:34.613     47.16   -199.33   -399.86    449.27   4.87  -1.93   0.00
1996-12-19T07:16:34.947     43.89   -197.56   -400.49    448.72   4.87  -1.93   0.00
1996-12-19T07:16:35.280     44.53   -197.41   -397.23    445.81   4.87  -1.93   0.00
1996-12-19T07:16:35.613     46.14   -199.07   -400.01    449.19   4.87  -1.93   0.00
1996-12-19T07:16:35.947     49.81   -198.95   -396.42    446.33   4.87  -1.94   0.00
1996-12-19T07:16:36.280     47.67   -197.51   -396.46    445.49   4.87  -1.94   0.00
1996-12-19T07:16:36.613     45.72   -197.80   -398.26    447.02   4.87  -1.94   0.00
1996-12-19T07:16:36.947     43.28   -195.95   -400.84    448.27   4.88  -1.94   0.00
1996-12-19T07:16:37.280     46.93   -198.93   -401.15    450.22   4.88  -1.94   0.00
1996-12-19T07:16:37.613     43.52   -200.71   -399.15    448.89   4.88  -1.94   0.00
1996-12-19T07:16:37.947     45.81   -196.03   -399.62    447.46   4.88  -1.94   0.00
1996-12-19T07:16:38.280     46.67   -199.65   -399.52    449.06   4.88  -1.94   0.00
1996-12-19T07:16:38.613     47.33   -198.49   -399.69    448.77   4.88  -1.94   0.00
1996-12-19T07:16:38.947     44.38   -196.81   -399.58    447.62   4.88  -1.94   0.00
1996-12-19T07:16:39.280     48.86   -197.00   -399.68    448.27   4.88  -1.94   0.00
1996-12-19T07:16:39.613     45.85   -197.78   -399.00    447.68   4.88  -1.94   0.00
1996-12-19T07:16:39.947     45.09   -199.20   -400.05    449.17   4.88  -1.94   0.00
1996-12-19T07:16:40.280     47.17   -198.34   -398.52    447.64   4.88  -1.94   0.00
1996-12-19T07:16:40.613     47.49   -198.20   -398.09    447.23   4.89  -1.95   0.00
1996-12-19T07:16:40.947     46.61   -198.93   -398.64    447.96   4.89  -1.95   0.00
1996-12-19T07:16:41.280     44.18   -197.85   -398.53    447.13   4.89  -1.95   0.00
1996-12-19T07:16:41.613     44.56   -197.06   -398.42    446.72   4.89  -1.95   0.00
1996-12-19T07:16:41.947     45.47   -198.27   -398.95    447.82   4.89  -1.95   0.00
1996-12-19T07:16:42.280     47.47   -197.75   -398.10    447.04   4.89  -1.95   0.00
1996-12-19T07:16:42.613     48.15   -196.64   -396.67    445.34   4.89  -1.95   0.00
1996-12-19T07:16:42.947     47.40   -195.13   -398.31    446.07   4.89  -1.95   0.00
1996-12-19T07:16:43.280     47.02   -196.62   -397.10    445.60   4.89  -1.95   0.00
1996-12-19T07:16:43.613     46.87   -198.54   -399.72    448.76   4.89  -1.95   0.00
1996-12-19T07:16:43.947     47.55   -196.66   -398.55    446.96   4.89  -1.95   0.00
1996-12-19T07:16:44.280     47.08   -198.47   -399.27    448.36   4.90  -1.95   0.00
1996-12-19T07:16:44.613     47.10   -198.72   -400.48    449.55   4.90  -1.95   0.00
1996-12-19T07:16:44.947     46.17   -197.11   -397.80    446.35   4.90  -1.95   0.00
1996-12-19T07:16:45.280     46.38   -198.56   -399.91    448.90   4.90  -1.96   0.00
1996-12-19T07:16:45.613     47.98   -197.42   -399.36    448.07   4.90  -1.96   0.00
1996-12-19T07:16:45.947     48.45   -197.53   -399.91    448.66   4.90  -1.96   0.00
1996-12-19T07:16:46.280     46.24   -198.34   -399.70    448.59   4.90  -1.96   0.00
1996-12-19T07:16:46.613     46.52   -198.03   -399.80    448.57   4.90  -1.96   0.00
1996-12-19T07:16:46.947     46.18   -198.91   -398.61    447.87   4.90  -1.96   0.00
1996-12-19T07:16:47.280     48.09   -195.68   -397.37    445.54   4.90  -1.96   0.00
1996-12-19T07:16:47.613     46.21   -198.42   -399.21    448.19   4.90  -1.96   0.00
1996-12-19T07:16:47.947     48.88   -198.07   -399.55    448.62   4.91  -1.96   0.00
1996-12-19T07:16:48.280     48.02   -198.16   -401.64    450.43   4.91  -1.96   0.00
1996-12-19T07:16:48.613     45.39   -199.37   -398.80    448.16   4.91  -1.96   0.00
1996-12-19T07:16:48.947     46.61   -197.49   -398.01    446.75   4.91  -1.96   0.00
1996-12-19T07:16:49.280     46.06   -197.29   -399.99    448.37   4.91  -1.96   0.00
1996-12-19T07:16:49.613     45.34   -199.07   -399.59    448.73   4.91  -1.97   0.00
1996-12-19T07:16:49.947     47.49   -198.45   -398.45    447.66   4.91  -1.97   0.00
1996-12-19T07:16:50.280     49.11   -196.42   -398.71    447.17   4.91  -1.97   0.00
1996-12-19T07:16:50.613     51.15   -196.88   -399.22    448.06   4.91  -1.97   0.00
1996-12-19T07:16:50.947     48.02   -196.41   -397.45    445.93   4.91  -1.97   0.00
1996-12-19T07:16:51.280     42.50   -199.34   -400.24    449.14   4.91  -1.97   0.00
1996-12-19T07:16:51.613     46.03   -198.04   -401.75    450.27   4.92  -1.97   0.00
1996-12-19T07:16:51.947     46.53   -196.78   -399.35    447.62   4.92  -1.97   0.00
1996-12-19T07:16:52.280     47.05   -196.04   -400.75    448.61   4.92  -1.97   0.00
1996-12-19T07:16:52.613     46.29   -196.36   -398.83    446.95   4.92  -1.97   0.00
1996-12-19T07:16:52.947     48.09   -198.50   -395.86    445.44   4.92  -1.97   0.00
1996-12-19T07:16:53.280     45.26   -198.28   -397.88    446.85   4.92  -1.97   0.00
1996-12-19T07:16:53.613     46.12   -197.99   -397.42    446.39   4.92  -1.97   0.00
1996-12-19T07:16:53.947     45.79   -198.90   -395.55    445.10   4.92  -1.97   0.00
1996-12-19T07:16:54.280     44.21   -197.95   -399.85    448.35   4.92  -1.98   0.00
1996-12-19T07:16:54.613     48.75   -199.51   -400.70    450.27   4.92  -1.98   0.00
1996-12-19T07:16:54.947     49.63   -197.49   -398.47    447.48   4.93  -1.98   0.00
1996-12-19T07:16:55.280     47.63   -196.64   -399.26    447.60   4.93  -1.98   0.00
1996-12-19T07:16:55.613     45.77   -197.89   -399.90    448.52   4.93  -1.98   0.00
1996-12-19T07:16:55.947     43.66   -199.02   -399.72    448.65   4.93  -1.98   0.00
1996-12-19T07:16:56.280     47.64   -197.69   -399.47    448.25   4.93  -1.98   0.00
1996-12-19T07:16:56.613     46.56   -197.44   -399.15    447.74   4.93  -1.98   0.00
1996-12-19T07:16:56.947     45.76   -196.30   -398.52    446.59   4.93  -1.98   0.00
1996-12-19T07:16:57.280     47.52   -198.48   -400.00    449.06   4.93  -1.98   0.00
1996-12-19T07:16:57.613     47.28   -197.99   -399.95    448.77   4.93  -1.98   0.00
1996-12-19T07:16:57.947     44.76   -199.71   -398.74    448.20   4.93  -1.98   0.00
1996-12-19T07:16:58.280     48.10   -198.51   -401.69    450.64   4.93  -1.98   0.00
1996-12-19T07:16:58.613     44.00   -198.75   -401.83    450.45   4.94  -1.98   0.00
1996-12-19T07:16:58.947     44.95   -198.17   -399.56    448.27   4.94  -1.99   0.00
1996-12-19T07:16:59.280     43.09   -198.08   -397.52    446.22   4.94  -1.99   0.00
1996-12-19T07:16:59.613     45.79   -196.48   -396.23    444.63   4.94  -1.99   0.00
1996-12-19T07:16:59.947     46.58   -198.36   -398.14    447.25   4.94  -1.99   0.00
1996-12-19T07:17:00.280     44.93   -199.56   -401.44    450.55   4.94  -1.99   0.00
1996-12-19T07:17:00.613     43.07   -196.83   -396.94    445.15   4.94  -1.99   0.00
1996-12-19T07:17:00.947     46.33   -196.69   -397.41    445.84   4.94  -1.99   0.00
1996-12-19T07:17:01.280     45.73   -196.13   -397.88    445.94   4.94  -1.99   0.00
1996-12-19T07:17:01.613     47.65   -197.03   -398.69    447.26   4.94  -1.99   0.00
1996-12-19T07:17:01.947     46.30   -198.30   -401.04    449.78   4.94  -1.99   0.00
1996-12-19T07:17:02.280     47.00   -196.58   -398.23    446.59   4.95  -1.99   0.00
1996-12-19T07:17:02.613     45.89   -198.62   -399.82    448.78   4.95  -1.99   0.00
1996-12-19T07:17:02.947     47.14   -197.72   -401.16    449.71   4.95  -1.99   0.00
1996-12-19T07:17:03.280     46.77   -197.03   -399.81    448.17   4.95  -1.99   0.00
1996-12-19T07:17:03.613     46.09   -198.48   -398.30    447.40   4.95  -2.00   0.00
1996-12-19T07:17:03.947     44.68   -198.28   -400.86    449.45   4.95  -2.00   0.00
1996-12-19T07:17:04.280     46.31   -198.04   -398.38    447.29   4.95  -2.00   0.00
1996-12-19T07:17:04.613     48.43   -199.50   -398.19    448.00   4.95  -2.00   0.00
1996-12-19T07:17:04.947     46.31   -199.36   -398.62    448.10   4.95  -2.00   0.00
1996-12-19T07:17:05.280     43.85   -196.92   -399.65    447.68   4.95  -2.00   0.00
1996-12-19T07:17:05.613     46.50   -197.95   -399.07    447.89   4.95  -2.00   0.00
1996-12-19T07:17:05.947     44.71   -201.69   -399.88    450.10   4.96  -2.00   0.00
1996-12-19T07:17:06.280     49.82   -199.10   -401.68    451.07   4.96  -2.00   0.00
1996-12-19T07:17:06.613     46.31   -198.88   -401.10    450.09   4.96  -2.00   0.00
1996-12-19T07:17:06.947     48.74   -197.24   -398.30    447.13   4.96  -2.00   0.00
1996-12-19T07:17:07.280     47.54   -198.15   -401.81    450.53   4.96  -2.00   0.00
1996-12-19T07:17:07.613     46.18   -198.34   -399.76    448.65   4.96  -2.00   0.01
1996-12-19T07:17:07.947     46.33   -198.63   -400.13    449.12   4.96  -2.01   0.01
1996-12-19T07:17:08.280     49.26   -197.79   -400.78    449.64   4.96  -2.01   0.01
1996-12-19T07:17:08.613     45.49   -199.65   -400.18    449.52   4.96  -2.01   0.01
1996-12-19T07:17:08.947     47.50   -198.51   -398.68    447.90   4.96  -2.01   0.01
1996-12-19T07:17:09.280     48.87   -195.29   -399.71    447.54   4.96  -2.01   0.01
1996-12-19T07:17:09.613     49.80   -199.74   -399.59    449.50   4.97  -2.01   0.01
1996-12-19T07:17:09.947     47.25   -199.08   -401.48    450.62   4.97  -2.01   0.01
1996-12-19T07:17:10.280     44.94   -196.55   -399.70    447.67   4.97  -2.01   0.01
1996-12-19T07:17:10.613     45.65   -196.62   -399.78    447.85   4.97  -2.01   0.01
1996-12-19T07:17:10.947     45.70   -197.38   -400.02    448.40   4.97  -2.01   0.01
1996-12-19T07:17:11.280     46.89   -195.88   -398.18    446.22   4.97  -2.01   0.01
1996-12-19T07:17:11.613     45.77   -199.03   -397.44    446.84   4.97  -2.01   0.01
1996-12-19T07:17:11.947     47.09   -197.68   -398.66    447.46   4.97  -2.01   0.01
1996-12-19T07:17:12.280     46.62   -197.04   -398.28    446.79   4.97  -2.01   0.01
1996-12-19T07:17:12.613     45.43   -198.24   -401.43    450.00   4.97  -2.02   0.01
1996-12-19T07:17:12.947     47.18   -196.77   -399.12    447.49   4.98  -2.02   0.01
1996-12-19T07:17:13.280     42.68   -197.66   -400.51    448.66   4.98  -2.02   0.01
1996-12-19T07:17:13.613     45.84   -197.71   -400.14    448.67   4.98  -2.02   0.01
1996-12-19T07:17:13.947     49.51   -196.62   -398.92    447.49   4.98  -2.02   0.01
1996-12-19T07:17:14.280     47.95   -199.12   -397.77    447.41   4.98  -2.02   0.01
1996-12-19T07:17:14.613     45.73   -198.02   -399.29    448.04   4.98  -2.02   0.01
1996-12-19T07:17:14.947     45.69   -199.59   -399.03    448.49   4.98  -2.02   0.01
1996-12-19T07:17:15.280     46.32   -199.94   -398.72    448.44   4.98  -2.02   0.01
1996-12-19T07:17:15.613     46.59   -198.22   -399.33    448.25   4.98  -2.02   0.01
1996-12-19T07:17:15.947     44.02   -198.98   -398.41    447.50   4.98  -2.02   0.01
1996-12-19T07:17:16.280     50.10   -199.65   -399.51    449.42   4.98  -2.02   0.01
1996-12-19T07:17:16.613     46.85   -195.58   -401.13    448.72   4.99  -2.02   0.01
1996-12-19T07:17:16.947     44.35   -197.36   -400.25    448.46   4.99  -2.02   0.01
1996-12-19T07:17:17.280     48.35   -198.12   -398.03    447.24   4.99  -2.03   0.01
1996-12-19T07:17:17.613     46.99   -195.94   -398.46    446.51   4.99  -2.03   0.01
1996-12-19T07:17:17.947     44.89   -198.77   -401.54    450.28   4.99  -2.03   0.01
1996-12-19T07:17:18.280     45.62   -199.11   -399.79    448.96   4.99  -2.03   0.01
1996-12-19T07:17:18.613     43.79   -197.96   -400.36    448.77   4.99  -2.03   0.01
1996-12-19T07:17:18.947     46.47   -198.74   -397.64    446.96   4.99  -2.03   0.01
1996-12-19T07:17:19.280     44.71   -198.97   -398.83    447.95   4.99  -2.03   0.01
1996-12-19T07:17:19.613     44.41   -196.94   -399.34    447.47   4.99  -2.03   0.01
1996-12-19T07:17:19.947     44.87   -198.40   -398.99    447.85   4.99  -2.03   0.01
1996-12-19T07:17:20.280     46.13   -196.68   -399.75    447.89   5.00  -2.03   0.01
1996-12-19T07:17:20.613     46.36   -196.24   -399.15    447.19   5.00  -2.03   0.01
1996-12-19T07:17:20.947     45.30   -195.46   -398.54    446.19   5.00  -2.03   0.01
1996-12-19T07:17:21.280     45.08   -198.15   -398.68    447.49   5.00  -2.03   0.01
1996-12-19T07:17:21.613     46.07   -197.55   -401.41    449.76   5.00  -2.04   0.01
1996-12-19T07:17:21.947     45.70   -198.02   -399.22    447.97   5.00  -2.04   0.01
1996-12-19T07:17:22.280     45.61   -199.28   -400.37    449.54   5.00  -2.04   0.01
1996-12-19T07:17:22.613     45.90   -200.40   -399.30    449.12   5.00  -2.04   0.01
1996-12-19T07:17:22.947     44.95   -199.29   -399.58    448.78   5.00  -2.04   0.01
1996-12-19T07:17:23.280     46.20   -197.77   -400.09    448.69   5.00  -2.04   0.01
1996-12-19T07:17:23.613     48.18   -198.72   -401.40    450.48   5.00  -2.04   0.01
1996-12-19T07:17:23.947     45.92   -197.63   -400.95    449.36   5.01  -2.04   0.01
1996-12-19T07:17:24.280     43.34   -199.03   -400.03    448.91   5.01  -2.04   0.01
1996-12-19T07:17:24.613     45.66   -198.89   -401.40    450.29   5.01  -2.04   0.01
1996-12-19T07:17:24.947     47.13   -196.39   -401.40    449.35   5.01  -2.04   0.01
1996-12-19T07:17:25.280     48.66   -197.89   -398.63    447.70   5.01  -2.04   0.01
1996-12-19T07:17:25.613     46.78   -200.69   -402.06    451.79   5.01  -2.04   0.01
1996-12-19T07:17:25.947     49.10   -198.65   -400.87    450.07   5.01  -2.04   0.01
1996-12-19T07:17:26.280     47.16   -198.33   -400.28    449.20   5.01  -2.05   0.01
1996-12-19T07:17:26.613     46.59   -199.49   -400.71    450.04   5.01  -2.05   0.01
1996-12-19T07:17:26.947     43.34   -198.50   -399.71    448.38   5.01  -2.05   0.01
1996-12-19T07:17:27.280     49.61   -198.68   -401.25    450.49   5.02  -2.05   0.01
1996-12-19T07:17:27.613     45.46   -199.20   -400.71    449.79   5.02  -2.05   0.01
1996-12-19T07:17:27.947     47.61   -198.59   -399.34    448.52   5.02  -2.05   0.01
1996-12-19T07:17:28.280     49.12   -196.06   -399.68    447.88   5.02  -2.05   0.01
1996-12-19T07:17:28.613     49.57   -196.27   -400.66    448.90   5.02  -2.05   0.01
1996-12-19T07:17:28.947     49.62   -197.95   -401.06    450.00   5.02  -2.05   0.01
1996-12-19T07:17:29.280     45.11   -199.02   -401.52    450.40   5.02  -2.05   0.01
1996-12-19T07:17:29.613     45.86   -197.38   -400.59    448.92   5.02  -2.05   0.01
1996-12-19T07:17:29.947     44.82   -198.07   -399.97    448.57   5.02  -2.05   0.01
1996-12-19T07:17:30.280     47.49   -200.25   -401.13    450.84   5.02  -2.05   0.01
1996-12-19T07:17:30.613     47.24   -198.96   -397.18    446.74   5.02  -2.05   0.01
1996-12-19T07:17:30.947     46.02   -197.73   -398.90    447.59   5.03  -2.06   0.01
1996-12-19T07:17:31.280     47.15   -197.11   -399.49    447.96   5.03  -2.06   0.01
1996-12-19T07:17:31.613     43.09   -198.42   -397.81    446.63   5.03  -2.06   0.01
1996-12-19T07:17:31.947     45.75   -197.62   -399.59    448.13   5.03  -2.06   0.01
1996-12-19T07:17:32.280     44.92   -199.32   -400.47    449.59   5.03  -2.06   0.01
1996-12-19T07:17:32.613     47.09   -199.42   -401.05    450.36   5.03  -2.06   0.01
1996-12-19T07:17:32.947     48.32   -196.19   -399.68    447.85   5.03  -2.06   0.01
1996-12-19T07:17:33.280     47.75   -198.52   -398.51    447.78   5.03  -2.06   0.01
1996-12-19T07:17:33.613     46.15   -198.09   -399.77    448.54   5.03  -2.06   0.01
1996-12-19T07:17:33.947     43.44   -198.43   -400.45    449.02   5.03  -2.06   0.01
1996-12-19T07:17:34.280     43.11   -198.87   -400.83    449.53   5.03  -2.06   0.01
1996-12-19T07:17:34.613     46.76   -199.63   -400.93    450.32   5.04  -2.06   0.01
1996-12-19T07:17:34.947     43.64   -200.36   -399.64    449.17   5.04  -2.06   0.01
1996-12-19T07:17:35.280     46.82   -198.36   -401.12    449.93   5.04  -2.07   0.01
1996-12-19T07:17:35.613     46.98   -197.96   -397.92    446.92   5.04  -2.07   0.01
1996-12-19T07:17:35.947     44.24   -197.27   -399.91    448.11   5.04  -2.07   0.01
1996-12-19T07:17:36.280     46.70   -197.38   -401.05    449.42   5.04  -2.07   0.01
1996-12-19T07:17:36.613     46.17   -197.72   -400.71    449.22   5.04  -2.07   0.01
1996-12-19T07:17:36.947     44.91   -199.17   -401.61    450.53   5.04  -2.07   0.01
1996-12-19T07:17:37.280     44.22   -196.41   -398.57    446.53   5.04  -2.07   0.01
1996-12-19T07:17:37.613     46.66   -196.72   -398.29    446.67   5.04  -2.07   0.01
1996-12-19T07:17:37.947     46.41   -198.47   -400.90    449.74   5.04  -2.07   0.01
1996-12-19T07:17:38.280     44.51   -197.60   -401.30    449.52   5.05  -2.07   0.01
1996-12-19T07:17:38.613     42.84   -200.18   -400.06    449.39   5.05  -2.07   0.01
1996-12-19T07:17:38.947     44.85   -194.78   -400.14    447.29   5.05  -2.07   0.01
1996-12-19T07:17:39.280     46.11   -196.22   -398.89    446.92   5.05  -2.07   0.01
1996-12-19T07:17:39.613     46.81   -198.85   -398.65    447.95   5.05  -2.07   0.01
1996-12-19T07:17:39.947     46.17   -197.99   -400.95    449.55   5.05  -2.08   0.01
1996-12-19T07:17:40.280     45.09   -197.59   -397.81    446.46   5.05  -2.08   0.01
1996-12-19T07:17:40.613     48.04   -198.80   -397.80    447.30   5.05  -2.08   0.01
1996-12-19T07:17:40.947     46.44   -196.77   -401.88    449.87   5.05  -2.08   0.01
1996-12-19T07:17:41.280     48.80   -199.55   -400.26    449.90   5.05  -2.08   0.01
1996-12-19T07:17:41.613     43.62   -198.88   -399.17    448.10   5.05  -2.08   0.01
1996-12-19T07:17:41.947     44.80   -198.04   -398.94    447.64   5.06  -2.08   0.01
1996-12-19T07:17:42.280     46.48   -199.13   -401.55    450.61   5.06  -2.08   0.01
1996-12-19T07:17:42.613     47.99   -197.09   -399.03    447.63   5.06  -2.08   0.01
1996-12-19T07:17:42.947     46.79   -199.05   -400.47    449.65   5.06  -2.08   0.01
1996-12-19T07:17:43.280     45.60   -197.68   -401.31    449.67   5.06  -2.08   0.01
1996-12-19T07:17:43.613     45.20   -198.93   -400.67    449.61   5.06  -2.08   0.01
1996-12-19T07:17:43.947     46.94   -199.86   -400.23    449.82   5.06  -2.08   0.01
1996-12-19T07:17:44.280     45.80   -197.01   -401.49    449.56   5.06  -2.08   0.01
1996-12-19T07:17:44.613     46.81   -198.47   -400.98    449.85   5.06  -2.09   0.01
1996-12-19T07:17:44.947     49.07   -198.41   -399.88    449.09   5.06  -2.09   0.01
1996-12-19T07:17:45.280     46.74   -198.74   -400.31    449.37   5.07  -2.09   0.01
1996-12-19T07:17:45.613     46.70   -200.05   -398.75    448.56   5.07  -2.09   0.01
1996-12-19T07:17:45.947     46.53   -196.88   -400.13    448.36   5.07  -2.09   0.01
1996-12-19T07:17:46.280     49.25   -199.40   -402.69    452.05   5.07  -2.09   0.01
1996-12-19T07:17:46.613     45.56   -199.71   -400.88    450.18   5.07  -2.09   0.01
1996-12-19T07:17:46.947     47.58   -198.52   -400.10    449.17   5.07  -2.09   0.01
1996-12-19T07:17:47.280     49.15   -196.31   -399.57    447.89   5.07  -2.09   0.01
1996-12-19T07:17:47.613     48.57   -198.73   -400.40    449.64   5.07  -2.09   0.01
1996-12-19T07:17:47.947     45.44   -200.10   -401.21    450.63   5.07  -2.09   0.01
1996-12-19T07:17:48.280     44.45   -198.51   -401.65    450.23   5.07  -2.09   0.01
1996-12-19T07:17:48.613     45.53   -198.54   -399.64    448.55   5.07  -2.09   0.01
1996-12-19T07:17:48.947     47.05   -199.14   -398.82    448.25   5.08  -2.10   0.01
1996-12-19T07:17:49.280     46.86   -199.97   -400.03    449.67   5.08  -2.10   0.01
1996-12-19T07:17:49.613     46.03   -197.81   -398.00    446.83   5.08  -2.10   0.01
1996-12-19T07:17:49.947     44.25   -199.06   -398.73    447.85   5.08  -2.10   0.01
1996-12-19T07:17:50.280     47.22   -197.49   -399.06    447.75   5.08  -2.10   0.01
1996-12-19T07:17:50.613     46.71   -197.96   -399.44    448.24   5.08  -2.10   0.01
1996-12-19T07:17:50.947     46.01   -199.36   -398.45    447.91   5.08  -2.10   0.01
1996-12-19T07:17:51.280     44.04   -199.94   -400.65    449.93   5.08  -2.10   0.01
1996-12-19T07:17:51.613     46.02   -199.47   -399.68    449.05   5.08  -2.10   0.01
1996-12-19T07:17:51.947     48.56   -197.41   -399.69    448.42   5.08  -2.10   0.01
1996-12-19T07:17:52.280     48.17   -200.47   -399.62    449.67   5.08  -2.10   0.01
1996-12-19T07:17:52.613     46.16   -201.30   -399.71    449.91   5.09  -2.10   0.01
1996-12-19T07:17:52.947     45.71   -199.57   -401.46    450.66   5.09  -2.10   0.01
1996-12-19T07:17:53.280     45.01   -200.79   -402.05    451.65   5.09  -2.10   0.01
1996-12-19T07:17:53.613     46.57   -198.34   -401.07    449.85   5.09  -2.11   0.01
1996-12-19T07:17:53.947     42.90   -198.83   -400.03    448.78   5.09  -2.11   0.01
1996-12-19T07:17:54.280     48.78   -198.04   -400.99    449.88   5.09  -2.11   0.01
1996-12-19T07:17:54.613     46.99   -197.74   -400.23    448.88   5.09  -2.11   0.01
1996-12-19T07:17:54.947     44.47   -199.23   -399.98    449.06   5.09  -2.11   0.01
1996-12-19T07:17:55.280     44.28   -198.56   -400.72    449.40   5.09  -2.11   0.01
1996-12-19T07:17:55.613     44.99   -196.84   -400.20    448.25   5.09  -2.11   0.01
1996-12-19T07:17:55.946     44.55   -200.98   -399.61    449.52   5.09  -2.11   0.01
1996-12-19T07:17:56.280     43.77   -197.39   -399.83    448.04   5.10  -2.11   0.01
1996-12-19T07:17:56.613     48.16   -197.04   -398.71    447.34   5.10  -2.11   0.01
1996-12-19T07:17:56.946     45.96   -199.30   -400.98    450.13   5.10  -2.11   0.01
1996-12-19T07:17:57.280     44.47   -197.69   -400.69    449.01   5.10  -2.11   0.01
1996-12-19T07:17:57.613     42.92   -197.53   -399.41    447.65   5.10  -2.11   0.01
1996-12-19T07:17:57.946     43.19   -198.17   -401.22    449.57   5.10  -2.11   0.01
1996-12-19T07:17:58.280     46.31   -198.75   -402.29    451.09   5.10  -2.12   0.01
1996-12-19T07:17:58.613     43.56   -198.51   -400.85    449.43   5.10  -2.12   0.01
1996-12-19T07:17:58.946     43.41   -200.02   -399.71    449.07   5.10  -2.12   0.01
1996-12-19T07:17:59.280     47.73   -199.69   -402.35    451.71   5.10  -2.12   0.01
1996-12-19T07:17:59.613     47.45   -198.90   -397.90    447.37   5.10  -2.12   0.01
1996-12-19T07:17:59.946     44.98   -197.45   -401.41    449.60   5.11  -2.12   0.01
1996-12-19T07:18:00.280     44.46   -195.56   -399.54    447.05   5.11  -2.12   0.01
1996-12-19T07:18:00.613     43.73   -199.88   -399.62    448.95   5.11  -2.12   0.01
1996-12-19T07:18:00.946     44.65   -197.67   -399.41    447.88   5.11  -2.12   0.01
1996-12-19T07:18:01.280     46.03   -198.96   -398.53    447.81   5.11  -2.12   0.01
1996-12-19T07:18:01.613     48.40   -199.43   -400.56    450.07   5.11  -2.12   0.01
1996-12-19T07:18:01.946     47.32   -196.17   -397.85    446.10   5.11  -2.12   0.01
1996-12-19T07:18:02.280     43.04   -199.96   -401.00    450.15   5.11  -2.12   0.01
1996-12-19T07:18:02.613     43.67   -199.02   -401.73    450.45   5.11  -2.12   0.01
1996-12-19T07:18:02.946     45.63   -198.41   -400.03    448.85   5.11  -2.13   0.01
1996-12-19T07:18:03.280     45.68   -200.48   -400.20    449.93   5.12  -2.13   0.01
1996-12-19T07:18:03.613     46.48   -198.99   -401.71    450.70   5.12  -2.13   0.01
1996-12-19T07:18:03.946     49.08   -197.95   -397.88    447.11   5.12  -2.13   0.01
1996-12-19T07:18:04.280     45.12   -198.05   -400.84    449.37   5.12  -2.13   0.01
1996-12-19T07:18:04.613     46.64   -199.32   -400.21    449.53   5.12  -2.13   0.01
1996-12-19T07:18:04.946     46.18   -199.21   -400.64    449.81   5.12  -2.13   0.01
1996-12-19T07:18:05.280     46.62   -198.91   -400.79    449.85   5.12  -2.13   0.01
1996-12-19T07:18:05.613     45.44   -198.89   -399.89    448.93   5.12  -2.13   0.01
1996-12-19T07:18:05.946     47.45   -197.62   -400.58    449.18   5.12  -2.13   0.01
1996-12-19T07:18:06.280     46.39   -197.06   -401.61    449.75   5.12  -2.13   0.01
1996-12-19T07:18:06.613     43.20   -199.43   -401.35    450.25   5.12  -2.13   0.01
1996-12-19T07:18:06.946     43.70   -198.87   -400.85    449.60   5.13  -2.13   0.01
1996-12-19T07:18:07.280     45.20   -199.26   -400.43    449.55   5.13  -2.14   0.01
1996-12-19T07:18:07.613     44.62   -198.85   -399.07    448.09   5.13  -2.14   0.01
1996-12-19T07:18:07.946     47.01   -198.93   -398.68    448.03   5.13  -2.14   0.01
1996-12-19T07:18:08.280     44.21   -199.20   -402.17    450.97   5.13  -2.14   0.01
1996-12-19T07:18:08.613     47.04   -197.90   -397.76    446.76   5.13  -2.14   0.01
1996-12-19T07:18:08.946     47.75   -198.77   -398.45    447.83   5.13  -2.14   0.01
1996-12-19T07:18:09.280     46.14   -199.99   -398.76    448.48   5.13  -2.14   0.01
1996-12-19T07:18:09.613     45.99   -199.58   -399.60    449.03   5.13  -2.14   0.01
1996-12-19T07:18:09.946     45.78   -198.03   -399.47    448.21   5.13  -2.14   0.01
1996-12-19T07:18:10.280     42.65   -199.24   -398.25    447.34   5.13  -2.14   0.01
1996-12-19T07:18:10.613     43.93   -199.13   -401.44    450.26   5.14  -2.14   0.01
1996-12-19T07:18:10.946     45.60   -198.98   -398.80    448.01   5.14  -2.14   0.01
1996-12-19T07:18:11.280     47.84   -199.02   -399.99    449.32   5.14  -2.14   0.01
1996-12-19T07:18:11.613     45.73   -199.84   -398.16    447.84   5.14  -2.14   0.01
1996-12-19T07:18:11.947     44.11   -199.63   -401.86    450.88   5.14  -2.15   0.01
1996-12-19T07:18:12.280     46.82   -197.22   -400.53    448.90   5.14  -2.15   0.01
1996-12-19T07:18:12.613     46.56   -199.56   -398.82    448.38   5.14  -2.15   0.01
1996-12-19T07:18:12.946     40.52   -200.57   -399.49    448.84   5.14  -2.15   0.01
1996-12-19T07:18:13.280     47.84   -199.28   -400.29    449.70   5.14  -2.15   0.01
1996-12-19T07:18:13.613     46.76   -196.30   -400.93    448.85   5.14  -2.15   0.01
1996-12-19T07:18:13.947     44.42   -199.45   -399.04    448.32   5.14  -2.15   0.01
1996-12-19T07:18:14.280     47.85   -199.55   -398.14    447.92   5.15  -2.15   0.01
1996-12-19T07:18:14.613     46.72   -198.63   -400.92    449.86   5.15  -2.15   0.01
1996-12-19T07:18:14.946     43.20   -198.61   -399.10    447.87   5.15  -2.15   0.01
1996-12-19T07:18:15.280     46.38   -201.86   -399.10    449.64   5.15  -2.15   0.01
1996-12-19T07:18:15.613     47.23   -197.88   -398.59    447.51   5.15  -2.15   0.01
1996-12-19T07:18:15.947     45.95   -199.24   -398.71    448.09   5.15  -2.15   0.01
1996-12-19T07:18:16.280     44.66   -199.02   -399.68    448.72   5.15  -2.15   0.01
1996-12-19T07:18:16.613     42.67   -199.35   -400.08    449.03   5.15  -2.16   0.01
1996-12-19T07:18:16.946     43.41   -198.83   -397.98    446.99   5.15  -2.16   0.01
1996-12-19T07:18:17.280     44.51   -199.41   -399.18    448.43   5.15  -2.16   0.01
1996-12-19T07:18:17.613     47.07   -201.01   -400.19    450.30   5.15  -2.16   0.01
1996-12-19T07:18:17.947     46.75   -198.36   -400.37    449.25   5.16  -2.16   0.01
1996-12-19T07:18:18.280     46.70   -198.35   -398.50    447.58   5.16  -2.16   0.01
1996-12-19T07:18:18.613     46.84   -195.76   -401.33    448.98   5.16  -2.16   0.01
1996-12-19T07:18:18.946     45.29   -198.75   -400.81    449.66   5.16  -2.16   0.01
1996-12-19T07:18:19.280     46.15   -198.73   -398.99    448.13   5.16  -2.16   0.01
1996-12-19T07:18:19.613     44.69   -199.11   -399.66    448.75   5.16  -2.16   0.01
1996-12-19T07:18:19.947     45.22   -200.38   -400.38    450.00   5.16  -2.16   0.01
1996-12-19T07:18:20.280     45.96   -198.35   -399.17    448.10   5.16  -2.16   0.01
1996-12-19T07:18:20.613     48.35   -198.93   -400.78    450.04   5.16  -2.16   0.01
1996-12-19T07:18:20.946     43.30   -201.25   -397.68    447.80   5.16  -2.17   0.01
1996-12-19T07:18:21.280     42.27   -198.38   -399.83    448.33   5.17  -2.17   0.01
1996-12-19T07:18:21.613     44.86   -199.39   -400.95    450.03   5.17  -2.17   0.01
1996-12-19T07:18:21.947     47.61   -200.12   -400.14    449.92   5.17  -2.17   0.01
1996-12-19T07:18:22.280     44.21   -198.63   -400.98    449.66   5.17  -2.17   0.01
1996-12-19T07:18:22.613     47.28   -202.18   -400.55    451.17   5.17  -2.17   0.01
1996-12-19T07:18:22.946     49.06   -198.12   -401.68    450.56   5.17  -2.17   0.01
1996-12-19T07:18:23.280     44.24   -200.88   -400.51    450.24   5.17  -2.17   0.01
1996-12-19T07:18:23.613     44.35   -198.55   -399.80    448.58   5.17  -2.17   0.01
1996-12-19T07:18:23.947     43.61   -199.36   -402.13    450.95   5.17  -2.17   0.01
1996-12-19T07:18:24.280     48.21   -199.04   -402.75    451.83   5.17  -2.17   0.01
1996-12-19T07:18:24.613     46.15   -199.77   -399.15    448.73   5.17  -2.17   0.01
1996-12-19T07:18:24.946     47.47   -197.82   -400.31    449.03   5.18  -2.17   0.01
1996-12-19T07:18:25.280     49.88   -198.95   -400.57    450.02   5.18  -2.17   0.01
1996-12-19T07:18:25.613     45.31   -200.20   -399.06    448.76   5.18  -2.18   0.01
1996-12-19T07:18:25.947     43.95   -202.29   -401.75    451.94   5.18  -2.18   0.01
1996-12-19T07:18:26.280     44.66   -197.49   -399.35    447.75   5.18  -2.18   0.01
1996-12-19T07:18:26.613     43.03   -198.43   -401.54    449.96   5.18  -2.18   0.01
1996-12-19T07:18:26.946     47.05   -198.91   -400.36    449.52   5.18  -2.18   0.01
1996-12-19T07:18:27.280     47.97   -197.87   -401.48    450.15   5.18  -2.18   0.01
1996-12-19T07:18:27.613     46.59   -200.71   -398.07    448.23   5.18  -2.18   0.01
1996-12-19T07:18:27.947     47.04   -200.14   -399.80    449.56   5.18  -2.18   0.01
1996-12-19T07:18:28.280     46.12   -200.48   -397.83    447.87   5.18  -2.18   0.01
1996-12-19T07:18:28.613     45.05   -200.78   -398.34    448.35   5.19  -2.18   0.01
1996-12-19T07:18:28.946     45.79   -201.37   -398.77    449.07   5.19  -2.18   0.01
1996-12-19T07:18:29.280     45.26   -199.08   -400.23    449.30   5.19  -2.18   0.01
1996-12-19T07:18:29.613     43.11   -203.20   -401.90    452.41   5.19  -2.18   0.01
1996-12-19T07:18:29.947     48.11   -199.01   -398.69    448.19   5.19  -2.18   0.01
1996-12-19T07:18:30.280     47.81   -198.94   -400.48    449.72   5.19  -2.19   0.01
1996-12-19T07:18:30.613     45.92   -200.53   -400.39    450.15   5.19  -2.19   0.01
1996-12-19T07:18:30.946     45.65   -200.26   -401.21    450.74   5.19  -2.19   0.01
1996-12-19T07:18:31.280     43.81   -201.43   -400.14    450.12   5.19  -2.19   0.01
1996-12-19T07:18:31.613     45.42   -198.50   -400.85    449.61   5.19  -2.19   0.01
1996-12-19T07:18:31.947     44.43   -202.88   -401.23    451.80   5.19  -2.19   0.01
1996-12-19T07:18:32.280     47.65   -201.20   -403.11    453.05   5.20  -2.19   0.01
1996-12-19T07:18:32.613     47.07   -198.92   -401.44    450.49   5.20  -2.19   0.01
1996-12-19T07:18:32.946     44.48   -200.11   -400.07    449.53   5.20  -2.19   0.01
1996-12-19T07:18:33.280     45.07   -198.14   -398.40    447.23   5.20  -2.19   0.01
1996-12-19T07:18:33.613     45.92   -200.95   -398.74    448.87   5.20  -2.19   0.01
1996-12-19T07:18:33.947     41.47   -201.14   -401.30    450.79   5.20  -2.19   0.01
1996-12-19T07:18:34.280     43.93   -199.15   -397.96    447.17   5.20  -2.19   0.01
1996-12-19T07:18:34.613     46.23   -198.28   -397.52    446.62   5.20  -2.20   0.01
1996-12-19T07:18:34.946     46.47   -199.80   -402.00    451.31   5.20  -2.20   0.01
1996-12-19T07:18:35.280     44.11   -199.34   -403.16    451.91   5.20  -2.20   0.01
1996-12-19T07:18:35.613     43.51   -201.87   -399.56    449.77   5.20  -2.20   0.01
1996-12-19T07:18:35.947     45.54   -199.89   -399.50    449.03   5.21  -2.20   0.01
1996-12-19T07:18:36.280     46.01   -199.80   -401.64    450.94   5.21  -2.20   0.01
1996-12-19T07:18:36.613     45.47   -200.51   -399.74    449.51   5.21  -2.20   0.01
1996-12-19T07:18:36.946     46.78   -195.43   -400.85    448.40   5.21  -2.20   0.01
1996-12-19T07:18:37.280     45.75   -199.79   -402.97    452.10   5.21  -2.20   0.01
1996-12-19T07:18:37.613     46.58   -199.85   -400.06    449.62   5.21  -2.20   0.01
1996-12-19T07:18:37.947     46.59   -200.06   -400.33    449.95   5.21  -2.20   0.01
1996-12-19T07:18:38.280     43.88   -200.69   -401.22    450.75   5.21  -2.20   0.01
1996-12-19T07:18:38.613     44.59   -195.90   -400.82    448.36   5.21  -2.20   0.01
1996-12-19T07:18:38.946     44.63   -197.33   -401.24    449.36   5.21  -2.20   0.01
1996-12-19T07:18:39.280     46.13   -197.07   -402.38    450.41   5.22  -2.21   0.01
1996-12-19T07:18:39.613     47.12   -200.42   -402.09    451.74   5.22  -2.21   0.01
1996-12-19T07:18:39.947     44.13   -200.03   -397.91    447.53   5.22  -2.21   0.01
1996-12-19T07:18:40.280     44.85   -200.07   -397.79    447.52   5.22  -2.21   0.01
1996-12-19T07:18:40.613     43.92   -199.24   -399.62    448.69   5.22  -2.21   0.01
1996-12-19T07:18:40.946     46.30   -198.57   -399.99    448.96   5.22  -2.21   0.01
1996-12-19T07:18:41.280     44.99   -197.26   -401.60    449.69   5.22  -2.21   0.01
1996-12-19T07:18:41.613     46.56   -198.88   -401.44    450.42   5.22  -2.21   0.01
1996-12-19T07:18:41.947     49.17   -198.20   -401.63    450.56   5.22  -2.21   0.01
1996-12-19T07:18:42.280     44.90   -198.96   -399.75    448.78   5.22  -2.21   0.01
1996-12-19T07:18:42.613     44.90   -200.47   -400.61    450.22   5.22  -2.21   0.01
1996-12-19T07:18:42.946     45.04   -198.56   -400.10    448.93   5.23  -2.21   0.01
1996-12-19T07:18:43.280     45.15   -199.02   -400.91    449.86   5.23  -2.21   0.01
1996-12-19T07:18:43.613     46.31   -202.14   -401.01    451.46   5.23  -2.21   0.01
1996-12-19T07:18:43.947     47.48   -197.45   -401.62    450.05   5.23  -2.22   0.01
1996-12-19T07:18:44.280     48.63   -199.98   -400.26    450.07   5.23  -2.22   0.01
1996-12-19T07:18:44.613     46.51   -198.59   -398.53    447.69   5.23  -2.22   0.01
1996-12-19T07:18:44.946     40.35   -200.24   -400.32    449.42   5.23  -2.22   0.01
1996-12-19T07:18:45.280     44.77   -197.53   -400.84    449.11   5.23  -2.22   0.01
1996-12-19T07:18:45.613     45.68   -196.55   -400.56    448.52   5.23  -2.22   0.01
1996-12-19T07:18:45.947     46.88   -198.52   -398.23    447.43   5.23  -2.22   0.01
1996-12-19T07:18:46.280     47.29   -199.69   -400.16    449.71   5.23  -2.22   0.01
1996-12-19T07:18:46.613     45.99   -197.96   -397.83    446.73   5.24  -2.22   0.01
1996-12-19T07:18:46.946     45.83   -199.60   -398.63    448.16   5.24  -2.22   0.01
1996-12-19T07:18:47.280     47.08   -199.52   -399.83    449.32   5.24  -2.22   0.01
1996-12-19T07:18:47.613     46.79   -198.54   -400.46    449.42   5.24  -2.22   0.01
1996-12-19T07:18:47.947     44.33   -198.44   -401.12    449.71   5.24  -2.22   0.01
1996-12-19T07:18:48.280     44.41   -197.58   -399.82    448.18   5.24  -2.23   0.01
1996-12-19T07:18:48.613     42.25   -198.64   -401.97    450.36   5.24  -2.23   0.01
1996-12-19T07:18:48.946     44.30   -197.02   -401.15    449.11   5.24  -2.23   0.01
1996-12-19T07:18:49.280     47.62   -198.93   -398.24    447.70   5.24  -2.23   0.01
1996-12-19T07:18:49.613     45.55   -198.55   -400.50    449.33   5.24  -2.23   0.01
1996-12-19T07:18:49.947     48.19   -196.88   -402.38    450.55   5.24  -2.23   0.01
1996-12-19T07:18:50.280     49.08   -199.44   -400.46    450.06   5.25  -2.23   0.01
1996-12-19T07:18:50.613     45.83   -198.76   -399.34    448.42   5.25  -2.23   0.01
1996-12-19T07:18:50.946     43.64   -198.15   -400.22    448.72   5.25  -2.23   0.01
1996-12-19T07:18:51.280     46.85   -200.60   -399.46    449.44   5.25  -2.23   0.01
1996-12-19T07:18:51.613     46.70   -196.41   -402.62    450.40   5.25  -2.23   0.01
1996-12-19T07:18:51.947     44.51   -200.80   -400.08    449.85   5.25  -2.23   0.01
1996-12-19T07:18:52.280     44.21   -199.69   -398.99    448.35   5.25  -2.23   0.01
1996-12-19T07:18:52.613     46.47   -197.69   -400.49    449.03   5.25  -2.23   0.01
1996-12-19T07:18:52.946     44.82   -200.17   -398.87    448.53   5.25  -2.24   0.01
1996-12-19T07:18:53.280     45.91   -199.11   -399.72    448.92   5.25  -2.24   0.01
1996-12-19T07:18:53.613     47.71   -198.31   -398.94    448.06   5.25  -2.24   0.01
1996-12-19T07:18:53.947     46.51   -200.35   -400.67    450.38   5.26  -2.24   0.01
1996-12-19T07:18:54.280     44.54   -198.73   -400.22    449.05   5.26  -2.24   0.01
1996-12-19T07:18:54.613     45.45   -198.00   -401.04    449.56   5.26  -2.24   0.01
1996-12-19T07:18:54.946     44.70   -197.72   -399.06    447.60   5.26  -2.24   0.01
1996-12-19T07:18:55.280     47.14   -196.64   -398.32    446.71   5.26  -2.24   0.01
1996-12-19T07:18:55.613     46.10   -198.16   -400.55    449.26   5.26  -2.24   0.01
1996-12-19T07:18:55.947     47.19   -197.77   -399.83    448.56   5.26  -2.24   0.01
1996-12-19T07:18:56.280     47.77   -198.53   -398.44    447.72   5.26  -2.24   0.01
1996-12-19T07:18:56.613     46.83   -197.75   -398.29    447.14   5.26  -2.24   0.01
1996-12-19T07:18:56.946     47.22   -197.76   -400.64    449.28   5.26  -2.24   0.01
1996-12-19T07:18:57.280     46.84   -198.94   -397.33    446.82   5.27  -2.24   0.01
1996-12-19T07:18:57.613     43.43   -197.49   -399.79    448.01   5.27  -2.25   0.01
1996-12-19T07:18:57.947     45.02   -199.43   -402.74    451.66   5.27  -2.25   0.01
1996-12-19T07:18:58.280     46.58   -198.53   -399.92    448.91   5.27  -2.25   0.01
1996-12-19T07:18:58.613     48.53   -198.95   -399.57    448.99   5.27  -2.25   0.01
1996-12-19T07:18:58.946     47.26   -200.32   -400.09    449.92   5.27  -2.25   0.01
1996-12-19T07:18:59.280     44.50   -198.43   -399.26    448.06   5.27  -2.25   0.01
1996-12-19T07:18:59.613     42.14   -200.41   -400.95    450.22   5.27  -2.25   0.01
1996-12-19T07:18:59.947     47.83   -200.22   -398.79    448.79   5.27  -2.25   0.01
1996-12-19T07:19:00.280     46.07   -201.29   -399.07    449.33   5.27  -2.25   0.01
1996-12-19T07:19:00.613     46.76   -199.23   -399.85    449.17   5.27  -2.25   0.01
1996-12-19T07:19:00.946     49.53   -199.34   -401.04    450.58   5.28  -2.25   0.01
1996-12-19T07:19:01.280     44.44   -198.87   -399.99    448.90   5.28  -2.25   0.01
1996-12-19T07:19:01.613     44.63   -199.01   -397.73    446.97   5.28  -2.25   0.01
1996-12-19T07:19:01.947     47.32   -199.07   -402.41    451.45   5.28  -2.25   0.01
1996-12-19T07:19:02.280     44.57   -200.55   -400.47    450.09   5.28  -2.26   0.01
1996-12-19T07:19:02.613     45.86   -200.04   -400.58    450.09   5.28  -2.26   0.01
1996-12-19T07:19:02.946     47.34   -196.75   -400.25    448.50   5.28  -2.26   0.01
1996-12-19T07:19:03.280     49.75   -198.11   -398.63    447.92   5.28  -2.26   0.01
1996-12-19T07:19:03.613     48.15   -198.34   -401.23    450.16   5.28  -2.26   0.01
1996-12-19T07:19:03.947     46.73   -198.64   -399.68    448.76   5.28  -2.26   0.01
1996-12-19T07:19:04.280     44.93   -198.20   -399.76    448.45   5.28  -2.26   0.01
1996-12-19T07:19:04.613     45.26   -196.81   -400.46    448.49   5.29  -2.26   0.01
1996-12-19T07:19:04.946     46.97   -198.41   -399.94    448.91   5.29  -2.26   0.01
1996-12-19T07:19:05.280     46.09   -198.87   -400.12    449.18   5.29  -2.26   0.01
1996-12-19T07:19:05.613     47.33   -199.61   -396.70    446.61   5.29  -2.26   0.01
1996-12-19T07:19:05.947     48.11   -200.30   -399.82    449.77   5.29  -2.26   0.01
1996-12-19T07:19:06.280     45.77   -198.29   -399.52    448.36   5.29  -2.26   0.01
1996-12-19T07:19:06.613     47.07   -199.81   -401.18    450.65   5.29  -2.27   0.01
1996-12-19T07:19:06.946     42.91   -202.04   -400.54    450.66   5.29  -2.27   0.01
1996-12-19T07:19:07.280     47.30   -199.39   -399.93    449.37   5.29  -2.27   0.01
1996-12-19T07:19:07.613     48.90   -202.24   -400.04    450.91   5.29  -2.27   0.01
1996-12-19T07:19:07.947     48.63   -199.21   -399.53    449.08   5.29  -2.27   0.01
1996-12-19T07:19:08.280     47.41   -197.77   -398.84    447.70   5.30  -2.27   0.01
1996-12-19T07:19:08.613     45.56   -199.18   -399.79    448.98   5.30  -2.27   0.01
1996-12-19T07:19:08.946     43.49   -200.67   -399.86    449.50   5.30  -2.27   0.01
1996-12-19T07:19:09.280     48.54   -199.73   -400.25    449.94   5.30  -2.27   0.01
1996-12-19T07:19:09.613     44.95   -199.88   -400.02    449.43   5.30  -2.27   0.01
1996-12-19T07:19:09.947     43.64   -199.08   -398.65    447.73   5.30  -2.27   0.01
1996-12-19T07:19:10.280     48.69   -199.59   -399.73    449.44   5.30  -2.27   0.01
1996-12-19T07:19:10.613     46.87   -198.45   -400.14    449.10   5.30  -2.27   0.01
1996-12-19T07:19:10.946     44.50   -201.47   -397.40    447.77   5.30  -2.27   0.01
1996-12-19T07:19:11.280     47.27   -200.10   -398.46    448.38   5.30  -2.28   0.01
1996-12-19T07:19:11.613     45.89   -201.25   -399.95    450.08   5.30  -2.28   0.01
1996-12-19T07:19:11.946     44.78   -200.06   -399.21    448.77   5.31  -2.28   0.01
1996-12-19T07:19:12.280     42.49   -200.30   -397.73    447.35   5.31  -2.28   0.01
1996-12-19T07:19:12.613     46.26   -198.99   -399.02    448.28   5.31  -2.28   0.01
1996-12-19T07:19:12.946     45.73   -198.31   -399.31    448.18   5.31  -2.28   0.01
1996-12-19T07:19:13.280     44.15   -199.55   -400.09    449.26   5.31  -2.28   0.01
1996-12-19T07:19:13.613     42.46   -198.25   -399.74    448.22   5.31  -2.28   0.01
1996-12-19T07:19:13.946     43.07   -200.63   -400.14    449.69   5.31  -2.28   0.01
1996-12-19T07:19:14.280     45.68   -197.28   -399.70    448.07   5.31  -2.28   0.01
1996-12-19T07:19:14.613     45.92   -200.17   -400.14    449.76   5.31  -2.28   0.01
1996-12-19T07:19:14.946     44.37   -198.84   -398.09    447.19   5.31  -2.28   0.01
1996-12-19T07:19:15.280     46.27   -199.09   -400.51    449.65   5.32  -2.28   0.01
1996-12-19T07:19:15.613     42.17   -200.76   -400.11    449.63   5.32  -2.28   0.01
1996-12-19T07:19:15.946     42.35   -198.86   -400.03    448.73   5.32  -2.29   0.01
1996-12-19T07:19:16.280     43.25   -199.14   -399.02    448.05   5.32  -2.29   0.01
1996-12-19T07:19:16.613     43.84   -199.32   -399.07    448.22   5.32  -2.29   0.01
1996-12-19T07:19:16.946     44.74   -197.24   -400.27    448.46   5.32  -2.29   0.01
1996-12-19T07:19:17.280     46.41   -197.28   -398.99    447.51   5.32  -2.29   0.01
1996-12-19T07:19:17.613     47.10   -199.53   -400.57    449.98   5.32  -2.29   0.01
1996-12-19T07:19:17.946     46.59   -198.95   -397.69    447.11   5.32  -2.29   0.01
1996-12-19T07:19:18.280     44.91   -197.77   -399.56    448.09   5.32  -2.29   0.01
1996-12-19T07:19:18.613     45.74   -199.91   -399.44    449.01   5.32  -2.29   0.01
1996-12-19T07:19:18.946     46.65   -199.30   -398.32    447.84   5.33  -2.29   0.01
1996-12-19T07:19:19.280     44.39   -198.41   -400.89    449.49   5.33  -2.29   0.01
1996-12-19T07:19:19.613     47.22   -200.94   -399.81    449.95   5.33  -2.29   0.01
1996-12-19T07:19:19.946     47.87   -198.66   -401.56    450.57   5.33  -2.29   0.01
1996-12-19T07:19:20.280     44.47   -196.61   -400.37    448.25   5.33  -2.30   0.01
1996-12-19T07:19:20.613     43.55   -200.70   -399.57    449.26   5.33  -2.30   0.01
1996-12-19T07:19:20.946     47.40   -199.10   -395.63    445.44   5.33  -2.30   0.01
1996-12-19T07:19:21.280     43.79   -199.14   -399.79    448.78   5.33  -2.30   0.01
1996-12-19T07:19:21.613     45.98   -200.19   -399.39    449.11   5.33  -2.30   0.01
1996-12-19T07:19:21.946     47.91   -198.60   -401.03    450.07   5.33  -2.30   0.01
1996-12-19T07:19:22.280     47.92   -196.37   -400.56    448.67   5.33  -2.30   0.01
1996-12-19T07:19:22.613     49.05   -199.82   -399.16    449.07   5.34  -2.30   0.01
1996-12-19T07:19:22.946     43.89   -199.44   -399.15    448.35   5.34  -2.30   0.01
1996-12-19T07:19:23.280     45.12   -198.29   -400.97    449.59   5.34  -2.30   0.01
1996-12-19T07:19:23.613     43.75   -196.71   -399.30    447.27   5.34  -2.30   0.01
1996-12-19T07:19:23.946     46.78   -199.96   -397.17    447.12   5.34  -2.30   0.01
1996-12-19T07:19:24.280     47.18   -199.45   -396.94    446.73   5.34  -2.30   0.01
1996-12-19T07:19:24.613     46.28   -198.91   -397.25    446.67   5.34  -2.30   0.01
1996-12-19T07:19:24.946     46.08   -199.10   -394.57    444.35   5.34  -2.31   0.01
1996-12-19T07:19:25.280     44.17   -200.12   -399.33    448.85   5.34  -2.31   0.01
1996-12-19T07:19:25.613     46.72   -198.15   -399.54    448.41   5.34  -2.31   0.01
1996-12-19T07:19:25.946     46.45   -199.71   -397.54    447.30   5.34  -2.31   0.01
1996-12-19T07:19:26.280     44.95   -200.40   -399.37    449.09   5.35  -2.31   0.01
1996-12-19T07:19:26.613     45.20   -201.72   -398.82    449.22   5.35  -2.31   0.01
1996-12-19T07:19:26.946     43.19   -200.07   -399.08    448.51   5.35  -2.31   0.01
1996-12-19T07:19:27.280     47.95   -200.24   -399.69    449.61   5.35  -2.31   0.01
1996-12-19T07:19:27.613     45.87   -199.77   -402.26    451.47   5.35  -2.31   0.01
1996-12-19T07:19:27.946     43.56   -201.31   -398.46    448.55   5.35  -2.31   0.01
1996-12-19T07:19:28.280     48.45   -198.82   -400.20    449.49   5.35  -2.31   0.01
1996-12-19T07:19:28.613     46.01   -200.90   -396.72    447.06   5.35  -2.31   0.01
1996-12-19T07:19:28.946     44.40   -200.17   -400.11    449.59   5.35  -2.31   0.01
1996-12-19T07:19:29.280     44.27   -200.72   -399.58    449.34   5.35  -2.31   0.01
1996-12-19T07:19:29.613     47.07   -199.70   -401.80    451.16   5.35  -2.32   0.01
1996-12-19T07:19:29.946     44.48   -201.08   -399.78    449.71   5.36  -2.32   0.01
1996-12-19T07:19:30.280     44.41   -198.18   -397.75    446.60   5.36  -2.32   0.01
1996-12-19T07:19:30.613     42.79   -201.53   -398.45    448.56   5.36  -2.32   0.01
1996-12-19T07:19:30.946     42.94   -201.89   -400.28    450.36   5.36  -2.32   0.01
1996-12-19T07:19:31.280     42.45   -200.50   -400.89    450.24   5.36  -2.32   0.01
1996-12-19T07:19:31.613     43.15   -199.17   -398.67    447.74   5.36  -2.32   0.01
1996-12-19T07:19:31.946     46.51   -201.08   -399.70    449.84   5.36  -2.32   0.01
1996-12-19T07:19:32.280     44.81   -201.36   -399.35    449.49   5.36  -2.32   0.01
1996-12-19T07:19:32.613     43.02   -199.41   -400.56    449.51   5.36  -2.32   0.01
1996-12-19T07:19:32.946     46.40   -199.36   -398.92    448.37   5.36  -2.32   0.01
1996-12-19T07:19:33.280     42.20   -198.33   -400.09    448.54   5.37  -2.32   0.01
1996-12-19T07:19:33.613     46.21   -198.93   -399.53    448.70   5.37  -2.32   0.01
1996-12-19T07:19:33.946     44.34   -199.02   -398.48    447.62   5.37  -2.33   0.01
1996-12-19T07:19:34.280     44.23   -199.34   -400.51    449.56   5.37  -2.33   0.01
1996-12-19T07:19:34.613     46.39   -201.81   -400.90    451.23   5.37  -2.33   0.01
1996-12-19T07:19:34.946     45.94   -201.44   -398.12    448.54   5.37  -2.33   0.01
1996-12-19T07:19:35.280     44.93   -199.83   -398.30    447.88   5.37  -2.33   0.01
1996-12-19T07:19:35.613     44.14   -200.86   -399.02    448.90   5.37  -2.33   0.01
1996-12-19T07:19:35.946     45.68   -202.09   -400.92    451.29   5.37  -2.33   0.01
1996-12-19T07:19:36.280     46.99   -200.11   -399.89    449.63   5.37  -2.33   0.01
1996-12-19T07:19:36.613     46.67   -199.28   -399.13    448.55   5.37  -2.33   0.01
1996-12-19T07:19:36.946     44.51   -200.90   -397.55    447.64   5.38  -2.33   0.01
1996-12-19T07:19:37.280     45.97   -197.30   -398.05    446.64   5.38  -2.33   0.01
1996-12-19T07:19:37.613     46.15   -201.71   -402.01    452.14   5.38  -2.33   0.01
1996-12-19T07:19:37.946     44.96   -200.88   -401.52    451.22   5.38  -2.33   0.01
1996-12-19T07:19:38.280     44.84   -199.89   -401.22    450.49   5.38  -2.33   0.01
1996-12-19T07:19:38.613     47.30   -200.76   -399.77    449.84   5.38  -2.34   0.01
1996-12-19T07:19:38.946     48.05   -200.92   -400.43    450.58   5.38  -2.34   0.01
1996-12-19T07:19:39.280     45.24   -199.14   -400.02    449.13   5.38  -2.34   0.01
1996-12-19T07:19:39.613     44.94   -199.47   -400.01    449.24   5.38  -2.34   0.01
1996-12-19T07:19:39.946     47.82   -200.30   -400.77    450.59   5.38  -2.34   0.01
1996-12-19T07:19:40.280     44.41   -201.15   -402.18    451.87   5.38  -2.34   0.01
1996-12-19T07:19:40.613     46.56   -202.00   -401.63    451.97   5.39  -2.34   0.01
1996-12-19T07:19:40.946     48.21   -199.47   -399.87    449.45   5.39  -2.34   0.01
1996-12-19T07:19:41.280     49.87   -197.60   -399.66    448.63   5.39  -2.34   0.01
1996-12-19T07:19:41.613     45.27   -202.82   -400.58    451.27   5.39  -2.34   0.01
1996-12-19T07:19:41.946     44.13   -201.98   -400.62    450.82   5.39  -2.34   0.01
1996-12-19T07:19:42.280     45.28   -201.37   -398.48    448.76   5.39  -2.34   0.01
1996-12-19T07:19:42.613     46.71   -199.80   -402.09    451.42   5.39  -2.34   0.01
1996-12-19T07:19:42.946     46.21   -198.92   -400.52    449.57   5.39  -2.34   0.01
1996-12-19T07:19:43.280     46.67   -201.22   -399.41    449.66   5.39  -2.35   0.01
1996-12-19T07:19:43.613     44.60   -200.42   -398.45    448.24   5.39  -2.35   0.01
1996-12-19T07:19:43.946     47.62   -199.90   -400.19    449.87   5.39  -2.35   0.01
1996-12-19T07:19:44.280     47.46   -199.06   -398.38    447.87   5.40  -2.35   0.01
1996-12-19T07:19:44.613     47.46   -201.65   -400.83    451.20   5.40  -2.35   0.01
1996-12-19T07:19:44.946     45.21   -200.58   -400.59    450.28   5.40  -2.35   0.01
1996-12-19T07:19:45.280     44.74   -200.65   -396.87    446.95   5.40  -2.35   0.01
1996-12-19T07:19:45.613     43.31   -202.29   -401.20    451.39   5.40  -2.35   0.01
1996-12-19T07:19:45.946     48.60   -202.54   -398.40    449.57   5.40  -2.35   0.01
1996-12-19T07:19:46.280     47.79   -200.48   -398.51    448.65   5.40  -2.35   0.01
1996-12-19T07:19:46.613     45.59   -199.86   -399.85    449.33   5.40  -2.35   0.01
1996-12-19T07:19:46.946     45.28   -199.87   -399.22    448.75   5.40  -2.35   0.01
1996-12-19T07:19:47.280     48.09   -200.55   -400.81    450.76   5.40  -2.35   0.01
1996-12-19T07:19:47.613     44.68   -199.01   -398.97    448.08   5.40  -2.36   0.01
1996-12-19T07:19:47.946     43.59   -199.30   -398.83    447.98   5.41  -2.36   0.01
1996-12-19T07:19:48.280     44.94   -198.71   -400.58    449.41   5.41  -2.36   0.01
1996-12-19T07:19:48.613     46.85   -199.32   -399.93    449.29   5.41  -2.36   0.01
1996-12-19T07:19:48.946     44.26   -200.16   -400.28    449.72   5.41  -2.36   0.01
1996-12-19T07:19:49.280     45.66   -200.38   -399.12    448.92   5.41  -2.36   0.01
1996-12-19T07:19:49.613     45.72   -197.18   -400.14    448.43   5.41  -2.36   0.01
1996-12-19T07:19:49.946     44.67   -200.17   -399.80    449.34   5.41  -2.36   0.01
1996-12-19T07:19:50.280     41.76   -199.66   -397.44    446.73   5.41  -2.36   0.01
1996-12-19T07:19:50.613     46.86   -200.59   -398.40    448.50   5.41  -2.36   0.01
1996-12-19T07:19:50.946     46.43   -200.66   -400.38    450.25   5.41  -2.36   0.01
1996-12-19T07:19:51.280     44.63   -200.10   -399.58    449.10   5.42  -2.36   0.01
1996-12-19T07:19:51.613     43.41   -201.87   -399.66    449.85   5.42  -2.36   0.01
1996-12-19T07:19:51.946     44.78   -198.76   -400.82    449.63   5.42  -2.36   0.01
1996-12-19T07:19:52.280     44.12   -200.59   -399.39    449.10   5.42  -2.37   0.01
1996-12-19T07:19:52.613     42.91   -200.80   -401.36    450.83   5.42  -2.37   0.01
1996-12-19T07:19:52.946     45.84   -199.11   -401.26    450.28   5.42  -2.37   0.01
1996-12-19T07:19:53.280     46.28   -201.48   -397.81    448.32   5.42  -2.37   0.01
1996-12-19T07:19:53.613     44.66   -200.29   -400.58    450.08   5.42  -2.37   0.01
1996-12-19T07:19:53.946     43.80   -200.55   -398.16    447.96   5.42  -2.37   0.01
1996-12-19T07:19:54.280     44.03   -200.47   -399.71    449.32   5.42  -2.37   0.01
1996-12-19T07:19:54.613     43.89   -199.32   -399.58    448.69   5.42  -2.37   0.01
1996-12-19T07:19:54.946     45.75   -201.45   -398.40    448.78   5.43  -2.37   0.01
1996-12-19T07:19:55.280     47.28   -201.22   -400.31    450.53   5.43  -2.37   0.01
1996-12-19T07:19:55.613     46.63   -201.20   -398.98    449.27   5.43  -2.37   0.01
1996-12-19T07:19:55.946     43.86   -199.97   -398.08    447.64   5.43  -2.37   0.01
1996-12-19T07:19:56.280     43.55   -200.36   -400.19    449.66   5.43  -2.37   0.01
1996-12-19T07:19:56.613     43.85   -200.22   -401.21    450.53   5.43  -2.37   0.01
1996-12-19T07:19:56.946     46.70   -201.24   -399.57    449.82   5.43  -2.38   0.01
1996-12-19T07:19:57.280     44.60   -200.86   -400.81    450.54   5.43  -2.38   0.01
1996-12-19T07:19:57.613     47.47   -201.11   -397.63    448.12   5.43  -2.38   0.01
1996-12-19T07:19:57.946     48.11   -198.96   -401.38    450.56   5.43  -2.38   0.01
1996-12-19T07:19:58.280     44.54   -200.54   -400.76    450.34   5.43  -2.38   0.01
1996-12-19T07:19:58.613     44.20   -200.65   -398.53    448.37   5.44  -2.38   0.01
1996-12-19T07:19:58.946     46.18   -199.97   -400.28    449.82   5.44  -2.38   0.01
1996-12-19T07:19:59.280     44.87   -200.99   -400.68    450.50   5.44  -2.38   0.01
1996-12-19T07:19:59.613     46.33   -201.24   -399.67    449.87   5.44  -2.38   0.01
1996-12-19T07:19:59.946     46.92   -200.78   -398.28    448.49   5.44  -2.38   0.01
1996-12-19T07:20:00.280     46.71   -202.12   -397.16    448.08   5.44  -2.38   0.01
1996-12-19T07:20:00.613     45.25   -200.78   -400.66    450.43   5.44  -2.38   0.01
1996-12-19T07:20:00.946     46.13   -201.89   -400.68    451.04   5.44  -2.38   0.01
1996-12-19T07:20:01.280     43.80   -199.64   -398.75    448.08   5.44  -2.38   0.01
1996-12-19T07:20:01.613     45.23   -200.50   -401.19    450.78   5.44  -2.39   0.01
1996-12-19T07:20:01.946     43.66   -199.63   -398.78    448.09   5.44  -2.39   0.01
1996-12-19T07:20:02.280     47.82   -199.49   -399.47    449.06   5.45  -2.39   0.01
1996-12-19T07:20:02.613     47.74   -198.18   -399.00    448.06   5.45  -2.39   0.01
1996-12-19T07:20:02.946     46.47   -199.91   -398.78    448.50   5.45  -2.39   0.01
1996-12-19T07:20:03.280     46.32   -198.33   -399.46    448.38   5.45  -2.39   0.01
1996-12-19T07:20:03.613     42.90   -198.47   -396.43    445.40   5.45  -2.39   0.01
1996-12-19T07:20:03.946     44.22   -198.83   -398.74    447.75   5.45  -2.39   0.01
1996-12-19T07:20:04.280     44.24   -199.07   -401.65    450.45   5.45  -2.39   0.01
1996-12-19T07:20:04.613     45.20   -201.58   -400.99    451.07   5.45  -2.39   0.01
1996-12-19T07:20:04.946     47.90   -198.23   -399.98    448.97   5.45  -2.39   0.01
1996-12-19T07:20:05.280     47.80   -201.50   -396.66    447.47   5.45  -2.39   0.01
1996-12-19T07:20:05.613     45.97   -201.40   -402.69    452.59   5.45  -2.39   0.01
1996-12-19T07:20:05.946     43.74   -199.97   -400.03    449.36   5.46  -2.40   0.01
1996-12-19T07:20:06.280     46.44   -200.78   -399.44    449.46   5.46  -2.40   0.01
1996-12-19T07:20:06.613     42.72   -199.49   -401.17    450.07   5.46  -2.40   0.01
1996-12-19T07:20:06.946     43.55   -199.41   -400.61    449.61   5.46  -2.40   0.01
1996-12-19T07:20:07.280     43.11   -201.84   -398.89    449.12   5.46  -2.40   0.01
1996-12-19T07:20:07.613     46.76   -199.73   -400.56    450.03   5.46  -2.40   0.01
1996-12-19T07:20:07.946     44.08   -200.04   -400.53    449.87   5.46  -2.40   0.01
1996-12-19T07:20:08.280     47.66   -197.97   -397.64    446.75   5.46  -2.40   0.01
1996-12-19T07:20:08.613     44.71   -198.56   -400.73    449.45   5.46  -2.40   0.01
1996-12-19T07:20:08.946     44.50   -200.37   -401.48    450.91   5.46  -2.40   0.01
1996-12-19T07:20:09.280     40.24   -201.34   -399.92    449.55   5.46  -2.40   0.01
1996-12-19T07:20:09.613     44.12   -196.92   -399.22    447.32   5.47  -2.40   0.01
1996-12-19T07:20:09.946     46.01   -198.85   -398.51    447.74   5.47  -2.40   0.01
1996-12-19T07:20:10.280     44.55   -200.92   -398.93    448.88   5.47  -2.40   0.01
1996-12-19T07:20:10.613     42.96   -200.20   -399.15    448.61   5.47  -2.41   0.01
1996-12-19T07:20:10.946     41.83   -200.95   -400.77    450.27   5.47  -2.41   0.01
1996-12-19T07:20:11.280     44.37   -200.25   -400.21    449.71   5.47  -2.41   0.01
1996-12-19T07:20:11.613     46.12   -198.97   -399.22    448.43   5.47  -2.41   0.01
1996-12-19T07:20:11.946     43.63   -198.75   -401.10    449.77   5.47  -2.41   0.01
1996-12-19T07:20:12.280     45.96   -197.25   -399.01    447.47   5.47  -2.41   0.01
1996-12-19T07:20:12.613     43.14   -200.91   -401.55    451.08   5.47  -2.41   0.01
1996-12-19T07:20:12.946     43.95   -198.77   -398.88    447.83   5.48  -2.41   0.01
1996-12-19T07:20:13.280     44.39   -199.67   -400.43    449.65   5.48  -2.41   0.01
1996-12-19T07:20:13.613     44.05   -200.07   -401.06    450.35   5.48  -2.41   0.01
1996-12-19T07:20:13.946     45.74   -201.19   -400.27    450.32   5.48  -2.41   0.01
1996-12-19T07:20:14.280     46.84   -200.92   -400.93    450.90   5.48  -2.41   0.01
1996-12-19T07:20:14.613     43.01   -199.89   -398.05    447.50   5.48  -2.41   0.01
1996-12-19T07:20:14.946     41.28   -198.62   -397.16    445.97   5.48  -2.41   0.01
1996-12-19T07:20:15.280     43.61   -201.02   -396.65    446.81   5.48  -2.42   0.01
1996-12-19T07:20:15.613     45.89   -200.72   -400.62    450.43   5.48  -2.42   0.01
1996-12-19T07:20:15.946     43.80   -200.47   -401.13    450.57   5.48  -2.42   0.01
1996-12-19T07:20:16.280     45.15   -201.19   -399.96    449.99   5.48  -2.42   0.01
1996-12-19T07:20:16.613     47.69   -200.42   -402.28    451.96   5.49  -2.42   0.01
1996-12-19T07:20:16.946     45.41   -200.73   -400.49    450.27   5.49  -2.42   0.01
1996-12-19T07:20:17.280     45.29   -201.52   -400.19    450.35   5.49  -2.42   0.01
1996-12-19T07:20:17.613     44.02   -201.90   -399.76    450.01   5.49  -2.42   0.01
1996-12-19T07:20:17.946     46.76   -199.84   -401.92    451.29   5.49  -2.42   0.01
1996-12-19T07:20:18.280     45.19   -199.85   -401.57    450.82   5.49  -2.42   0.01
1996-12-19T07:20:18.613     46.50   -199.77   -398.07    447.80   5.49  -2.42   0.01
1996-12-19T07:20:18.946     48.44   -198.33   -400.46    449.50   5.49  -2.42   0.01
1996-12-19T07:20:19.280     44.85   -198.63   -399.77    448.64   5.49  -2.42   0.01
1996-12-19T07:20:19.613     44.74   -201.55   -398.01    448.37   5.49  -2.43   0.01
1996-12-19T07:20:19.946     45.97   -199.95   -398.64    448.34   5.49  -2.43   0.01
1996-12-19T07:20:20.280     42.41   -200.80   -400.85    450.34   5.50  -2.43   0.01
1996-12-19T07:20:20.613     46.70   -199.05   -401.40    450.47   5.50  -2.43   0.01
1996-12-19T07:20:20.946     47.69   -200.22   -400.31    450.13   5.50  -2.43   0.01
1996-12-19T07:20:21.280     46.92   -199.95   -397.63    447.54   5.50  -2.43   0.01
1996-12-19T07:20:21.613     46.88   -199.37   -396.77    446.51   5.50  -2.43   0.01
1996-12-19T07:20:21.946     44.83   -199.76   -398.38    447.91   5.50  -2.43   0.01
1996-12-19T07:20:22.280     45.58   -200.66   -398.77    448.73   5.50  -2.43   0.01
1996-12-19T07:20:22.613     46.14   -200.19   -397.17    447.15   5.50  -2.43   0.01
1996-12-19T07:20:22.946     45.88   -201.62   -397.67    448.22   5.50  -2.43   0.01
1996-12-19T07:20:23.280     43.08   -201.03   -400.82    450.47   5.50  -2.43   0.01
1996-12-19T07:20:23.613     46.44   -200.81   -398.50    448.64   5.50  -2.43   0.01
1996-12-19T07:20:23.946     48.09   -199.68   -399.87    449.53   5.51  -2.43   0.01
1996-12-19T07:20:24.280     46.98   -199.73   -398.73    448.43   5.51  -2.44   0.01
1996-12-19T07:20:24.613     44.82   -199.64   -400.51    449.75   5.51  -2.44   0.01
1996-12-19T07:20:24.946     42.66   -202.09   -397.84    448.26   5.51  -2.44   0.01
1996-12-19T07:20:25.280     46.39   -198.93   -400.13    449.25   5.51  -2.44   0.01
1996-12-19T07:20:25.613     45.66   -201.20   -400.63    450.64   5.51  -2.44   0.01
1996-12-19T07:20:25.946     44.96   -201.02   -400.64    450.49   5.51  -2.44   0.01
1996-12-19T07:20:26.280     48.20   -200.84   -398.58    448.91   5.51  -2.44   0.01
1996-12-19T07:20:26.613     46.02   -200.60   -401.60    451.27   5.51  -2.44   0.01
1996-12-19T07:20:26.946     43.28   -200.54   -401.23    450.64   5.51  -2.44   0.01
1996-12-19T07:20:27.280     46.73   -200.82   -400.49    450.45   5.51  -2.44   0.01
1996-12-19T07:20:27.613     42.96   -203.05   -400.77    451.32   5.52  -2.44   0.01
1996-12-19T07:20:27.946     43.77   -200.86   -398.73    448.60   5.52  -2.44   0.01
1996-12-19T07:20:28.280     43.21   -202.17   -399.61    449.92   5.52  -2.44   0.01
1996-12-19T07:20:28.613     42.76   -199.18   -399.83    448.74   5.52  -2.44   0.01
1996-12-19T07:20:28.946     45.21   -200.94   -398.40    448.49   5.52  -2.45   0.01
1996-12-19T07:20:29.280     43.93   -199.99   -399.58    448.99   5.52  -2.45   0.01
1996-12-19T07:20:29.613     42.53   -200.06   -398.89    448.26   5.52  -2.45   0.01
1996-12-19T07:20:29.946     41.10   -201.94   -400.51    450.42   5.52  -2.45   0.01
1996-12-19T07:20:30.280     42.05   -199.74   -398.07    447.35   5.52  -2.45   0.01
1996-12-19T07:20:30.613     45.49   -199.11   -398.42    447.72   5.52  -2.45   0.01
1996-12-19T07:20:30.946     43.16   -199.29   -400.10    449.06   5.53  -2.45   0.01
1996-12-19T07:20:31.280     45.84   -199.52   -399.03    448.48   5.53  -2.45   0.01
1996-12-19T07:20:31.613     43.83   -200.45   -398.42    448.15   5.53  -2.45   0.01
1996-12-19T07:20:31.946     43.39   -200.67   -401.02    450.52   5.53  -2.45   0.01
1996-12-19T07:20:32.280     42.64   -199.22   -398.74    447.77   5.53  -2.45   0.01
1996-12-19T07:20:32.613     44.54   -200.12   -398.79    448.40   5.53  -2.45   0.01
1996-12-19T07:20:32.946     45.75   -198.76   -399.40    448.47   5.53  -2.45   0.01
1996-12-19T07:20:33.280     45.67   -200.10   -400.80    450.30   5.53  -2.46   0.01
1996-12-19T07:20:33.613     43.40   -201.45   -398.37    448.51   5.53  -2.46   0.01
1996-12-19T07:20:33.946     43.67   -200.00   -399.58    448.97   5.53  -2.46   0.01
1996-12-19T07:20:34.280     42.98   -200.37   -400.57    449.95   5.53  -2.46   0.01
1996-12-19T07:20:34.613     45.06   -198.46   -400.31    449.07   5.54  -2.46   0.01
1996-12-19T07:20:34.946     44.89   -201.73   -397.77    448.26   5.54  -2.46   0.01
1996-12-19T07:20:35.280     45.92   -201.37   -400.43    450.56   5.54  -2.46   0.01
1996-12-19T07:20:35.613     48.02   -198.72   -402.15    451.13   5.54  -2.46   0.01
1996-12-19T07:20:35.946     39.15   -199.58   -399.07    447.91   5.54  -2.46   0.01
1996-12-19T07:20:36.280     44.17   -202.51   -401.31    451.67   5.54  -2.46   0.01
1996-12-19T07:20:36.613     46.05   -199.00   -400.56    449.63   5.54  -2.46   0.01
1996-12-19T07:20:36.946     45.01   -200.87   -401.17    450.90   5.54  -2.46   0.01
1996-12-19T07:20:37.280     45.31   -202.37   -400.32    450.84   5.54  -2.46   0.01
1996-12-19T07:20:37.613     47.50   -199.53   -399.56    449.12   5.54  -2.46   0.01
1996-12-19T07:20:37.946     47.14   -199.74   -398.51    448.25   5.54  -2.47   0.01
1996-12-19T07:20:38.280     45.79   -198.63   -400.79    449.65   5.55  -2.47   0.01
1996-12-19T07:20:38.613     41.12   -202.08   -400.69    450.65   5.55  -2.47   0.01
1996-12-19T07:20:38.946     45.20   -202.13   -399.66    450.14   5.55  -2.47   0.01
1996-12-19T07:20:39.280     46.31   -199.63   -398.46    448.07   5.55  -2.47   0.01
1996-12-19T07:20:39.613     45.65   -198.89   -400.19    449.21   5.55  -2.47   0.01
1996-12-19T07:20:39.946     47.45   -201.23   -401.35    451.47   5.55  -2.47   0.01
1996-12-19T07:20:40.280     43.64   -199.56   -398.29    447.62   5.55  -2.47   0.01
1996-12-19T07:20:40.613     46.04   -201.43   -396.41    447.03   5.55  -2.47   0.01
1996-12-19T07:20:40.946     47.64   -199.84   -398.37    448.22   5.55  -2.47   0.01
1996-12-19T07:20:41.280     46.86   -201.27   -398.35    448.76   5.55  -2.47   0.01
1996-12-19T07:20:41.613     45.37   -200.42   -399.03    448.83   5.55  -2.47   0.01
1996-12-19T07:20:41.946     45.57   -202.05   -398.98    449.54   5.56  -2.47   0.01
1996-12-19T07:20:42.280     42.53   -201.30   -399.91    449.73   5.56  -2.47   0.01
1996-12-19T07:20:42.613     44.78   -200.54   -399.26    449.03   5.56  -2.48   0.01
1996-12-19T07:20:42.946     46.77   -199.52   -398.54    448.14   5.56  -2.48   0.01
1996-12-19T07:20:43.280     46.35   -200.34   -398.72    448.62   5.56  -2.48   0.01
1996-12-19T07:20:43.613     44.93   -202.04   -399.79    450.19   5.56  -2.48   0.01
1996-12-19T07:20:43.946     42.58   -202.15   -401.07    451.14   5.56  -2.48   0.01
1996-12-19T07:20:44.280     44.32   -200.59   -400.19    449.84   5.56  -2.48   0.01
1996-12-19T07:20:44.613     44.53   -199.35   -399.73    448.89   5.56  -2.48   0.01
1996-12-19T07:20:44.946     40.64   -201.93   -399.52    449.49   5.56  -2.48   0.01
1996-12-19T07:20:45.280     44.42   -201.32   -400.00    450.00   5.56  -2.48   0.01
1996-12-19T07:20:45.613     45.12   -200.47   -399.81    449.52   5.57  -2.48   0.01
1996-12-19T07:20:45.946     42.40   -200.33   -399.54    448.95   5.57  -2.48   0.01
1996-12-19T07:20:46.280     46.24   -199.22   -400.00    449.25   5.57  -2.48   0.01
1996-12-19T07:20:46.613     45.17   -198.71   -399.09    448.11   5.57  -2.48   0.01
1996-12-19T07:20:46.946     43.29   -202.43   -398.93    449.45   5.57  -2.48   0.01
1996-12-19T07:20:47.280     43.80   -200.12   -398.07    447.69   5.57  -2.49   0.01
1996-12-19T07:20:47.613     44.56   -201.91   -399.82    450.12   5.57  -2.49   0.01
1996-12-19T07:20:47.946     44.38   -199.17   -400.96    449.90   5.57  -2.49   0.01
1996-12-19T07:20:48.280     43.52   -200.40   -398.17    447.88   5.57  -2.49   0.01
1996-12-19T07:20:48.613     42.36   -201.79   -399.94    449.96   5.57  -2.49   0.01
1996-12-19T07:20:48.946     40.97   -199.84   -401.07    449.97   5.58  -2.49   0.01
1996-12-19T07:20:49.280     41.61   -202.10   -398.65    448.88   5.58  -2.49   0.01
1996-12-19T07:20:49.613     43.67   -202.46   -401.04    451.37   5.58  -2.49   0.01
1996-12-19T07:20:49.946     43.16   -200.61   -402.07    451.41   5.58  -2.49   0.01
1996-12-19T07:20:50.280     42.71   -201.66   -395.42    445.92   5.58  -2.49   0.01
1996-12-19T07:20:50.613     43.74   -200.36   -399.91    449.43   5.58  -2.49   0.01
1996-12-19T07:20:50.946     42.76   -202.00   -399.09    449.34   5.58  -2.49   0.01
1996-12-19T07:20:51.280     43.73   -202.27   -401.41    451.62   5.58  -2.49   0.01
1996-12-19T07:20:51.613     43.77   -195.08   -398.96    446.25   5.58  -2.50   0.01
1996-12-19T07:20:51.946     46.58   -201.12   -397.70    448.09   5.58  -2.50   0.01
1996-12-19T07:20:52.280     44.40   -199.92   -400.76    450.05   5.58  -2.50   0.01
1996-12-19T07:20:52.613     42.50   -198.08   -398.63    447.16   5.59  -2.50   0.01
1996-12-19T07:20:52.946     44.69   -202.58   -398.15    448.96   5.59  -2.50   0.01
1996-12-19T07:20:53.280     41.82   -202.31   -400.02    450.21   5.59  -2.50   0.01
1996-12-19T07:20:53.613     45.11   -201.13   -401.00    450.87   5.59  -2.50   0.01
1996-12-19T07:20:53.946     43.63   -200.88   -399.37    449.17   5.59  -2.50   0.01
1996-12-19T07:20:54.280     46.32   -200.73   -400.20    450.11   5.59  -2.50   0.01
1996-12-19T07:20:54.613     45.39   -202.51   -399.91    450.55   5.59  -2.50   0.01
1996-12-19T07:20:54.946     43.73   -201.33   -402.34    452.02   5.59  -2.50   0.01
1996-12-19T07:20:55.280     42.92   -201.50   -402.41    452.08   5.59  -2.50   0.01
1996-12-19T07:20:55.613     46.87   -200.07   -402.01    451.48   5.59  -2.50   0.01
1996-12-19T07:20:55.946     43.29   -202.19   -399.87    450.16   5.59  -2.50   0.01
1996-12-19T07:20:56.280     45.68   -201.77   -400.48    450.76   5.60  -2.51   0.01
1996-12-19T07:20:56.613     47.38   -199.10   -401.43    450.59   5.60  -2.51   0.01
1996-12-19T07:20:56.946     48.14   -199.82   -400.76    450.40   5.60  -2.51   0.01
1996-12-19T07:20:57.280     45.60   -200.63   -400.17    449.97   5.60  -2.51   0.01
1996-12-19T07:20:57.613     43.75   -200.82   -401.05    450.65   5.60  -2.51   0.01
1996-12-19T07:20:57.946     45.36   -201.84   -399.07    449.50   5.60  -2.51   0.01
1996-12-19T07:20:58.280     44.76   -198.37   -400.81    449.45   5.60  -2.51   0.01
1996-12-19T07:20:58.613     43.30   -199.41   -400.66    449.63   5.60  -2.51   0.01
1996-12-19T07:20:58.946     46.46   -202.11   -398.18    448.95   5.60  -2.51   0.01
1996-12-19T07:20:59.280     46.85   -200.10   -398.38    448.26   5.60  -2.51   0.01
1996-12-19T07:20:59.613     47.56   -201.02   -399.02    449.32   5.60  -2.51   0.01
1996-12-19T07:20:59.946     46.59   -200.04   -400.43    450.03   5.61  -2.51   0.01
1996-12-19T07:21:00.280     45.73   -201.25   -401.49    451.42   5.61  -2.51   0.01
1996-12-19T07:21:00.613     42.79   -202.63   -398.40    449.02   5.61  -2.51   0.01
1996-12-19T07:21:00.946     44.76   -199.68   -401.11    450.30   5.61  -2.52   0.01
1996-12-19T07:21:01.280     43.51   -201.65   -399.31    449.45   5.61  -2.52   0.01
1996-12-19T07:21:01.613     45.86   -202.33   -397.21    448.13   5.61  -2.52   0.01
1996-12-19T07:21:01.946     47.33   -201.05   -398.32    448.68   5.61  -2.52   0.01
1996-12-19T07:21:02.280     45.69   -200.86   -399.30    449.31   5.61  -2.52   0.01
1996-12-19T07:21:02.613     43.63   -201.98   -401.08    451.18   5.61  -2.52   0.01
1996-12-19T07:21:02.946     46.15   -201.36   -401.02    451.10   5.61  -2.52   0.01
1996-12-19T07:21:03.280     40.84   -200.96   -398.99    448.61   5.61  -2.52   0.01
1996-12-19T07:21:03.613     44.11   -202.62   -401.58    451.96   5.62  -2.52   0.01
1996-12-19T07:21:03.946     43.83   -202.95   -398.58    449.42   5.62  -2.52   0.01
1996-12-19T07:21:04.280     45.82   -200.39   -399.31    449.12   5.62  -2.52   0.01
1996-12-19T07:21:04.613     44.19   -200.97   -399.88    449.71   5.62  -2.52   0.01
1996-12-19T07:21:04.946     45.20   -202.12   -398.73    449.31   5.62  -2.52   0.01
1996-12-19T07:21:05.280     45.23   -202.63   -399.89    450.57   5.62  -2.53   0.01
1996-12-19T07:21:05.613     43.64   -201.76   -400.24    450.34   5.62  -2.53   0.01
1996-12-19T07:21:05.946     42.20   -201.10   -398.34    448.22   5.62  -2.53   0.01
1996-12-19T07:21:06.280     42.93   -200.02   -398.80    448.21   5.62  -2.53   0.01
1996-12-19T07:21:06.613     45.99   -199.67   -399.56    449.03   5.62  -2.53   0.01
1996-12-19T07:21:06.946     43.83   -200.37   -400.26    449.75   5.62  -2.53   0.01
1996-12-19T07:21:07.280     43.08   -201.93   -398.77    449.06   5.63  -2.53   0.01
1996-12-19T07:21:07.613     41.15   -201.16   -400.60    450.16   5.63  -2.53   0.01
1996-12-19T07:21:07.946     42.71   -201.39   -401.74    451.42   5.63  -2.53   0.01
1996-12-19T07:21:08.280     43.85   -202.59   -398.39    449.08   5.63  -2.53   0.01
1996-12-19T07:21:08.613     44.28   -201.51   -399.49    449.62   5.63  -2.53   0.01
1996-12-19T07:21:08.946     45.82   -202.05   -399.85    450.34   5.63  -2.53   0.01
1996-12-19T07:21:09.280     42.84   -201.28   -400.24    450.04   5.63  -2.53   0.01
1996-12-19T07:21:09.613     43.02   -199.29   -400.43    449.35   5.63  -2.53   0.01
1996-12-19T07:21:09.946     42.23   -201.13   -398.46    448.34   5.63  -2.54   0.01
1996-12-19T07:21:10.280     43.92   -201.86   -400.13    450.31   5.63  -2.54   0.01
1996-12-19T07:21:10.613     44.93   -199.48   -398.29    447.72   5.64  -2.54   0.01
1996-12-19T07:21:10.946     47.03   -201.70   -397.51    448.23   5.64  -2.54   0.01
1996-12-19T07:21:11.280     45.83   -201.67   -396.88    447.53   5.64  -2.54   0.01
1996-12-19T07:21:11.613     39.36   -203.00   -399.54    449.88   5.64  -2.54   0.01
1996-12-19T07:21:11.946     43.58   -202.33   -399.94    450.32   5.64  -2.54   0.01
1996-12-19T07:21:12.280     46.26   -203.53   -401.96    452.92   5.64  -2.54   0.01
1996-12-19T07:21:12.613     46.43   -201.72   -400.60    450.92   5.64  -2.54   0.01
1996-12-19T07:21:12.946     44.44   -201.64   -401.06    451.09   5.64  -2.54   0.01
1996-12-19T07:21:13.280     43.63   -201.83   -400.98    451.02   5.64  -2.54   0.01
1996-12-19T07:21:13.613     45.23   -203.25   -399.63    450.63   5.64  -2.54   0.01
1996-12-19T07:21:13.946     44.33   -200.85   -399.39    449.24   5.64  -2.54   0.01
1996-12-19T07:21:14.280     42.50   -203.22   -400.66    451.26   5.65  -2.54   0.01
1996-12-19T07:21:14.613     47.54   -200.06   -396.70    446.83   5.65  -2.55   0.01
1996-12-19T07:21:14.946     43.61   -201.08   -400.04    449.86   5.65  -2.55   0.01
1996-12-19T07:21:15.280     46.48   -202.82   -401.61    452.31   5.65  -2.55   0.01
1996-12-19T07:21:15.613     45.84   -199.43   -399.71    449.05   5.65  -2.55   0.01
1996-12-19T07:21:15.946     42.27   -199.51   -399.87    448.87   5.65  -2.55   0.01
1996-12-19T07:21:16.280     44.74   -204.19   -399.71    451.07   5.65  -2.55   0.01
1996-12-19T07:21:16.613     44.09   -201.50   -398.68    448.88   5.65  -2.55   0.01
1996-12-19T07:21:16.946     43.11   -200.09   -400.22    449.52   5.65  -2.55   0.01
1996-12-19T07:21:17.280     44.43   -200.95   -400.80    450.55   5.65  -2.55   0.01
1996-12-19T07:21:17.613     46.92   -201.82   -399.37    449.92   5.65  -2.55   0.01
1996-12-19T07:21:17.946     47.32   -201.50   -398.72    449.24   5.66  -2.55   0.01
1996-12-19T07:21:18.280     44.12   -200.28   -398.43    448.11   5.66  -2.55   0.01
1996-12-19T07:21:18.613     46.47   -200.18   -397.04    447.07   5.66  -2.55   0.01
1996-12-19T07:21:18.946     43.72   -203.13   -400.24    450.96   5.66  -2.56   0.01
1996-12-19T07:21:19.280     45.92   -199.95   -400.33    449.83   5.66  -2.56   0.01
1996-12-19T07:21:19.613     46.08   -200.62   -400.47    450.27   5.66  -2.56   0.01
1996-12-19T07:21:19.946     45.20   -203.39   -398.88    450.02   5.66  -2.56   0.01
1996-12-19T07:21:20.280     42.29   -201.11   -400.68    450.31   5.66  -2.56   0.01
1996-12-19T07:21:20.613     41.50   -201.94   -398.24    448.44   5.66  -2.56   0.01
1996-12-19T07:21:20.946     47.47   -200.06   -400.10    449.84   5.66  -2.56   0.01
1996-12-19T07:21:21.280     44.85   -200.62   -400.16    449.88   5.66  -2.56   0.01
1996-12-19T07:21:21.613     42.68   -201.79   -400.54    450.53   5.67  -2.56   0.01
1996-12-19T07:21:21.946     47.16   -201.08   -400.07    450.24   5.67  -2.56   0.01
1996-12-19T07:21:22.280     44.30   -200.10   -398.24    447.88   5.67  -2.56   0.01
1996-12-19T07:21:22.613     42.83   -200.26   -402.02    451.17   5.67  -2.56   0.01
1996-12-19T07:21:22.946     38.67   -201.21   -401.21    450.50   5.67  -2.56   0.01
1996-12-19T07:21:23.280     45.00   -200.26   -403.18    452.42   5.67  -2.56   0.01
1996-12-19T07:21:23.613     43.35   -201.00   -401.55    451.13   5.67  -2.57   0.01
1996-12-19T07:21:23.946     43.59   -200.19   -399.80    449.24   5.67  -2.57   0.01
1996-12-19T07:21:24.280     41.73   -201.84   -400.19    450.14   5.67  -2.57   0.01
1996-12-19T07:21:24.613     41.84   -202.04   -399.32    449.47   5.67  -2.57   0.01
1996-12-19T07:21:24.946     40.67   -199.00   -399.25    447.94   5.67  -2.57   0.01
1996-12-19T07:21:25.280     44.15   -202.73   -399.58    450.24   5.68  -2.57   0.01
1996-12-19T07:21:25.613     45.56   -200.85   -400.65    450.48   5.68  -2.57   0.01
1996-12-19T07:21:25.946     43.38   -200.83   -400.66    450.27   5.68  -2.57   0.01
1996-12-19T07:21:26.280     42.68   -202.28   -399.03    449.40   5.68  -2.57   0.01
1996-12-19T07:21:26.613     41.10   -199.70   -400.26    449.20   5.68  -2.57   0.01
1996-12-19T07:21:26.946     40.38   -200.69   -399.38    448.79   5.68  -2.57   0.01
1996-12-19T07:21:27.280     44.39   -201.47   -401.99    451.84   5.68  -2.57   0.01
1996-12-19T07:21:27.613     41.93   -200.52   -400.42    449.78   5.68  -2.57   0.01
1996-12-19T07:21:27.946     41.33   -202.89   -399.35    449.83   5.68  -2.57   0.01
1996-12-19T07:21:28.280     43.33   -200.95   -400.06    449.78   5.68  -2.58   0.01
1996-12-19T07:21:28.613     42.02   -201.59   -399.63    449.57   5.69  -2.58   0.01
1996-12-19T07:21:28.946     43.04   -202.57   -401.06    451.37   5.69  -2.58   0.01
1996-12-19T07:21:29.280     43.31   -197.47   -400.03    448.21   5.69  -2.58   0.01
1996-12-19T07:21:29.613     45.33   -199.84   -397.64    447.34   5.69  -2.58   0.01
1996-12-19T07:21:29.946     45.64   -201.08   -399.98    450.00   5.69  -2.58   0.01
1996-12-19T07:21:30.280     43.34   -202.94   -400.02    450.64   5.69  -2.58   0.01
1996-12-19T07:21:30.613     42.37   -204.65   -397.58    449.16   5.69  -2.58   0.01
1996-12-19T07:21:30.946     42.38   -201.58   -400.40    450.27   5.69  -2.58   0.01
1996-12-19T07:21:31.280     43.27   -203.46   -399.46    450.37   5.69  -2.58   0.01
1996-12-19T07:21:31.613     43.25   -201.39   -401.92    451.63   5.69  -2.58   0.01
1996-12-19T07:21:31.946     45.50   -203.90   -402.05    453.09   5.69  -2.58   0.01
1996-12-19T07:21:32.280     47.96   -202.36   -399.42    450.32   5.70  -2.58   0.01
1996-12-19T07:21:32.613     40.85   -202.29   -401.06    451.04   5.70  -2.58   0.01
1996-12-19T07:21:32.946     43.74   -202.67   -401.48    451.86   5.70  -2.59   0.01
1996-12-19T07:21:33.280     43.45   -200.76   -399.74    449.42   5.70  -2.59   0.01
1996-12-19T07:21:33.613     43.61   -203.14   -399.58    450.37   5.70  -2.59   0.01
1996-12-19T07:21:33.946     44.64   -203.14   -401.09    451.81   5.70  -2.59   0.01
1996-12-19T07:21:34.280     46.48   -200.89   -399.38    449.47   5.70  -2.59   0.01
1996-12-19T07:21:34.613     45.25   -199.53   -399.36    448.72   5.70  -2.59   0.01
1996-12-19T07:21:34.946     42.95   -203.00   -400.37    450.94   5.70  -2.59   0.01
1996-12-19T07:21:35.280     42.44   -200.11   -399.02    448.40   5.70  -2.59   0.01
1996-12-19T07:21:35.613     42.56   -202.48   -400.52    450.81   5.70  -2.59   0.01
1996-12-19T07:21:35.946     44.86   -200.16   -399.86    449.40   5.71  -2.59   0.01
1996-12-19T07:21:36.280     46.48   -200.78   -398.40    448.54   5.71  -2.59   0.01
1996-12-19T07:21:36.613     45.61   -204.62   -400.98    452.48   5.71  -2.59   0.01
1996-12-19T07:21:36.946     46.19   -201.74   -397.20    447.88   5.71  -2.59   0.01
1996-12-19T07:21:37.280     43.56   -200.76   -398.47    448.31   5.71  -2.60   0.01
1996-12-19T07:21:37.613     46.79   -201.81   -400.45    450.87   5.71  -2.60   0.01
1996-12-19T07:21:37.946     45.64   -201.27   -400.17    450.25   5.71  -2.60   0.01
1996-12-19T07:21:38.280     44.83   -201.16   -400.45    450.37   5.71  -2.60   0.01
1996-12-19T07:21:38.613     44.44   -202.07   -400.65    450.92   5.71  -2.60   0.01
1996-12-19T07:21:38.946     44.07   -201.93   -400.74    450.90   5.71  -2.60   0.01
1996-12-19T07:21:39.280     40.26   -201.75   -399.35    449.23   5.71  -2.60   0.01
1996-12-19T07:21:39.613     41.76   -201.11   -397.61    447.54   5.72  -2.60   0.01
1996-12-19T07:21:39.946     46.31   -201.08   -397.49    447.86   5.72  -2.60   0.01
1996-12-19T07:21:40.280     44.53   -203.22   -399.61    450.52   5.72  -2.60   0.01
1996-12-19T07:21:40.613     42.05   -202.47   -400.29    450.55   5.72  -2.60   0.01
1996-12-19T07:21:40.946     45.40   -201.25   -399.95    450.02   5.72  -2.60   0.01
1996-12-19T07:21:41.280     42.74   -201.33   -399.82    449.68   5.72  -2.60   0.01
1996-12-19T07:21:41.613     42.18   -201.89   -400.79    450.75   5.72  -2.60   0.01
1996-12-19T07:21:41.946     43.24   -200.73   -398.61    448.39   5.72  -2.61   0.01
1996-12-19T07:21:42.280     45.34   -201.62   -403.64    453.46   5.72  -2.61   0.01
1996-12-19T07:21:42.613     42.66   -202.44   -400.74    450.99   5.72  -2.61   0.01
1996-12-19T07:21:42.946     43.15   -203.33   -399.40    450.25   5.72  -2.61   0.01
1996-12-19T07:21:43.280     44.38   -201.12   -401.63    451.36   5.73  -2.61   0.01
1996-12-19T07:21:43.613     43.31   -203.61   -400.35    451.23   5.73  -2.61   0.01
1996-12-19T07:21:43.946     39.15   -200.81   -401.76    450.85   5.73  -2.61   0.01
1996-12-19T07:21:44.280     42.50   -203.09   -399.16    449.87   5.73  -2.61   0.01
1996-12-19T07:21:44.613     44.86   -200.47   -402.08    451.52   5.73  -2.61   0.01
1996-12-19T07:21:44.946     42.92   -202.04   -400.60    450.71   5.73  -2.61   0.01
1996-12-19T07:21:45.280     41.51   -198.49   -400.58    448.98   5.73  -2.61   0.01
1996-12-19T07:21:45.613     40.68   -200.38   -400.52    449.69   5.73  -2.61   0.01
1996-12-19T07:21:45.946     39.61   -202.01   -400.45    450.27   5.73  -2.61   0.01
1996-12-19T07:21:46.280     39.78   -203.10   -400.05    450.42   5.73  -2.61   0.01
1996-12-19T07:21:46.613     44.54   -202.59   -401.61    452.01   5.74  -2.62   0.01
1996-12-19T07:21:46.946     41.90   -203.88   -398.59    449.67   5.74  -2.62   0.01
1996-12-19T07:21:47.280     41.54   -202.68   -399.21    449.63   5.74  -2.62   0.01
1996-12-19T07:21:47.613     42.00   -203.93   -398.88    449.95   5.74  -2.62   0.01
1996-12-19T07:21:47.946     43.59   -204.19   -398.59    449.96   5.74  -2.62   0.01
1996-12-19T07:21:48.280     44.43   -202.31   -400.74    451.11   5.74  -2.62   0.01
1996-12-19T07:21:48.613     46.33   -203.34   -397.45    448.84   5.74  -2.62   0.01
1996-12-19T07:21:48.946     45.12   -203.46   -396.19    447.66   5.74  -2.62   0.01
1996-12-19T07:21:49.280     41.57   -202.54   -401.18    451.33   5.74  -2.62   0.01
1996-12-19T07:21:49.613     42.60   -204.09   -400.66    451.66   5.74  -2.62   0.01
1996-12-19T07:21:49.946     40.61   -200.74   -401.61    450.82   5.74  -2.62   0.01
1996-12-19T07:21:50.280     42.48   -204.26   -399.86    451.01   5.75  -2.62   0.01
1996-12-19T07:21:50.613     42.91   -201.63   -402.65    452.35   5.75  -2.62   0.01
1996-12-19T07:21:50.946     43.63   -201.81   -402.33    452.22   5.75  -2.63   0.01
1996-12-19T07:21:51.280     42.71   -203.04   -395.59    446.70   5.75  -2.63   0.01
1996-12-19T07:21:51.613     41.74   -200.72   -402.59    451.79   5.75  -2.63   0.01
1996-12-19T07:21:51.946     43.65   -201.23   -400.88    450.67   5.75  -2.63   0.01
1996-12-19T07:21:52.280     40.51   -202.62   -401.56    451.60   5.75  -2.63   0.01
1996-12-19T07:21:52.613     43.09   -204.35   -403.54    454.38   5.75  -2.63   0.01
1996-12-19T07:21:52.946     44.75   -201.07   -398.49    448.58   5.75  -2.63   0.01
1996-12-19T07:21:53.280     46.85   -199.95   -399.99    449.63   5.75  -2.63   0.01
1996-12-19T07:21:53.613     41.49   -200.91   -400.56    450.04   5.75  -2.63   0.01
1996-12-19T07:21:53.946     41.33   -202.94   -399.41    449.91   5.76  -2.63   0.01
1996-12-19T07:21:54.280     43.20   -203.20   -401.47    452.04   5.76  -2.63   0.01
1996-12-19T07:21:54.613     45.06   -202.79   -400.47    451.14   5.76  -2.63   0.01
1996-12-19T07:21:54.946     43.03   -202.40   -399.66    450.05   5.76  -2.63   0.01
1996-12-19T07:21:55.280     45.27   -201.80   -397.94    448.48   5.76  -2.63   0.01
1996-12-19T07:21:55.613     44.83   -203.40   -400.26    451.21   5.76  -2.64   0.01
1996-12-19T07:21:55.946     46.32   -199.41   -399.80    449.17   5.76  -2.64   0.01
1996-12-19T07:21:56.280     44.87   -202.47   -398.79    449.49   5.76  -2.64   0.01
1996-12-19T07:21:56.613     45.85   -201.25   -398.76    449.01   5.76  -2.64   0.01
1996-12-19T07:21:56.946     44.01   -202.34   -400.25    450.64   5.76  -2.64   0.01
1996-12-19T07:21:57.280     44.63   -202.46   -399.88    450.43   5.76  -2.64   0.01
1996-12-19T07:21:57.613     42.84   -201.78   -400.67    450.65   5.77  -2.64   0.01
1996-12-19T07:21:57.946     43.14   -203.40   -399.75    450.59   5.77  -2.64   0.01
1996-12-19T07:21:58.280     41.51   -201.26   -398.70    448.54   5.77  -2.64   0.01
1996-12-19T07:21:58.613     45.02   -203.12   -398.49    449.53   5.77  -2.64   0.01
1996-12-19T07:21:58.946     45.55   -200.79   -398.47    448.52   5.77  -2.64   0.01
1996-12-19T07:21:59.280     43.62   -201.76   -402.72    452.54   5.77  -2.64   0.01
1996-12-19T07:21:59.613     41.12   -202.64   -399.84    450.14   5.77  -2.64   0.01
1996-12-19T07:21:59.946     44.59   -201.59   -402.03    451.95   5.77  -2.64   0.01
1996-12-19T07:22:00.280     40.53   -203.62   -398.62    449.44   5.77  -2.65   0.01
1996-12-19T07:22:00.613     41.53   -204.05   -401.02    451.86   5.77  -2.65   0.01
1996-12-19T07:22:00.946     40.21   -199.60   -401.96    450.59   5.77  -2.65   0.01
1996-12-19T07:22:01.280     44.53   -203.48   -399.85    450.85   5.78  -2.65   0.01
1996-12-19T07:22:01.613     41.83   -202.98   -402.16    452.42   5.78  -2.65   0.01
1996-12-19T07:22:01.946     42.90   -200.12   -402.78    451.79   5.78  -2.65   0.01
1996-12-19T07:22:02.280     42.67   -202.40   -401.15    451.34   5.78  -2.65   0.01
1996-12-19T07:22:02.613     42.47   -203.60   -400.25    451.06   5.78  -2.65   0.01
1996-12-19T07:22:02.946     36.41   -200.99   -399.66    448.83   5.78  -2.65   0.01
1996-12-19T07:22:03.280     42.37   -203.21   -398.87    449.65   5.78  -2.65   0.01
1996-12-19T07:22:03.613     44.33   -201.04   -400.98    450.74   5.78  -2.65   0.01
1996-12-19T07:22:03.946     42.19   -200.68   -402.36    451.60   5.78  -2.65   0.01
1996-12-19T07:22:04.280     41.59   -201.75   -400.59    450.45   5.78  -2.65   0.01
1996-12-19T07:22:04.613     40.66   -202.09   -399.50    449.55   5.78  -2.66   0.01
1996-12-19T07:22:04.946     43.71   -203.61   -400.12    451.07   5.79  -2.66   0.01
1996-12-19T07:22:05.280     41.46   -201.86   -400.80    450.68   5.79  -2.66   0.01
1996-12-19T07:22:05.613     41.61   -203.71   -401.25    451.92   5.79  -2.66   0.01
1996-12-19T07:22:05.946     40.49   -201.62   -399.61    449.42   5.79  -2.66   0.01
1996-12-19T07:22:06.280     41.62   -202.21   -399.46    449.66   5.79  -2.66   0.01
1996-12-19T07:22:06.613     43.05   -205.90   -400.34    452.24   5.79  -2.66   0.01
1996-12-19T07:22:06.946     43.63   -202.86   -399.17    449.88   5.79  -2.66   0.01
1996-12-19T07:22:07.280     44.79   -202.55   -402.11    452.46   5.79  -2.66   0.01
1996-12-19T07:22:07.613     44.62   -200.86   -400.55    450.31   5.79  -2.66   0.01
1996-12-19T07:22:07.946     43.48   -203.80   -400.69    451.64   5.79  -2.66   0.01
1996-12-19T07:22:08.280     40.84   -203.37   -400.72    451.22   5.80  -2.66   0.01
1996-12-19T07:22:08.613     42.27   -201.96   -400.90    450.89   5.80  -2.66   0.01
1996-12-19T07:22:08.946     45.45   -204.90   -398.45    450.35   5.80  -2.66   0.01
1996-12-19T07:22:09.280     43.20   -202.08   -400.10    450.32   5.80  -2.67   0.01
1996-12-19T07:22:09.613     43.81   -202.14   -400.28    450.56   5.80  -2.67   0.01
1996-12-19T07:22:09.946     46.69   -202.76   -400.90    451.67   5.80  -2.67   0.01
1996-12-19T07:22:10.280     43.08   -199.80   -401.49    450.52   5.80  -2.67   0.01
1996-12-19T07:22:10.613     40.71   -201.99   -400.41    450.32   5.80  -2.67   0.01
1996-12-19T07:22:10.946     43.12   -202.49   -398.96    449.48   5.80  -2.67   0.01
1996-12-19T07:22:11.280     42.25   -202.52   -401.48    451.64   5.80  -2.67   0.01
1996-12-19T07:22:11.613     43.51   -203.46   -403.09    453.63   5.80  -2.67   0.01
1996-12-19T07:22:11.946     46.06   -204.09   -397.61    449.30   5.81  -2.67   0.01
1996-12-19T07:22:12.280     46.28   -201.91   -398.50    449.12   5.81  -2.67   0.01
1996-12-19T07:22:12.613     39.92   -201.10   -399.33    448.88   5.81  -2.67   0.01
1996-12-19T07:22:12.946     43.64   -202.31   -398.65    449.17   5.81  -2.67   0.01
1996-12-19T07:22:13.280     43.12   -206.05   -399.49    451.57   5.81  -2.67   0.01
1996-12-19T07:22:13.613     43.46   -201.77   -399.18    449.39   5.81  -2.67   0.01
1996-12-19T07:22:13.946     42.63   -202.20   -400.00    450.22   5.81  -2.68   0.01
1996-12-19T07:22:14.280     46.95   -201.87   -398.17    448.88   5.81  -2.68   0.01
1996-12-19T07:22:14.613     45.91   -201.16   -400.32    450.36   5.81  -2.68   0.01
1996-12-19T07:22:14.946     45.40   -200.73   -398.07    448.12   5.81  -2.68   0.01
1996-12-19T07:22:15.280     44.53   -201.52   -399.28    449.46   5.81  -2.68   0.01
1996-12-19T07:22:15.613     42.47   -201.20   -398.16    448.13   5.82  -2.68   0.01
1996-12-19T07:22:15.946     44.39   -200.90   -399.47    449.34   5.82  -2.68   0.01
1996-12-19T07:22:16.280     44.42   -200.74   -399.51    449.30   5.82  -2.68   0.01
1996-12-19T07:22:16.613     44.72   -203.50   -399.54    450.61   5.82  -2.68   0.01
1996-12-19T07:22:16.946     41.78   -204.10   -400.08    451.07   5.82  -2.68   0.01
1996-12-19T07:22:17.280     44.58   -202.53   -396.09    447.10   5.82  -2.68   0.01
1996-12-19T07:22:17.613     45.99   -203.03   -399.99    450.92   5.82  -2.68   0.01
1996-12-19T07:22:17.946     44.97   -200.43   -400.99    450.54   5.82  -2.68   0.01
1996-12-19T07:22:18.280     43.01   -203.39   -399.83    450.65   5.82  -2.68   0.01
1996-12-19T07:22:18.613     40.93   -206.08   -399.93    451.76   5.82  -2.69   0.01
1996-12-19T07:22:18.946     44.46   -202.64   -400.56    451.09   5.82  -2.69   0.01
1996-12-19T07:22:19.280     43.43   -203.92   -399.50    450.63   5.83  -2.69   0.01
1996-12-19T07:22:19.613     42.92   -204.22   -403.33    454.12   5.83  -2.69   0.01
1996-12-19T07:22:19.946     45.27   -201.20   -401.61    451.47   5.83  -2.69   0.01
1996-12-19T07:22:20.280     43.18   -202.44   -400.19    450.55   5.83  -2.69   0.01
1996-12-19T07:22:20.613     41.04   -202.71   -399.69    450.03   5.83  -2.69   0.01
1996-12-19T07:22:20.946     44.52   -202.44   -399.95    450.47   5.83  -2.69   0.01
1996-12-19T07:22:21.280     40.61   -203.14   -399.53    450.04   5.83  -2.69   0.01
1996-12-19T07:22:21.613     41.66   -201.62   -398.17    448.25   5.83  -2.69   0.01
1996-12-19T07:22:21.946     40.97   -201.02   -399.31    448.93   5.83  -2.69   0.01
1996-12-19T07:22:22.280     43.91   -203.48   -400.87    451.70   5.83  -2.69   0.01
1996-12-19T07:22:22.613     44.04   -201.99   -399.90    450.18   5.83  -2.69   0.01
1996-12-19T07:22:22.946     42.61   -202.44   -399.87    450.21   5.84  -2.70   0.01
1996-12-19T07:22:23.280     41.32   -202.12   -400.27    450.30   5.84  -2.70   0.01
1996-12-19T07:22:23.613     40.48   -202.39   -398.50    448.78   5.84  -2.70   0.01
1996-12-19T07:22:23.946     40.93   -199.69   -399.44    448.45   5.84  -2.70   0.01
1996-12-19T07:22:24.280     40.98   -202.48   -400.39    450.54   5.84  -2.70   0.01
1996-12-19T07:22:24.613     41.77   -204.31   -399.87    450.98   5.84  -2.70   0.01
1996-12-19T07:22:24.946     41.10   -201.13   -397.07    447.00   5.84  -2.70   0.01
1996-12-19T07:22:25.280     41.96   -203.21   -398.21    449.03   5.84  -2.70   0.01
1996-12-19T07:22:25.613     43.06   -203.66   -395.50    446.94   5.84  -2.70   0.01
1996-12-19T07:22:25.946     43.55   -200.72   -398.54    448.35   5.84  -2.70   0.01
1996-12-19T07:22:26.280     45.22   -202.26   -399.80    450.33   5.85  -2.70   0.01
1996-12-19T07:22:26.613     41.59   -201.77   -401.44    451.21   5.85  -2.70   0.01
1996-12-19T07:22:26.946     38.77   -203.12   -398.33    448.81   5.85  -2.70   0.01
1996-12-19T07:22:27.280     40.94   -203.31   -398.40    449.15   5.85  -2.70   0.01
1996-12-19T07:22:27.613     42.63   -201.01   -400.77    450.38   5.85  -2.71   0.01
1996-12-19T07:22:27.946     40.11   -201.32   -397.31    447.21   5.85  -2.71   0.01
1996-12-19T07:22:28.280     41.86   -202.60   -401.30    451.49   5.85  -2.71   0.01
1996-12-19T07:22:28.613     44.66   -202.77   -399.77    450.47   5.85  -2.71   0.01
1996-12-19T07:22:28.946     42.22   -202.75   -400.52    450.90   5.85  -2.71   0.01
1996-12-19T07:22:29.280     42.95   -200.62   -401.29    450.70   5.85  -2.71   0.01
1996-12-19T07:22:29.613     40.88   -203.99   -398.99    449.97   5.85  -2.71   0.01
1996-12-19T07:22:29.946     45.66   -203.82   -398.47    449.90   5.86  -2.71   0.01
1996-12-19T07:22:30.280     42.76   -201.88   -402.96    452.73   5.86  -2.71   0.01
1996-12-19T07:22:30.613     43.92   -202.32   -399.04    449.55   5.86  -2.71   0.01
1996-12-19T07:22:30.946     47.05   -203.11   -399.28    450.43   5.86  -2.71   0.01
1996-12-19T07:22:31.280     42.48   -202.93   -397.57    448.38   5.86  -2.71   0.01
1996-12-19T07:22:31.613     40.96   -204.91   -401.32    452.47   5.86  -2.71   0.01
1996-12-19T07:22:31.946     43.00   -203.90   -399.12    450.25   5.86  -2.71   0.01
1996-12-19T07:22:32.280     41.34   -205.29   -399.85    451.37   5.86  -2.72   0.01
1996-12-19T07:22:32.613     44.80   -200.76   -401.67    451.27   5.86  -2.72   0.01
1996-12-19T07:22:32.946     46.12   -199.95   -400.47    449.98   5.86  -2.72   0.01
1996-12-19T07:22:33.280     45.38   -200.90   -397.28    447.50   5.86  -2.72   0.01
1996-12-19T07:22:33.613     43.84   -201.05   -398.23    448.26   5.87  -2.72   0.01
1996-12-19T07:22:33.946     43.09   -201.78   -397.89    448.20   5.87  -2.72   0.01
1996-12-19T07:22:34.280     44.88   -202.82   -400.95    451.56   5.87  -2.72   0.01
1996-12-19T07:22:34.613     45.29   -200.32   -398.57    448.37   5.87  -2.72   0.01
1996-12-19T07:22:34.946     46.61   -202.22   -401.11    451.61   5.87  -2.72   0.01
1996-12-19T07:22:35.280     43.82   -201.51   -400.38    450.37   5.87  -2.72   0.01
1996-12-19T07:22:35.613     43.01   -205.37   -397.52    449.50   5.87  -2.72   0.01
1996-12-19T07:22:35.946     39.07   -202.56   -400.95    450.91   5.87  -2.72   0.01
1996-12-19T07:22:36.280     43.08   -201.75   -398.74    448.95   5.87  -2.72   0.01
1996-12-19T07:22:36.613     46.89   -202.72   -400.13    450.99   5.87  -2.73   0.01
1996-12-19T07:22:36.946     45.04   -204.04   -403.12    454.05   5.87  -2.73   0.01
1996-12-19T07:22:37.280     42.12   -202.53   -398.18    448.70   5.88  -2.73   0.01
1996-12-19T07:22:37.613     43.47   -204.37   -399.22    450.60   5.88  -2.73   0.01
1996-12-19T07:22:37.946     42.57   -202.29   -399.90    450.18   5.88  -2.73   0.01
1996-12-19T07:22:38.280     42.46   -203.02   -398.60    449.34   5.88  -2.73   0.01
1996-12-19T07:22:38.613     41.77   -202.87   -399.33    449.85   5.88  -2.73   0.01
1996-12-19T07:22:38.946     45.26   -203.32   -402.09    452.84   5.88  -2.73   0.01
1996-12-19T07:22:39.280     43.08   -204.74   -396.86    448.63   5.88  -2.73   0.01
1996-12-19T07:22:39.613     41.56   -201.17   -401.26    450.79   5.88  -2.73   0.01
1996-12-19T07:22:39.946     44.69   -202.25   -400.34    450.75   5.88  -2.73   0.01
1996-12-19T07:22:40.280     42.94   -199.63   -401.57    450.51   5.88  -2.73   0.01
1996-12-19T07:22:40.613     40.99   -202.26   -399.92    450.03   5.88  -2.73   0.01
1996-12-19T07:22:40.946     42.40   -201.62   -399.83    449.80   5.89  -2.73   0.01
1996-12-19T07:22:41.280     40.63   -202.03   -397.69    447.91   5.89  -2.74   0.01
1996-12-19T07:22:41.613     43.90   -204.50   -398.18    449.77   5.89  -2.74   0.01
1996-12-19T07:22:41.946     41.96   -200.39   -396.74    446.45   5.89  -2.74   0.01
1996-12-19T07:22:42.280     40.97   -201.14   -395.89    445.94   5.89  -2.74   0.01
1996-12-19T07:22:42.613     40.08   -201.15   -397.47    447.26   5.89  -2.74   0.01
1996-12-19T07:22:42.946     41.40   -204.03   -400.50    451.38   5.89  -2.74   0.01
1996-12-19T07:22:43.280     41.14   -204.04   -400.57    451.42   5.89  -2.74   0.01
1996-12-19T07:22:43.613     41.20   -200.43   -398.73    448.16   5.89  -2.74   0.01
1996-12-19T07:22:43.946     41.57   -203.23   -397.45    448.33   5.89  -2.74   0.01
1996-12-19T07:22:44.280     42.07   -202.64   -399.35    449.79   5.89  -2.74   0.01
1996-12-19T07:22:44.613     43.06   -202.84   -399.59    450.19   5.90  -2.74   0.01
1996-12-19T07:22:44.946     43.74   -203.15   -401.89    452.44   5.90  -2.74   0.01
1996-12-19T07:22:45.280     43.94   -201.09   -399.02    448.98   5.90  -2.74   0.01
1996-12-19T07:22:45.613     40.11   -204.04   -399.45    450.34   5.90  -2.74   0.01
1996-12-19T07:22:45.946     41.54   -203.19   -396.88    447.80   5.90  -2.75   0.01
1996-12-19T07:22:46.280     40.27   -204.36   -399.27    450.33   5.90  -2.75   0.01
1996-12-19T07:22:46.613     42.73   -202.65   -400.16    450.58   5.90  -2.75   0.01
1996-12-19T07:22:46.946     41.65   -202.42   -398.79    449.16   5.90  -2.75   0.01
1996-12-19T07:22:47.280     42.56   -201.67   -399.33    449.38   5.90  -2.75   0.01
1996-12-19T07:22:47.613     45.23   -201.81   -402.29    452.34   5.90  -2.75   0.01
1996-12-19T07:22:47.946     45.43   -201.63   -399.76    450.03   5.91  -2.75   0.01
1996-12-19T07:22:48.280     42.07   -204.06   -400.59    451.54   5.91  -2.75   0.01
1996-12-19T07:22:48.613     43.62   -201.19   -401.54    451.24   5.91  -2.75   0.01
1996-12-19T07:22:48.946     41.79   -201.40   -398.46    448.42   5.91  -2.75   0.01
1996-12-19T07:22:49.280     43.17   -202.32   -400.69    450.95   5.91  -2.75   0.01
1996-12-19T07:22:49.613     44.68   -202.55   -397.81    448.64   5.91  -2.75   0.01
1996-12-19T07:22:49.946     46.90   -202.05   -396.34    447.34   5.91  -2.75   0.01
1996-12-19T07:22:50.280     44.33   -201.48   -399.27    449.42   5.91  -2.75   0.01
1996-12-19T07:22:50.613     37.89   -203.04   -399.54    449.77   5.91  -2.76   0.01
1996-12-19T07:22:50.946     43.15   -202.99   -395.93    447.02   5.91  -2.76   0.01
1996-12-19T07:22:51.280     44.71   -202.72   -398.94    449.72   5.91  -2.76   0.01
1996-12-19T07:22:51.613     44.61   -203.44   -400.03    451.00   5.92  -2.76   0.01
1996-12-19T07:22:51.946     45.57   -201.27   -399.81    449.93   5.92  -2.76   0.01
1996-12-19T07:22:52.280     43.84   -202.53   -398.17    448.87   5.92  -2.76   0.01
1996-12-19T07:22:52.613     44.92   -203.72   -397.51    448.92   5.92  -2.76   0.01
1996-12-19T07:22:52.946     45.92   -203.51   -397.13    448.60   5.92  -2.76   0.01
1996-12-19T07:22:53.280     44.80   -202.19   -396.22    447.08   5.92  -2.76   0.01
1996-12-19T07:22:53.613     44.22   -201.34   -398.85    448.97   5.92  -2.76   0.01
1996-12-19T07:22:53.946     44.80   -201.27   -397.63    447.91   5.92  -2.76   0.01
1996-12-19T07:22:54.280     41.98   -205.56   -398.83    450.65   5.92  -2.76   0.01
1996-12-19T07:22:54.613     43.58   -202.06   -399.84    450.11   5.92  -2.76   0.01
1996-12-19T07:22:54.946     41.66   -201.31   -397.74    447.73   5.92  -2.77   0.01
1996-12-19T07:22:55.280     43.71   -202.33   -400.38    450.73   5.93  -2.77   0.01
1996-12-19T07:22:55.613     45.32   -203.08   -400.75    451.55   5.93  -2.77   0.01
1996-12-19T07:22:55.946     43.93   -202.53   -400.26    450.73   5.93  -2.77   0.01
1996-12-19T07:22:56.280     42.10   -203.07   -400.67    451.16   5.93  -2.77   0.01
1996-12-19T07:22:56.613     46.47   -202.01   -399.58    450.15   5.93  -2.77   0.01
1996-12-19T07:22:56.946     42.68   -201.91   -397.67    448.03   5.93  -2.77   0.01
1996-12-19T07:22:57.280     41.70   -202.77   -400.14    450.52   5.93  -2.77   0.01
1996-12-19T07:22:57.613     41.40   -201.88   -400.00    449.97   5.93  -2.77   0.01
1996-12-19T07:22:57.946     44.88   -202.64   -399.45    450.15   5.93  -2.77   0.01
1996-12-19T07:22:58.280     42.27   -203.42   -399.09    449.93   5.93  -2.77   0.01
1996-12-19T07:22:58.613     43.24   -203.53   -400.11    450.98   5.93  -2.77   0.01
1996-12-19T07:22:58.946     43.10   -202.33   -399.44    449.83   5.94  -2.77   0.01
1996-12-19T07:22:59.280     41.80   -202.80   -399.16    449.67   5.94  -2.77   0.01
1996-12-19T07:22:59.613     40.28   -200.32   -398.41    447.75   5.94  -2.78   0.01
1996-12-19T07:22:59.946     42.35   -200.56   -397.39    447.15   5.94  -2.78   0.01
1996-12-19T07:23:00.280     44.15   -201.23   -399.26    449.28   5.94  -2.78   0.01
1996-12-19T07:23:00.613     43.16   -201.69   -398.41    448.63   5.94  -2.78   0.01
1996-12-19T07:23:00.946     41.15   -200.40   -398.56    448.00   5.94  -2.78   0.01
1996-12-19T07:23:01.280     39.76   -197.92   -397.79    446.09   5.94  -2.78   0.01
1996-12-19T07:23:01.613     41.92   -200.56   -397.36    447.08   5.94  -2.78   0.01
1996-12-19T07:23:01.946     41.25   -202.21   -395.63    446.23   5.94  -2.78   0.01
1996-12-19T07:23:02.280     40.94   -202.42   -400.10    450.26   5.94  -2.78   0.01
1996-12-19T07:23:02.613     42.59   -202.19   -399.17    449.48   5.95  -2.78   0.01
1996-12-19T07:23:02.946     41.42   -201.87   -399.22    449.27   5.95  -2.78   0.01
1996-12-19T07:23:03.280     41.90   -200.40   -398.54    448.05   5.95  -2.78   0.01
1996-12-19T07:23:03.613     43.56   -204.23   -399.48    450.76   5.95  -2.78   0.01
1996-12-19T07:23:55.946     41.31   -195.30   -402.68    449.45   6.09  -2.90   0.02
1996-12-19T07:23:56.280     41.62   -196.38   -402.31    449.61   6.09  -2.90   0.02
1996-12-19T07:23:56.613     37.02   -202.61   -400.23    450.12   6.10  -2.90   0.02
1996-12-19T07:23:56.946     41.00   -201.59   -396.72    446.88   6.10  -2.90   0.02
1996-12-19T07:23:57.280     43.42   -202.72   -397.41    448.23   6.10  -2.90   0.02
1996-12-19T07:23:57.613     43.24   -201.51   -397.16    447.45   6.10  -2.90   0.02
1996-12-19T07:23:57.946     42.12   -202.88   -397.76    448.49   6.10  -2.90   0.02
1996-12-19T07:23:58.280     41.13   -203.39   -399.09    449.81   6.10  -2.90   0.02
1996-12-19T07:23:58.613     40.57   -204.47   -398.56    449.78   6.10  -2.90   0.02
1996-12-19T07:23:58.946     39.61   -203.98   -395.98    447.19   6.10  -2.91   0.02
1996-12-19T07:23:59.280     39.54   -201.70   -397.10    447.14   6.10  -2.91   0.02
1996-12-19T07:23:59.613     39.32   -202.74   -397.82    448.23   6.10  -2.91   0.02
1996-12-19T07:23:59.946     40.27   -202.80   -398.22    448.69   6.10  -2.91   0.02
1996-12-19T07:24:00.280     41.49   -205.36   -398.00    449.78   6.11  -2.91   0.02
1996-12-19T07:24:00.613     42.07   -202.56   -396.99    447.66   6.11  -2.91   0.02
1996-12-19T07:24:00.946     43.20   -202.03   -398.48    448.85   6.11  -2.91   0.02
1996-12-19T07:24:01.280     42.93   -200.82   -399.75    449.41   6.11  -2.91   0.02
1996-12-19T07:24:01.613     43.21   -203.15   -398.34    449.23   6.11  -2.91   0.02
1996-12-19T07:24:01.946     40.59   -202.82   -397.42    448.03   6.11  -2.91   0.02
1996-12-19T07:24:02.280     40.76   -203.32   -399.93    450.49   6.11  -2.91   0.02
1996-12-19T07:24:02.613     44.00   -204.61   -398.66    450.26   6.11  -2.91   0.02
1996-12-19T07:24:02.946     41.28   -203.91   -397.76    448.89   6.11  -2.91   0.02
1996-12-19T07:24:03.280     43.49   -202.01   -398.54    448.93   6.11  -2.91   0.02
1996-12-19T07:24:03.613     44.63   -202.14   -401.13    451.39   6.11  -2.92   0.02
1996-12-19T07:24:03.946     42.41   -204.90   -399.03    450.56   6.12  -2.92   0.02
1996-12-19T07:24:04.280     40.92   -204.29   -400.06    451.06   6.12  -2.92   0.02
1996-12-19T07:24:04.613     43.13   -204.09   -399.44    450.63   6.12  -2.92   0.02
1996-12-19T07:24:04.946     41.20   -201.92   -399.34    449.37   6.12  -2.92   0.02
1996-12-19T07:24:06.613     41.96   -202.37   -397.95    448.41   6.12  -2.92   0.02
1996-12-19T07:24:06.946     42.45   -201.56   -398.48    448.57   6.12  -2.92   0.02
1996-12-19T07:24:07.280     43.86   -201.66   -396.84    447.30   6.12  -2.92   0.02
1996-12-19T07:24:07.613     42.21   -202.50   -398.52    449.00   6.13  -2.92   0.02
1996-12-19T07:24:07.946     44.81   -200.79   -398.94    448.86   6.13  -2.92   0.02
1996-12-19T07:24:08.280     44.18   -199.90   -398.70    448.19   6.13  -2.93   0.02
1996-12-19T07:24:08.613     44.97   -203.00   -395.61    446.92   6.13  -2.93   0.02
1996-12-19T07:24:08.946     44.09   -203.58   -396.29    447.70   6.13  -2.93   0.02
1996-12-19T07:24:09.280     42.97   -201.83   -397.54    447.90   6.13  -2.93   0.02
1996-12-19T07:24:09.613     42.72   -203.67   -397.28    448.48   6.13  -2.93   0.02
1996-12-19T07:24:09.946     44.26   -202.75   -398.11    448.95   6.13  -2.93   0.02
1996-12-19T07:24:10.280     44.07   -199.54   -399.29    448.54   6.13  -2.93   0.02
1996-12-19T07:24:10.613     41.87   -200.96   -399.57    449.21   6.13  -2.93   0.02
1996-12-19T07:24:10.946     41.77   -202.34   -396.78    447.35   6.14  -2.93   0.02
1996-12-19T07:24:11.280     36.08   -201.08   -397.50    446.92   6.14  -2.93   0.02
1996-12-19T07:24:11.613     44.75   -201.58   -396.73    447.25   6.14  -2.93   0.02
1996-12-19T07:24:11.946     43.57   -202.07   -396.65    447.29   6.14  -2.93   0.02
1996-12-19T07:24:12.280     41.48   -203.66   -399.06    449.94   6.14  -2.93   0.02
1996-12-19T07:24:12.613     43.58   -201.10   -398.35    448.36   6.14  -2.94   0.02
1996-12-19T07:24:12.946     44.03   -201.66   -397.44    447.84   6.14  -2.94   0.02
1996-12-19T07:24:13.280     40.84   -201.18   -400.06    449.66   6.14  -2.94   0.02
1996-12-19T07:24:13.613     38.63   -201.24   -399.65    449.13   6.14  -2.94   0.02
1996-12-19T07:24:13.946     44.78   -203.49   -396.88    448.25   6.14  -2.94   0.02
1996-12-19T07:24:14.280     41.74   -200.80   -397.03    446.87   6.14  -2.94   0.02
1996-12-19T07:24:14.613     43.41   -202.05   -399.68    449.95   6.15  -2.94   0.02
1996-12-19T07:24:14.946     39.64   -200.21   -397.86    447.16   6.15  -2.94   0.02
1996-12-19T07:24:15.280     42.01   -201.40   -395.89    446.16   6.15  -2.94   0.02
1996-12-19T07:24:15.613     40.66   -203.73   -395.85    447.06   6.15  -2.94   0.02
1996-12-19T07:24:15.613     40.66   -203.73   -395.85    447.06   6.15  -2.94   0.02
